Query,Rank,Neighbor,Cosine,Error
biến,1.0,có_thể_biến_đổi,0.54648357629776,
biến,2.0,chuyển_hóa,0.5364052653312683,
biến,3.0,để_trở,0.5354644060134888,
biến,4.0,chuyển_hoá,0.5243473052978516,
nhà_thi_đấu,1.0,ntđ,0.7979837656021118,
nhà_thi_đấu,2.0,sân_vận_động,0.5682324767112732,
nhà_thi_đấu,3.0,quần_ngựa,0.556597888469696,
nhà_thi_đấu,4.0,trung_tâm_thể_thao,0.5388093590736389,
động,1.0,cửu,0.4706432521343231,
động,2.0,tiên,0.40123090147972107,
động,3.0,tể,0.3924185633659363,
động,4.0,nga_mi,0.38697344064712524,
khuyết,1.0,cháy_đen,0.42507117986679077,
khuyết,2.0,cắt_xén,0.40213334560394287,
khuyết,3.0,khiếm_khuyết,0.4009457230567932,
khuyết,4.0,biến_dạng,0.39878684282302856,
cõi_tục,,,,'Word not found in embeddings: cõi_tục'
thủ_pháp,1.0,kỹ_xảo,0.6097675561904907,
thủ_pháp,2.0,kĩ_xảo,0.5875483751296997,
thủ_pháp,3.0,lối_viết,0.5817046165466309,
thủ_pháp,4.0,chiêu_trò,0.538219690322876,
kết_duyên,1.0,kết_đôi,0.6245192289352417,
kết_duyên,2.0,sánh_đôi,0.5666274428367615,
kết_duyên,3.0,chung_sống,0.5398336052894592,
kết_duyên,4.0,kết_hôn,0.5311864018440247,
cấp_tiến,1.0,có_liên_quan,0.5106317400932312,
cấp_tiến,2.0,liên_quan,0.49234190583229065,
cấp_tiến,3.0,trờ,0.4840161204338074,
cấp_tiến,4.0,có_ảnh_hưởng_lớn,0.4530054032802582,
nước_lớn,1.0,cường_quốc,0.5603905320167542,
nước_lớn,2.0,nước_đồng_minh,0.4967975318431854,
nước_lớn,3.0,nước,0.4795381724834442,
nước_lớn,4.0,nuớc,0.46621906757354736,
hoa,1.0,hoa_đào,0.6495435833930969,
hoa,2.0,phong_lan,0.5854472517967224,
hoa,3.0,hồng,0.5752484202384949,
hoa,4.0,hoa_loa_kèn,0.5748019218444824,
bất_lợi,1.0,khó_khăn,0.6293016672134399,
bất_lợi,2.0,không_tốt,0.5701537728309631,
bất_lợi,3.0,gây_bất_lợi,0.5671212673187256,
bất_lợi,4.0,thiệt_thòi,0.5554015636444092,
phân_ly,1.0,lưỡng_cực,0.44917601346969604,
phân_ly,2.0,đối_xứng,0.42134109139442444,
phân_ly,3.0,tiến_hoá,0.4210026264190674,
phân_ly,4.0,hiệu_chỉnh,0.4072315990924835,
nói_lắp,1.0,thiểu_năng,0.4636472165584564,
nói_lắp,2.0,nhược,0.46048280596733093,
nói_lắp,3.0,bẩm_sinh,0.45763757824897766,
nói_lắp,4.0,nói_ngọng,0.45332157611846924,
vây_ép,,,,'Word not found in embeddings: vây_ép'
diễu_hành,1.0,tuần_hành,0.6438835859298706,
diễu_hành,2.0,duyệt_binh,0.5969268083572388,
diễu_hành,3.0,diễu_binh,0.5473364591598511,
diễu_hành,4.0,tổng_duyệt,0.5355390906333923,
cao_trào,1.0,đỉnh_điểm,0.5348029732704163,
cao_trào,2.0,đến_đỉnh_điểm,0.5188828706741333,
cao_trào,3.0,cực_điểm,0.4927288293838501,
cao_trào,4.0,gay_cấn,0.467280775308609,
thịnh,1.0,hải,0.7521635890007019,
thịnh,2.0,hùng,0.7238309383392334,
thịnh,3.0,tuấn,0.7203139662742615,
thịnh,4.0,huy,0.6904475092887878,
con_voi,1.0,voi,0.690291166305542,
con_voi,2.0,con_trâu,0.6631006002426147,
con_voi,3.0,con_trăn,0.6534138917922974,
con_voi,4.0,con_khỉ,0.6489710211753845,
cá_chuối,1.0,rừng_cấm,0.4425734877586365,
cá_chuối,2.0,capitol,0.4277535676956177,
cá_chuối,3.0,vịt_trời,0.4249841868877411,
cá_chuối,4.0,tận_diệt,0.4247763156890869,
đổ_bê_tông,1.0,bê_tông,0.6228052377700806,
đổ_bê_tông,2.0,đóng_cọc,0.5855185985565186,
đổ_bê_tông,3.0,bêtông,0.5799045562744141,
đổ_bê_tông,4.0,thi_công,0.5665625333786011,
con_đẻ,1.0,con_ruột,0.6417887806892395,
con_đẻ,2.0,con_riêng,0.537647008895874,
con_đẻ,3.0,con_lai,0.5063334107398987,
con_đẻ,4.0,con_ngoài_giá_thú,0.4920060634613037,
uỷ_nhiệm,1.0,ủy_nhiệm,0.8808318972587585,
uỷ_nhiệm,2.0,ủy_quyền,0.5029652714729309,
uỷ_nhiệm,3.0,uỷ_quyền,0.48091623187065125,
uỷ_nhiệm,4.0,sự_phê_duyệt,0.4478559195995331,
bay_lượn,1.0,nhào_lộn,0.5842154026031494,
bay_lượn,2.0,quần_thảo,0.5615440607070923,
bay_lượn,3.0,lượn,0.5527280569076538,
bay_lượn,4.0,không_trung,0.5506121516227722,
khêu_gợi,1.0,gợi_cảm,0.7326413989067078,
khêu_gợi,2.0,sexy,0.6567339301109314,
khêu_gợi,3.0,gợi_tình,0.6225258111953735,
khêu_gợi,4.0,lả_lơi,0.618450939655304,
thăng_bằng,1.0,sự_thăng_bằng,0.5721928477287292,
thăng_bằng,2.0,cương,0.5041336417198181,
thăng_bằng,3.0,sự_bình_tĩnh,0.4855509400367737,
thăng_bằng,4.0,sự_cân_bằng,0.4831792712211609,
chọn_lựa,1.0,lựa_chọn,0.8322831392288208,
chọn_lựa,2.0,chọn,0.7075111269950867,
chọn_lựa,3.0,việc_lựa_chọn,0.5793285369873047,
chọn_lựa,4.0,việc_chọn_lựa,0.5790557861328125,
có_ích,1.0,hữu_ích,0.6624094247817993,
có_ích,2.0,hữu_dụng,0.5505121946334839,
có_ích,3.0,có_hại,0.5375993251800537,
có_ích,4.0,giúp_ích,0.5336074233055115,
cứng_rắn,1.0,mềm_mỏng,0.7430838942527771,
cứng_rắn,2.0,mềm_dẻo,0.67567378282547,
cứng_rắn,3.0,mạnh_bạo,0.6631031632423401,
cứng_rắn,4.0,nghiêm_khắc,0.6609721183776855,
bội_nghĩa,,,,'Word not found in embeddings: bội_nghĩa'
lỗ_đen,1.0,hố_đen,0.7340683341026306,
lỗ_đen,2.0,thiên_thể,0.6743552088737488,
lỗ_đen,3.0,photon,0.6200421452522278,
lỗ_đen,4.0,hành_tinh,0.6082189679145813,
vùi,1.0,vùi_lấp,0.6703101396560669,
vùi,2.0,chôn_vùi,0.6632977724075317,
vùi,3.0,chìm,0.5383049249649048,
vùi,4.0,thiêu_cháy,0.5304444432258606,
tính_tình,1.0,tính_nết,0.726027250289917,
tính_tình,2.0,tính_khí,0.6878254413604736,
tính_tình,3.0,tính_cách,0.6514667868614197,
tính_tình,4.0,tâm_tính,0.6406444907188416,
mục_sư,1.0,linh_mục,0.6329124569892883,
mục_sư,2.0,giáo_sĩ,0.596404492855072,
mục_sư,3.0,tu_sĩ,0.5863270163536072,
mục_sư,4.0,tổng_giám_mục,0.5311546325683594,
cộng_đồng,1.0,cộng_động,0.6590593457221985,
cộng_đồng,2.0,tôn_giáo,0.47833573818206787,
cộng_đồng,3.0,phong_trào,0.46117597818374634,
cộng_đồng,4.0,ngành_công_nghiệp_giải_trí,0.45069000124931335,
rớ,1.0,bủa,0.5325753688812256,
rớ,2.0,bơi_xuồng,0.5090841054916382,
rớ,3.0,rỉa,0.4757767617702484,
rớ,4.0,bén_mảng,0.44783955812454224,
trả_đũa,1.0,đáp_trả,0.6889565587043762,
trả_đũa,2.0,trả_thù,0.6619839072227478,
trả_đũa,3.0,khiêu_khích,0.6135414242744446,
trả_đũa,4.0,dằn_mặt,0.5974341630935669,
tay_cầm,1.0,lăm_lăm,0.5798383355140686,
tay_cầm,2.0,lủng_lẳng,0.5538405179977417,
tay_cầm,3.0,cầm,0.5446906685829163,
tay_cầm,4.0,ghi_đông,0.5384107828140259,
liên_hệ,1.0,liên_hệ_với,0.5451294779777527,
liên_hệ,2.0,mối_liên_hệ,0.4965883493423462,
liên_hệ,3.0,liên_lạc,0.48963233828544617,
liên_hệ,4.0,có_thể_trao_đổi,0.48713672161102295,
mới_tinh,1.0,mới_nguyên,0.5869427919387817,
mới_tinh,2.0,100k,0.5262666940689087,
mới_tinh,3.0,zin,0.5136327743530273,
mới_tinh,4.0,200k,0.5119238495826721,
cột_trụ,1.0,bức_tường,0.5817283391952515,
cột_trụ,2.0,mái_vòm,0.5691748857498169,
cột_trụ,3.0,bệ_thờ,0.5403842926025391,
cột_trụ,4.0,phiến_đá,0.528281033039093,
họp_mặt,1.0,gặp_mặt,0.6508526802062988,
họp_mặt,2.0,buổi_họp_mặt,0.6129980683326721,
họp_mặt,3.0,gặp_gỡ,0.6001383066177368,
họp_mặt,4.0,tụ_họp,0.5988919734954834,
lộn_xộn,1.0,hỗn_loạn,0.698212742805481,
lộn_xộn,2.0,bát_nháo,0.6406673789024353,
lộn_xộn,3.0,nhếch_nhác,0.5985130071640015,
lộn_xộn,4.0,hỗn_độn,0.5949294567108154,
chủ_động,1.0,bị_động,0.5317193269729614,
chủ_động,2.0,thụ_động,0.477753609418869,
chủ_động,3.0,khôn_khéo,0.47082003951072693,
chủ_động,4.0,linh_động,0.4499415457248688,
vali,1.0,va_li,0.7833879590034485,
vali,2.0,valy,0.6733662486076355,
vali,3.0,balô,0.6589915156364441,
vali,4.0,va_ly,0.6292323470115662,
đơn_tiết,,,,'Word not found in embeddings: đơn_tiết'
ghen_tị,1.0,ghen_tỵ,0.8499537110328674,
ghen_tị,2.0,ganh_tị,0.7364596724510193,
ghen_tị,3.0,kính_nể,0.6997290253639221,
ghen_tị,4.0,nể_phục,0.6932590007781982,
ngả_nghiêng,1.0,nghiêng_ngả,0.6954658627510071,
ngả_nghiêng,2.0,ngộp_thở,0.5547143816947937,
ngả_nghiêng,3.0,mắt_tròn_mắt_dẹt,0.5399937033653259,
ngả_nghiêng,4.0,khiếp_vía,0.5352389812469482,
ngôn_ngữ_học,1.0,triết_học,0.6489911675453186,
ngôn_ngữ_học,2.0,toán_học,0.6420255303382874,
ngôn_ngữ_học,3.0,sử_học,0.5629420280456543,
ngôn_ngữ_học,4.0,công_nghệ_phần_mềm,0.5427073240280151,
vẹo,1.0,cận_thị,0.6177243590354919,
vẹo,2.0,tật_khúc_xạ,0.5171263217926025,
vẹo,3.0,dị_tật,0.4933028519153595,
vẹo,4.0,viễn_thị,0.4921947717666626,
thu_gom,1.0,thu_mua,0.6500321626663208,
thu_gom,2.0,gom,0.634071946144104,
thu_gom,3.0,mua_gom,0.5504567623138428,
thu_gom,4.0,thu_nhặt,0.5284803509712219,
quy_trình,1.0,qui_trình,0.8818297386169434,
quy_trình,2.0,trình_tự,0.6383894681930542,
quy_trình,3.0,chu_trình,0.5892330408096313,
quy_trình,4.0,quá_trình,0.5859571099281311,
thành_thị,1.0,ngoại_thành,0.47364965081214905,
thành_thị,2.0,tỉnh_lẻ,0.4504263401031494,
thành_thị,3.0,nghèo_khó,0.44950070977211,
thành_thị,4.0,đô_thị_hóa,0.44546863436698914,
nhảy_nhót,1.0,nhảy_múa,0.7497446537017822,
nhảy_nhót,2.0,lắc_lư,0.6320692896842957,
nhảy_nhót,3.0,hát_hò,0.6306385397911072,
nhảy_nhót,4.0,nhún_nhảy,0.6133280396461487,
ly_tâm,1.0,modul,0.4978383481502533,
ly_tâm,2.0,máy_ép,0.4711003005504608,
ly_tâm,3.0,thủy_lực,0.4698924720287323,
ly_tâm,4.0,cánh_quạt,0.4664941728115082,
cống,1.0,mương,0.680424153804779,
cống,2.0,hố_ga,0.6689755320549011,
cống,3.0,đường_ống,0.6561799049377441,
cống,4.0,ống_cống,0.6220523715019226,
còm,1.0,k.kiên,0.4059865176677704,
còm,2.0,lơ,0.40040838718414307,
còm,3.0,bèo_bọt,0.3963729739189148,
còm,4.0,tặc_lưỡi,0.3914703130722046,
bánh_răng,1.0,bánh_xe,0.6371853351593018,
bánh_răng,2.0,tụ_điện,0.6113774180412292,
bánh_răng,3.0,truyền_động,0.6026275753974915,
bánh_răng,4.0,má_phanh,0.5741558074951172,
nao_núng,1.0,run_sợ,0.6526534557342529,
nao_núng,2.0,nhụt_chí,0.6288765072822571,
nao_núng,3.0,nản_lòng,0.617857813835144,
nao_núng,4.0,phiền_lòng,0.5906813144683838,
bằng_hữu,1.0,chiến_hữu,0.4936743974685669,
bằng_hữu,2.0,ruột_thịt,0.4803970456123352,
bằng_hữu,3.0,bạn_bè,0.4716128706932068,
bằng_hữu,4.0,hội_nhóm,0.47080114483833313,
thân,1.0,hình_hộp,0.4566439986228943,
thân,2.0,thân_cây,0.4559172987937927,
thân,3.0,phần_đuôi,0.4528406262397766,
thân,4.0,ngọn_cây,0.4410044848918915,
bút_chì,1.0,thước_kẻ,0.6137922406196594,
bút_chì,2.0,bút_lông,0.6090847849845886,
bút_chì,3.0,chiếc_bút_chì,0.5862118005752563,
bút_chì,4.0,băng_dính,0.5682228207588196,
cổng,1.0,cửa_nhà,0.6156017780303955,
cổng,2.0,cửa,0.6147538423538208,
cổng,3.0,cửa_ra_vào,0.5052724480628967,
cổng,4.0,lối_vào,0.49307867884635925,
dị_bản,1.0,đoạn_trích,0.5546208620071411,
dị_bản,2.0,hình_ảnh_minh_hoạ,0.54666668176651,
dị_bản,3.0,bài_thơ,0.5457918643951416,
dị_bản,4.0,âm_tiết,0.5395997762680054,
nguây_nguẩy,,,,'Word not found in embeddings: nguây_nguẩy'
biên_nhận,1.0,giấy_biên_nhận,0.7816838026046753,
biên_nhận,2.0,giấy_uỷ_quyền,0.6429940462112427,
biên_nhận,3.0,biên_lai,0.6284946799278259,
biên_nhận,4.0,giấy_nợ,0.6100419759750366,
truy_cập,1.0,truy_nhập,0.7017208337783813,
truy_cập,2.0,đăng_nhập,0.6557359099388123,
truy_cập,3.0,download,0.5447272658348083,
truy_cập,4.0,xâm_nhập,0.5107986927032471,
chỉ_định,1.0,được_chỉ_định,0.6188609600067139,
chỉ_định,2.0,sự_chỉ_định,0.48117831349372864,
chỉ_định,3.0,kê_đơn,0.4444299042224884,
chỉ_định,4.0,luật_đấu,0.44268226623535156,
âm,1.0,có_âm,0.546781599521637,
âm,2.0,hiệu_điện_thế,0.4710025191307068,
âm,3.0,âm_tiết,0.4617733657360077,
âm,4.0,điện_tích,0.4508175253868103,
thăng_trầm,1.0,đắng_cay,0.5496059060096741,
thăng_trầm,2.0,trắc_trở,0.5337931513786316,
thăng_trầm,3.0,sóng_gió,0.5333094000816345,
thăng_trầm,4.0,truân_chuyên,0.5222626328468323,
thay_thế,1.0,thay_thế_cho,0.7833503484725952,
thay_thế,2.0,có_thể_thay_thế,0.6237878203392029,
thay_thế,3.0,thế_chỗ,0.6110125780105591,
thay_thế,4.0,phá_bỏ,0.5610933303833008,
ban_công,1.0,sân_thượng,0.6162088513374329,
ban_công,2.0,cửa_sổ,0.6073773503303528,
ban_công,3.0,bancông,0.6025667190551758,
ban_công,4.0,cầu_thang,0.5770814418792725,
dưới,1.0,nằm_dưới,0.5760053396224976,
dưới,2.0,duới,0.5412905812263489,
dưới,3.0,đặt_dưới,0.47869423031806946,
dưới,4.0,ngay_dưới,0.4765073359012604,
kháng_cự,1.0,fibonacci,0.6085853576660156,
kháng_cự,2.0,fibonacci_retracement,0.6057831645011902,
kháng_cự,3.0,trendline,0.5555163025856018,
kháng_cự,4.0,vn-index,0.547648549079895,
cầm,1.0,lăm_lăm,0.6017651557922363,
cầm,2.0,cầm_theo,0.589251697063446,
cầm,3.0,tay_cầm,0.5446906685829163,
cầm,4.0,nhặt,0.5336757898330688,
vế,1.0,mệnh_đề,0.5335390567779541,
vế,2.0,phần,0.4687963128089905,
vế,3.0,phạm_trù,0.4646756649017334,
vế,4.0,phụ_âm,0.4595126211643219,
vắng_lặng,1.0,vắng_ngắt,0.6636474132537842,
vắng_lặng,2.0,nhộn_nhịp,0.6491373777389526,
vắng_lặng,3.0,vắng_tanh,0.6345676779747009,
vắng_lặng,4.0,vắng_vẻ,0.6335354447364807,
xót_thương,1.0,thương_xót,0.79111248254776,
xót_thương,2.0,cảm_thương,0.7829030752182007,
xót_thương,3.0,thương_cảm,0.7631810307502747,
xót_thương,4.0,xót_xa,0.73333740234375,
găng_tay,1.0,bao_tay,0.7238308787345886,
găng_tay,2.0,dép,0.6149615049362183,
găng_tay,3.0,khẩu_trang,0.5670081973075867,
găng_tay,4.0,dép_lê,0.5574010014533997,
lộp_bộp,,,,'Word not found in embeddings: lộp_bộp'
sinh_vật_cảnh,1.0,cây_cảnh,0.6039656400680542,
sinh_vật_cảnh,2.0,cá_cảnh,0.5615836381912231,
sinh_vật_cảnh,3.0,cây_kiểng,0.5508869886398315,
sinh_vật_cảnh,4.0,kiểng,0.5435686111450195,
lặn,1.0,lặn_xuống,0.6300742030143738,
lặn,2.0,bơi,0.628964364528656,
lặn,3.0,đi_biển,0.5407589673995972,
lặn,4.0,thợ_lặn,0.5311967134475708,
bồ_bịch,1.0,lăng_nhăng,0.6550993919372559,
bồ_bịch,2.0,cặp_bồ,0.5901164412498474,
bồ_bịch,3.0,chơi_bời,0.5658189654350281,
bồ_bịch,4.0,gái_gú,0.5634382963180542,
bằng_chứng,1.0,chứng_cớ,0.7369661331176758,
bằng_chứng,2.0,chứng_cứ,0.7283479571342468,
bằng_chứng,3.0,cứ_liệu,0.6434159278869629,
bằng_chứng,4.0,dấu_hiệu,0.6087409257888794,
hạ_màn,1.0,kết_thúc,0.6245919466018677,
hạ_màn,2.0,khởi_tranh,0.6150041222572327,
hạ_màn,3.0,khai_màn,0.5805732011795044,
hạ_màn,4.0,khai_diễn,0.5448419451713562,
ca_tụng,1.0,tung_hô,0.7914358377456665,
ca_tụng,2.0,tán_dương,0.7446262836456299,
ca_tụng,3.0,ca_ngợi,0.744206428527832,
ca_tụng,4.0,tán_tụng,0.7283745408058167,
ngày,1.0,đêm_ngày,0.6701393127441406,
ngày,2.0,tối_ngày,0.6626095771789551,
ngày,3.0,hôm,0.5820179581642151,
ngày,4.0,bản_tin_chiều,0.5536218881607056,
lan_can,1.0,cầu_thang,0.5867542624473572,
lan_can,2.0,tầng_hai,0.5669229626655579,
lan_can,3.0,cầu_thang_máy,0.5656717419624329,
lan_can,4.0,cửa_thoát_hiểm,0.5528913140296936,
trở_lại,1.0,quay_trở_lại,0.7407717108726501,
trở_lại,2.0,trở_lại_với,0.6561528444290161,
trở_lại,3.0,trở_về,0.5817378163337708,
trở_lại,4.0,quay_trở_về,0.5605629086494446,
nhạc_nhẹ,1.0,thính_phòng,0.712708592414856,
nhạc_nhẹ,2.0,nhạc_thính_phòng,0.7096317410469055,
nhạc_nhẹ,3.0,nhạc_dân_gian,0.7052653431892395,
nhạc_nhẹ,4.0,nhạc_dân_ca,0.6308055520057678,
tự_do,1.0,chợ_đen,0.5179007053375244,
tự_do,2.0,quyền_tự_do,0.5059272050857544,
tự_do,3.0,sự_tự_do,0.4907871186733246,
tự_do,4.0,thoải_mái,0.4348617196083069,
hợp_nhất,1.0,sáp_nhập,0.5428685545921326,
hợp_nhất,2.0,sát_nhập,0.5409703850746155,
hợp_nhất,3.0,chia_tách,0.5366905927658081,
hợp_nhất,4.0,công_ty_mẹ,0.5130278468132019,
hoàng_tộc,1.0,dòng_dõi,0.6559092998504639,
hoàng_tộc,2.0,quý_tộc,0.6356227397918701,
hoàng_tộc,3.0,dòng_tộc,0.6349856853485107,
hoàng_tộc,4.0,quyền_quý,0.5949881076812744,
đầu_mối,1.0,đại_lý,0.49908649921417236,
đầu_mối,2.0,đại_lý_bán_lẻ,0.44588690996170044,
đầu_mối,3.0,mối_hàng,0.44489237666130066,
đầu_mối,4.0,đầu_nậu,0.4345378279685974,
tinh_luyện,1.0,tinh_chế,0.6940475702285767,
tinh_luyện,2.0,biodiesel,0.5082427263259888,
tinh_luyện,3.0,điện_phân,0.4807699918746948,
tinh_luyện,4.0,chế_biến,0.4673881530761719,
bí_hiểm,1.0,bí_ẩn,0.7269960641860962,
bí_hiểm,2.0,kì_lạ,0.6623225808143616,
bí_hiểm,3.0,kỳ_lạ,0.654043436050415,
bí_hiểm,4.0,kỳ_bí,0.6464728713035583,
chung_tình,1.0,chung_thủy,0.6537026762962341,
chung_tình,2.0,chung_thuỷ,0.6024324893951416,
chung_tình,3.0,thủy_chung,0.5623827576637268,
chung_tình,4.0,thuỷ_chung,0.5615496039390564,
bàn_cãi,1.0,chối_cãi,0.4961579442024231,
bàn_cãi,2.0,kể_đến,0.49403783679008484,
bàn_cãi,3.0,lăn_tăn,0.47334831953048706,
bàn_cãi,4.0,ngoại_lệ,0.45097601413726807,
nhảy_cao,1.0,nhảy_xa,0.692194938659668,
nhảy_cao,2.0,nhảy_sào,0.6718621850013733,
nhảy_cao,3.0,nguyễn_duy_bằng,0.6554315686225891,
nhảy_cao,4.0,110m,0.6119897365570068,
bánh_hỏi,,,,'Word not found in embeddings: bánh_hỏi'
tiếng_chuông,1.0,chuông,0.5357932448387146,
tiếng_chuông,2.0,tiếng_gõ,0.5295236110687256,
tiếng_chuông,3.0,tiếng_trống,0.5240442752838135,
tiếng_chuông,4.0,báo_thức,0.49277812242507935,
tha_thẩn,1.0,thơ_thẩn,0.6520562171936035,
tha_thẩn,2.0,lon_ton,0.5627318620681763,
tha_thẩn,3.0,ngồi_bệt,0.5332499146461487,
tha_thẩn,4.0,nô_đùa,0.5289773941040039,
phôi_bào,,,,'Word not found in embeddings: phôi_bào'
thuyền,1.0,thuyền_nhỏ,0.7852145433425903,
thuyền,2.0,ghe,0.7528250217437744,
thuyền,3.0,thuyền_thúng,0.7160541415214539,
thuyền,4.0,ca_nô,0.7106842398643494,
nấp,1.0,ẩn_nấp,0.6309069991111755,
nấp,2.0,ẩn_mình,0.5684475898742676,
nấp,3.0,nép,0.5628421306610107,
nấp,4.0,lấp_ló,0.5616271495819092,
cất,1.0,nhét,0.5122965574264526,
cất,2.0,gói_ghém,0.4950437545776367,
cất,3.0,cất_giữ,0.48799118399620056,
cất,4.0,cất_giấu,0.48765552043914795,
đặt,1.0,đặt_thêm,0.6362382173538208,
đặt,2.0,đặt_lại,0.6008828282356262,
đặt,3.0,đặt_vị_trí,0.5886292457580566,
đặt,4.0,đặt_ra,0.5845832824707031,
chỉnh_hình,1.0,tuấn_nguyễn,0.4936959743499756,
chỉnh_hình,2.0,vi_phẫu,0.45636940002441406,
chỉnh_hình,3.0,viện_nhi,0.4545993506908417,
chỉnh_hình,4.0,phẫu_thuật_tạo_hình,0.43989992141723633,
tẩy,1.0,tẩy_sạch,0.5781919360160828,
tẩy,2.0,tẩy_đi,0.5677883625030518,
tẩy,3.0,tẩy_trắng,0.5629618763923645,
tẩy,4.0,wax,0.5580099821090698,
cây_trồng,1.0,cây_ăn_quả,0.6866451501846313,
cây_trồng,2.0,cây_lúa,0.6375223398208618,
cây_trồng,3.0,lúa,0.6224520206451416,
cây_trồng,4.0,gieo_trồng,0.6142243146896362,
màng_tế_bào,1.0,enzyme,0.6797165274620056,
màng_tế_bào,2.0,enzym,0.6710463166236877,
màng_tế_bào,3.0,lớp_màng,0.6519867181777954,
màng_tế_bào,4.0,tế_bào,0.6449688673019409,
ngót_nghét,1.0,ngót,0.6852388381958008,
ngót_nghét,2.0,tròm_trèm,0.6488808989524841,
ngót_nghét,3.0,trên_dưới,0.5545366406440735,
ngót_nghét,4.0,sơ_sơ,0.50929856300354,
biến_động,1.0,sự_biến_động,0.8204872608184814,
biến_động,2.0,trồi_sụt,0.6451002359390259,
biến_động,3.0,nhiều_biến_động,0.6250837445259094,
biến_động,4.0,biến_chuyển,0.6174582242965698,
khuyết_điểm,1.0,thiếu_sót,0.6726354956626892,
khuyết_điểm,2.0,nhược_điểm,0.6319108009338379,
khuyết_điểm,3.0,yếu_điểm,0.5868820548057556,
khuyết_điểm,4.0,khiếm_khuyết,0.5824154615402222,
nhạo_báng,1.0,chế_nhạo,0.7377010583877563,
nhạo_báng,2.0,đả_kích,0.7154775857925415,
nhạo_báng,3.0,chế_giễu,0.71443110704422,
nhạo_báng,4.0,miệt_thị,0.6613762974739075,
hại,1.0,tổn_hại,0.5376812219619751,
hại,2.0,xâm_hại,0.5237923860549927,
hại,3.0,liên_lụy,0.502012312412262,
hại,4.0,vu_oan,0.49873843789100647,
bướu_cổ,1.0,u_xơ,0.6060758829116821,
bướu_cổ,2.0,động_kinh,0.6014609932899475,
bướu_cổ,3.0,dị_tật_bẩm_sinh,0.5984588861465454,
bướu_cổ,4.0,cận_thị,0.5720887184143066,
cây_thuốc,1.0,dược_liệu,0.6988604664802551,
cây_thuốc,2.0,thảo_dược,0.6058324575424194,
cây_thuốc,3.0,thuốc_nam,0.576819896697998,
cây_thuốc,4.0,sâm_ngọc_linh,0.5427872538566589,
tinh_lọc,1.0,điện_phân,0.5443307757377625,
tinh_lọc,2.0,chưng_cất,0.536828875541687,
tinh_lọc,3.0,dầu_nặng,0.5339316725730896,
tinh_lọc,4.0,tinh_chế,0.5270150899887085,
tăm_dạng,,,,'Word not found in embeddings: tăm_dạng'
bức_bối,1.0,ngột_ngạt,0.7215628623962402,
bức_bối,2.0,bực_bội,0.6187198758125305,
bức_bối,3.0,khó_chịu,0.5977848172187805,
bức_bối,4.0,bất_an,0.5839898586273193,
thân_thể,1.0,cơ_thể,0.6140644550323486,
thân_thể,2.0,da_thịt,0.5941807627677917,
thân_thể,3.0,mình_mẩy,0.5236896276473999,
thân_thể,4.0,thân_mình,0.5103067755699158,
thừa_thế,,,,'Word not found in embeddings: thừa_thế'
quỷ_quyệt,1.0,gian_xảo,0.6376875042915344,
quỷ_quyệt,2.0,xảo_quyệt,0.634806752204895,
quỷ_quyệt,3.0,mưu_mô,0.6336155533790588,
quỷ_quyệt,4.0,nham_hiểm,0.6190285682678223,
hoang_phí,1.0,phí_phạm,0.6455716490745544,
hoang_phí,2.0,phung_phí,0.6365106105804443,
hoang_phí,3.0,vung_tay_quá_trán,0.6350733041763306,
hoang_phí,4.0,keo_kiệt,0.545209527015686,
cóp_nhặt,1.0,góp_nhặt,0.7027707695960999,
cóp_nhặt,2.0,nhặt_nhạnh,0.6210933923721313,
cóp_nhặt,3.0,gom_góp,0.5862063765525818,
cóp_nhặt,4.0,tích_cóp,0.5723720788955688,
may,1.0,may_mà,0.5000782608985901,
may,2.0,đáng_tiếc,0.46065789461135864,
may,3.0,tiếc,0.45984411239624023,
may,4.0,may_mắn,0.4587346017360687,
tum,1.0,sân_thượng,0.5266673564910889,
tum,2.0,tầng_hai,0.48930639028549194,
tum,3.0,tầng_dưới,0.45203492045402527,
tum,4.0,bức_bình_phong,0.4476618468761444,
nhạo,1.0,phá_lên,0.5607427954673767,
nhạo,2.0,chơi_xỏ,0.5128055214881897,
nhạo,3.0,tít_mắt,0.5074205994606018,
nhạo,4.0,khúc_khích,0.49548640847206116,
ngoại_lệ,1.0,nhất_thiết,0.469743549823761,
ngoại_lệ,2.0,bàn_cãi,0.45097601413726807,
ngoại_lệ,3.0,người_thua_cuộc,0.42237597703933716,
ngoại_lệ,4.0,tất_nhiên,0.42076024413108826,
phong_độ,1.0,thành_tích,0.6394524574279785,
phong_độ,2.0,thành_tích_thi_đấu,0.6233371496200562,
phong_độ,3.0,thể_trạng,0.5754677653312683,
phong_độ,4.0,thứ_hạng,0.5668444037437439,
biết_ơn,1.0,cảm_ơn,0.7164166569709778,
biết_ơn,2.0,cảm_kích,0.707577109336853,
biết_ơn,3.0,cám_ơn,0.6701396107673645,
biết_ơn,4.0,yêu_quý,0.6380369067192078,
buồn_bã,1.0,buồn_rầu,0.7794991135597229,
buồn_bã,2.0,rầu_rĩ,0.6533195972442627,
buồn_bã,3.0,thất_thần,0.6033041477203369,
buồn_bã,4.0,buồn_buồn,0.5934486389160156,
quay,1.0,quay_ngược,0.5637261271476746,
quay,2.0,sự_quay,0.5384916067123413,
quay,3.0,đột_ngột_quay,0.51846843957901,
quay,4.0,ghi_hình,0.5172390341758728,
tập_dượt,1.0,tổng_duyệt,0.6525483727455139,
tập_dượt,2.0,thử_lửa,0.5654744505882263,
tập_dượt,3.0,tổng_diễn_tập,0.5138649344444275,
tập_dượt,4.0,chuẩn_bị,0.5050723552703857,
oxy_hoá,1.0,oxy_hóa,0.956997811794281,
oxy_hoá,2.0,ôxy_hoá,0.8536805510520935,
oxy_hoá,3.0,polyphenol,0.6723208427429199,
oxy_hoá,4.0,lycopene,0.6684921979904175,
trà,1.0,nước_trà,0.6720314621925354,
trà,2.0,cafe,0.582139253616333,
trà,3.0,café,0.5600584745407104,
trà,4.0,bình_trà,0.5427831411361694,
phỏng,1.0,bỏng,0.7426890730857849,
phỏng,2.0,dị_ứng_thuốc,0.5519160032272339,
phỏng,3.0,trúng_độc,0.5502392649650574,
phỏng,4.0,loét_miệng,0.5337398052215576,
phòng_ngủ,1.0,phòng_tắm,0.7832402586936951,
phòng_ngủ,2.0,phòng_khách,0.7333189845085144,
phòng_ngủ,3.0,căn_phòng,0.7006544470787048,
phòng_ngủ,4.0,phòng_ăn,0.6994590759277344,
hình_hoạ,1.0,hình_họa,0.7272284030914307,
hình_hoạ,2.0,hoa_văn,0.5629420876502991,
hình_hoạ,3.0,tô_màu,0.5162983536720276,
hình_hoạ,4.0,bút_chì,0.5151614546775818,
hoạ,1.0,họa,0.8275114297866821,
hoạ,2.0,vạ,0.44379064440727234,
hoạ,3.0,nghệ,0.43882736563682556,
hoạ,4.0,bá_hộ,0.43083709478378296,
nửa_mùa,1.0,hai_năm,0.5154398083686829,
nửa_mùa,2.0,mùa,0.5118942260742188,
nửa_mùa,3.0,ba_tháng,0.4661455750465393,
nửa_mùa,4.0,một_năm,0.4659024178981781,
thịnh_hành,1.0,được_ưa_chuộng,0.7108374834060669,
thịnh_hành,2.0,phổ_biến,0.6575015783309937,
thịnh_hành,3.0,được_ưa_thích,0.6347625851631165,
thịnh_hành,4.0,thời_thượng,0.6027884483337402,
biệt_ly,,,,'Word not found in embeddings: biệt_ly'
phụ_bản,1.0,boss,0.5649982690811157,
phụ_bản,2.0,dungeon,0.5311789512634277,
phụ_bản,3.0,multiplayer,0.511902391910553,
phụ_bản,4.0,crysis,0.5040577054023743,
lời_lãi,1.0,tiền_lời,0.530975341796875,
lời_lãi,2.0,tiền_lãi,0.5197272896766663,
lời_lãi,3.0,lợi_lộc,0.4788627624511719,
lời_lãi,4.0,tiền_công,0.47453078627586365,
con_đường,1.0,bước_đường,0.7191125154495239,
con_đường,2.0,đường,0.6784992814064026,
con_đường,3.0,đoạn_đường,0.6627699136734009,
con_đường,4.0,tuyến_đường,0.6224336624145508,
chính_nghĩa,1.0,công_lý,0.5659286975860596,
chính_nghĩa,2.0,phi_nghĩa,0.5570493936538696,
chính_nghĩa,3.0,chủ_nghĩa_đế_quốc,0.5355644822120667,
chính_nghĩa,4.0,chân_lý,0.5286949276924133,
trần_gian,1.0,nhân_gian,0.6163754463195801,
trần_gian,2.0,hạ_giới,0.608052134513855,
trần_gian,3.0,trần_thế,0.5669082999229431,
trần_gian,4.0,thiên_đàng,0.49125969409942627,
vượng,1.0,phúc,0.5183865427970886,
vượng,2.0,tuấn,0.5085349082946777,
vượng,3.0,dũng,0.5046386122703552,
vượng,4.0,long,0.49897897243499756,
lắng_nghe,1.0,tiếp_thu,0.600807785987854,
lắng_nghe,2.0,được_nghe,0.48884138464927673,
lắng_nghe,3.0,tôn_trọng,0.48060810565948486,
lắng_nghe,4.0,dõi_theo,0.4659465253353119,
ấp_úng,1.0,lí_nhí,0.5669631361961365,
ấp_úng,2.0,ráo_hoảnh,0.5622393488883972,
ấp_úng,3.0,hỏi_lại,0.5451279282569885,
ấp_úng,4.0,cười_xoà,0.5296342372894287,
thất_bại,1.0,sự_thất_bại,0.7240772247314453,
thất_bại,2.0,thảm_bại,0.6762351393699646,
thất_bại,3.0,bại_trận,0.6460380554199219,
thất_bại,4.0,thua,0.6225844621658325,
đa_ngôn,,,,'Word not found in embeddings: đa_ngôn'
ái_mộ,1.0,mến_mộ,0.7142181992530823,
ái_mộ,2.0,yêu_mến,0.6513665914535522,
ái_mộ,3.0,tán_thưởng,0.5764986276626587,
ái_mộ,4.0,ngưỡng_mộ,0.5756852626800537,
tí_ti,1.0,rặt,0.4607844948768616,
tí_ti,2.0,tí_xíu,0.4295901656150818,
tí_ti,3.0,tí,0.4242323935031891,
tí_ti,4.0,thằng,0.4227233827114105,
nỗi_đau,1.0,nỗi_đau_đớn,0.7771326899528503,
nỗi_đau,2.0,nỗi_đau_khổ,0.7583568692207336,
nỗi_đau,3.0,nỗi_buồn,0.7479123473167419,
nỗi_đau,4.0,sự_đau_khổ,0.703829288482666,
dương_gian,,,,'Word not found in embeddings: dương_gian'
phân_tử,1.0,tế_bào,0.6806067228317261,
phân_tử,2.0,hợp_chất,0.6789361834526062,
phân_tử,3.0,enzym,0.6703600287437439,
phân_tử,4.0,enzyme,0.6517316102981567,
định_kỳ,1.0,định_kì,0.7207425236701965,
định_kỳ,2.0,năm/lần,0.6072390079498291,
định_kỳ,3.0,tháng/lần,0.580634355545044,
định_kỳ,4.0,lần/năm,0.5276395678520203,
trước,1.0,truớc,0.5953445434570312,
trước,2.0,sau,0.5766044855117798,
trước,3.0,diễn_ra_trước,0.5462279915809631,
trước,4.0,trước_sau,0.52693772315979,
đánh_bóng,1.0,pr,0.5945016145706177,
đánh_bóng,2.0,khuếch_trương,0.5523449778556824,
đánh_bóng,3.0,che_đậy,0.49299389123916626,
đánh_bóng,4.0,lăng_xê,0.4921405613422394,
đoán,1.0,đoán_được,0.6214659214019775,
đoán,2.0,đoán_rằng,0.5867589712142944,
đoán,3.0,phán_đoán,0.5806573033332825,
đoán,4.0,đoán_định,0.5801552534103394,
đồ_dùng,1.0,vật_dụng,0.789157509803772,
đồ_dùng,2.0,dụng_cụ,0.702376663684845,
đồ_dùng,3.0,đồ_đạc,0.6519469618797302,
đồ_dùng,4.0,quần_áo,0.6204928159713745,
giải_tán,1.0,rút_đi,0.5309839248657227,
giải_tán,2.0,phế_truất,0.48748329281806946,
giải_tán,3.0,cho_dừng,0.47910070419311523,
giải_tán,4.0,rút_khỏi,0.46924206614494324,
nhóm,1.0,nhóm_nhỏ,0.649718165397644,
nhóm,2.0,ban_nhạc,0.4294522702693939,
nhóm,3.0,giáo_phái,0.42865076661109924,
nhóm,4.0,băng_nhóm,0.42797955870628357,
đầu_tiên,1.0,thứ_hai,0.6659047603607178,
đầu_tiên,2.0,thứ_nhất,0.6476476192474365,
đầu_tiên,3.0,gần_đây_nhất,0.6293774843215942,
đầu_tiên,4.0,thứ_tư,0.5862711071968079,
hảo_hữu,,,,'Word not found in embeddings: hảo_hữu'
quyển,1.0,cuốn,0.7305202484130859,
quyển,2.0,quyển_sách,0.6216040253639221,
quyển,3.0,cuốn_sách,0.5881334543228149,
quyển,4.0,đầu_sách,0.5341640114784241,
vượt_tuyến,1.0,quả_chuyền,0.5298805832862854,
vượt_tuyến,2.0,phát_bóng,0.4544573128223419,
vượt_tuyến,3.0,kone,0.4181702136993408,
vượt_tuyến,4.0,cú_phát_bóng,0.41534316539764404,
chiến_bại,1.0,bại_trận,0.6176965236663818,
chiến_bại,2.0,thua_cuộc,0.5819239020347595,
chiến_bại,3.0,yếm_thế,0.5379390120506287,
chiến_bại,4.0,yếu_bóng_vía,0.5361010432243347,
bành_tô,,,,'Word not found in embeddings: bành_tô'
đỡ_đần,1.0,phụ_giúp,0.6735061407089233,
đỡ_đần,2.0,san_sẻ,0.561329185962677,
đỡ_đần,3.0,làm_mướn,0.553328812122345,
đỡ_đần,4.0,lo_toan,0.5505719780921936,
hạ,1.0,làm_hạ,0.6309897899627686,
hạ,2.0,giảm,0.6164833903312683,
hạ,3.0,hạ_thấp,0.5935860276222229,
hạ,4.0,sự_hạ,0.58585524559021,
tợn,,,,'Word not found in embeddings: tợn'
bội_bạc,1.0,vũ_phu,0.6386789083480835,
bội_bạc,2.0,phụ_bạc,0.6275870203971863,
bội_bạc,3.0,phản_bội,0.6011999249458313,
bội_bạc,4.0,trăng_hoa,0.5688072443008423,
nhà_máy,1.0,nhà_máy_sản_xuất,0.7538312673568726,
nhà_máy,2.0,nhà_máy_chế_biến,0.6497303247451782,
nhà_máy,3.0,dây_chuyền_sản_xuất,0.6197443008422852,
nhà_máy,4.0,nhà_máy_điện,0.6149497628211975,
tàu_hoả,1.0,tàu_hỏa,0.940711259841919,
tàu_hoả,2.0,tàu_lửa,0.7783540487289429,
tàu_hoả,3.0,tàu_điện,0.6926600337028503,
tàu_hoả,4.0,xe_lửa,0.6856620907783508,
thuở,1.0,thủa,0.8614689707756042,
thuở,2.0,thưở,0.7900121808052063,
thuở,3.0,thuở_bé,0.471457302570343,
thuở,4.0,ngàn_xưa,0.45180273056030273,
tranh,1.0,tranh_thờ,0.5254109501838684,
tranh,2.0,tranh_dân_gian,0.49938690662384033,
tranh,3.0,tranh_lụa,0.4828847050666809,
tranh,4.0,tranh_thủy_mặc,0.4734824299812317,
cây_thân_gỗ,,,,'Word not found in embeddings: cây_thân_gỗ'
xuôi,1.0,miền_xuôi,0.5130656361579895,
xuôi,2.0,con_nước,0.4634116291999817,
xuôi,3.0,đường_vòng,0.4570733308792114,
xuôi,4.0,sê_pôn,0.44771772623062134,
thi_hành,1.0,chấp_hành,0.5486531257629395,
thi_hành,2.0,thực_thi,0.5463735461235046,
thi_hành,3.0,hoãn_thi_hành,0.5321758985519409,
thi_hành,4.0,thads,0.4528324604034424,
cự_tuyệt,1.0,khước_từ,0.7680149674415588,
cự_tuyệt,2.0,từ_chối,0.6957298517227173,
cự_tuyệt,3.0,chối_từ,0.6096664071083069,
cự_tuyệt,4.0,phớt_lờ,0.5971708297729492,
thi_đấu,1.0,tập_luyện,0.6395838260650635,
thi_đấu,2.0,thi_đấu_với,0.6222654581069946,
thi_đấu,3.0,chơi,0.5867158770561218,
thi_đấu,4.0,sân_thi_đấu,0.5413220524787903,
hiện_trạng,1.0,thực_trạng,0.5024750232696533,
hiện_trạng,2.0,nguyên_trạng,0.4923228621482849,
hiện_trạng,3.0,bản_vẽ,0.4832208752632141,
hiện_trạng,4.0,tình_hình,0.44771790504455566,
cá_hồng,1.0,tôm_hùm,0.6154810190200806,
cá_hồng,2.0,cá_chép,0.5592669248580933,
cá_hồng,3.0,cá_mú,0.5563099384307861,
cá_hồng,4.0,mực_ống,0.539695680141449,
bằng,1.0,tân_hoàn_châu,0.5268402099609375,
bằng,2.0,thông_qua,0.5083900094032288,
bằng,3.0,hoàn_châu,0.49820294976234436,
bằng,4.0,bắng,0.4923628866672516,
tĩnh_dưỡng,1.0,dưỡng_bệnh,0.6309837698936462,
tĩnh_dưỡng,2.0,nghỉ_ngơi,0.594359278678894,
tĩnh_dưỡng,3.0,dưỡng_thương,0.56899493932724,
tĩnh_dưỡng,4.0,dưỡng_thai,0.5586938261985779,
bạc_đãi,1.0,chà_đạp,0.616158664226532,
bạc_đãi,2.0,hắt_hủi,0.5367810130119324,
bạc_đãi,3.0,bỏ_rơi,0.5362424254417419,
bạc_đãi,4.0,ruồng_bỏ,0.5309855341911316,
phân_li,,,,'Word not found in embeddings: phân_li'
nhốt,1.0,giam,0.6692622900009155,
nhốt,2.0,giam_cầm,0.6311545968055725,
nhốt,3.0,giam_lỏng,0.617681086063385,
nhốt,4.0,giam_hãm,0.6129252314567566,
nội_tiết,1.0,nội_tiết_tố,0.5751181244850159,
nội_tiết,2.0,thần_kinh_trung_ương,0.5124220252037048,
nội_tiết,3.0,tuyến_nội_tiết,0.5064218044281006,
nội_tiết,4.0,hoóc_môn,0.488460510969162,
phong_thư,1.0,mẩu_giấy,0.5873614549636841,
phong_thư,2.0,lá_thư,0.570259153842926,
phong_thư,3.0,chiếc_hòm,0.5443990230560303,
phong_thư,4.0,bức_thư,0.5423541069030762,
thời_bình,1.0,thời_chiến,0.6089197993278503,
thời_bình,2.0,chiến_trận,0.5069741010665894,
thời_bình,3.0,cuộc_chiến_đấu,0.5019679665565491,
thời_bình,4.0,gian_khổ,0.4991632103919983,
áo_quan,1.0,quan_tài,0.6755826473236084,
áo_quan,2.0,chiếc_hòm,0.5554087162017822,
áo_quan,3.0,xương_cốt,0.5447065234184265,
áo_quan,4.0,xe_tang,0.5350088477134705,
trẩy_hội,1.0,trảy,0.5550580620765686,
trẩy_hội,2.0,chùa_hương,0.5284003019332886,
trẩy_hội,3.0,tảo_mộ,0.509121298789978,
trẩy_hội,4.0,thập_phương,0.497249037027359,
nhức_nhối,1.0,nan_giải,0.6247892379760742,
nhức_nhối,2.0,nổi_cộm,0.6075233221054077,
nhức_nhối,3.0,bức_xúc,0.5875044465065002,
nhức_nhối,4.0,nóng_hổi,0.5700052976608276,
cũ_kỹ,1.0,cũ_kĩ,0.7637364268302917,
cũ_kỹ,2.0,cũ_nát,0.583346426486969,
cũ_kỹ,3.0,xập_xệ,0.5588927268981934,
cũ_kỹ,4.0,đơn_sơ,0.5585885047912598,
sân_vận_động,1.0,svđ,0.8890015482902527,
sân_vận_động,2.0,sân_bóng,0.658920168876648,
sân_vận_động,3.0,sân,0.6337474584579468,
sân_vận_động,4.0,thánh_đường,0.5828707814216614,
chủ_nghĩa_hình_thức,,,,'Word not found in embeddings: chủ_nghĩa_hình_thức'
được,1.0,đuợc,0.7504718899726868,
được,2.0,đươc,0.7007827162742615,
được,3.0,có_thể_được,0.5788202881813049,
được,4.0,xứng_đáng_được,0.5549114346504211,
hiểu,1.0,hiểu_rõ,0.7630801200866699,
hiểu,2.0,có_thể_hiểu,0.7484119534492493,
hiểu,3.0,hiểu_được,0.7356132864952087,
hiểu,4.0,thấu_hiểu,0.6736456155776978,
quét_dọn,1.0,dọn_dẹp,0.7514773011207581,
quét_dọn,2.0,lau_dọn,0.6713387966156006,
quét_dọn,3.0,dọn_dẹp_nhà_cửa,0.614059329032898,
quét_dọn,4.0,thu_dọn,0.6116979718208313,
bay_hơi,1.0,ngưng_tụ,0.6607925891876221,
bay_hơi,2.0,bốc_hơi,0.6294791102409363,
bay_hơi,3.0,chảy_ra_ngoài,0.5887117385864258,
bay_hơi,4.0,hấp_thụ,0.5815352201461792,
dễ_dàng,1.0,thuận_tiện,0.5885374546051025,
dễ_dàng,2.0,dễ,0.5779840350151062,
dễ_dàng,3.0,khó,0.5778945684432983,
dễ_dàng,4.0,dễ_tiếp_cận,0.5294855237007141,
gạ,1.0,gạ_gẫm,0.6700650453567505,
gạ,2.0,lừa,0.5396631360054016,
gạ,3.0,dụ_dỗ,0.5313346982002258,
gạ,4.0,dụ,0.4868520200252533,
vắng_tanh,1.0,vắng_hoe,0.6933925747871399,
vắng_tanh,2.0,vắng_ngắt,0.6885843873023987,
vắng_tanh,3.0,vắng_lặng,0.6345676779747009,
vắng_tanh,4.0,chật_ních,0.6227983236312866,
nhậm_chức,1.0,nắm_quyền,0.5754184722900391,
nhậm_chức,2.0,từ_chức,0.5513328313827515,
nhậm_chức,3.0,được_bổ_nhiệm,0.5439480543136597,
nhậm_chức,4.0,mãn_nhiệm,0.5301885008811951,
hồ_sơ,1.0,đơn_xin_việc,0.6140143275260925,
hồ_sơ,2.0,đơn_đề_nghị,0.5781715512275696,
hồ_sơ,3.0,đơn,0.567341685295105,
hồ_sơ,4.0,thủ_tục,0.5575810074806213,
hổ_thẹn,1.0,xấu_hổ,0.7536855936050415,
hổ_thẹn,2.0,thất_vọng,0.6443014740943909,
hổ_thẹn,3.0,nhục_nhã,0.6071610450744629,
hổ_thẹn,4.0,ghen_tị,0.6041049361228943,
dấu_hiệu,1.0,biểu_hiện,0.6162462830543518,
dấu_hiệu,2.0,bằng_chứng,0.6087409257888794,
dấu_hiệu,3.0,tín_hiệu,0.5881780982017517,
dấu_hiệu,4.0,động_thái,0.5687152743339539,
người_dân,1.0,dân_chúng,0.790324330329895,
người_dân,2.0,bà_con,0.6330946087837219,
người_dân,3.0,người_tiêu_dùng,0.6302047371864319,
người_dân,4.0,đồng_bào,0.6051228046417236,
bè_cánh,,,,'Word not found in embeddings: bè_cánh'
bật_lửa,1.0,hộp_quẹt,0.6396775841712952,
bật_lửa,2.0,châm_lửa,0.553776741027832,
bật_lửa,3.0,bình_xịt,0.5486465096473694,
bật_lửa,4.0,than_củi,0.5008391737937927,
chần_chờ,1.0,chần_chừ,0.4997115433216095,
chần_chờ,2.0,không_nghi_ngờ,0.4545570909976959,
chần_chờ,3.0,nghĩ_được,0.4427402913570404,
chần_chờ,4.0,tuỳ_thích,0.4233797788619995,
tư_thế,1.0,động_tác,0.5335444211959839,
tư_thế,2.0,ngồi_xổm,0.5244179368019104,
tư_thế,3.0,trạng_thái,0.5126937031745911,
tư_thế,4.0,tình_huống,0.4905841648578644,
máy_vi_tính,1.0,máy_tính_xách_tay,0.6670336127281189,
máy_vi_tính,2.0,vi_tính,0.6165602803230286,
máy_vi_tính,3.0,máy_tính,0.5967223048210144,
máy_vi_tính,4.0,laptop,0.5822802782058716,
sụp_đổ,1.0,bị_sụp_đổ,0.7995014786720276,
sụp_đổ,2.0,đổ_vỡ,0.6808778643608093,
sụp_đổ,3.0,sự_sụp_đổ,0.6715547442436218,
sụp_đổ,4.0,tan_rã,0.6469652652740479,
mắc_kẹt,1.0,kẹt_lại,0.8115985989570618,
mắc_kẹt,2.0,kẹt,0.7392372488975525,
mắc_kẹt,3.0,kẹt_cứng,0.6449692845344543,
mắc_kẹt,4.0,chôn_vùi,0.6254472732543945,
thuộc_địa,1.0,thực_dân,0.5628952980041504,
thuộc_địa,2.0,cai_trị,0.534943699836731,
thuộc_địa,3.0,đàng_trong,0.5260670781135559,
thuộc_địa,4.0,đô_hộ,0.5182031393051147,
nhà_hát,1.0,nhà_hát_lớn_hà_nội,0.5522497892379761,
nhà_hát,2.0,bảo_tàng,0.5519416332244873,
nhà_hát,3.0,nhà_hát_kịch_việt_nam,0.5347347855567932,
nhà_hát,4.0,nhà_hát_thành_phố,0.5278958678245544,
thìa,1.0,muỗng,0.8422977328300476,
thìa,2.0,cốc,0.6809583306312561,
thìa,3.0,thìa_cà_phê,0.6541393399238586,
thìa,4.0,nấu_nhừ,0.6041225790977478,
tỏ,1.0,bày_tỏ,0.6051214933395386,
tỏ,2.0,tỏ_ra,0.5882353186607361,
tỏ,3.0,tỏ_vẻ,0.5672986507415771,
tỏ,4.0,dễ_nhận,0.5436756014823914,
chiến_tranh,1.0,cuộc_chiến_tranh,0.7935070991516113,
chiến_tranh,2.0,chiến_tranh_lạnh,0.6382886171340942,
chiến_tranh,3.0,cuộc_chiến,0.608642041683197,
chiến_tranh,4.0,chiến_tranh_việt_nam,0.5923856496810913,
cộc,1.0,rụt,0.5159264206886292,
cộc,2.0,chân-miệng,0.4855211675167084,
cộc,3.0,trùm_kín,0.4706479012966156,
cộc,4.0,khoát,0.4703509509563446,
tính_sổ,1.0,giảng_hoà,0.5206495523452759,
tính_sổ,2.0,dằn_mặt,0.5063182711601257,
tính_sổ,3.0,điều_đình,0.4775182902812958,
tính_sổ,4.0,phục_thù,0.4733879566192627,
hơn,1.0,rất,0.6012759804725647,
hơn,2.0,khá,0.5510903000831604,
hơn,3.0,hơn_nữa,0.5243245959281921,
hơn,4.0,hơn_người,0.5191400647163391,
cựu_binh,1.0,cựu_chiến_binh,0.6279389262199402,
cựu_binh,2.0,lão_tướng,0.5444571375846863,
cựu_binh,3.0,cựu_quân_nhân,0.5301990509033203,
cựu_binh,4.0,công_thần,0.5086471438407898,
ngữ_cảnh,1.0,cách_viết,0.5938602685928345,
ngữ_cảnh,2.0,câu_lệnh,0.5489593148231506,
ngữ_cảnh,3.0,bảng_chữ_cái,0.49607327580451965,
ngữ_cảnh,4.0,nhiều_ngôn_ngữ,0.4954007863998413,
hâm_nóng,1.0,làm_nóng,0.7331241965293884,
hâm_nóng,2.0,khuấy_động,0.7217199802398682,
hâm_nóng,3.0,làm_ấm,0.5498636960983276,
hâm_nóng,4.0,nguội_lạnh,0.5496692657470703,
bón,1.0,bón_phân,0.6926823854446411,
bón,2.0,bón_lót,0.6374074220657349,
bón,3.0,bón_thúc,0.6134210228919983,
bón,4.0,phân_chuồng,0.5828750729560852,
thảm,1.0,tấm_thảm,0.5190455317497253,
thảm,2.0,tấm_lót,0.48506513237953186,
thảm,3.0,trải_thảm,0.46918249130249023,
thảm,4.0,nệm,0.45668861269950867,
lắp_đặt,1.0,lắp,0.7184299230575562,
lắp_đặt,2.0,việc_lắp_đặt,0.6210690140724182,
lắp_đặt,3.0,sửa_chữa,0.518191397190094,
lắp_đặt,4.0,bảo_dưỡng,0.5173153877258301,
tạo_hoá,1.0,tạo_hóa,0.9207672476768494,
tạo_hoá,2.0,ban_tặng,0.500769317150116,
tạo_hoá,3.0,ân_huệ,0.48023146390914917,
tạo_hoá,4.0,chúa_trời,0.4749940037727356,
hen,1.0,động_kinh,0.6060193181037903,
hen,2.0,hen_suyễn,0.5930199027061462,
hen,3.0,suyễn,0.5805333256721497,
hen,4.0,loạn_thần,0.5400600433349609,
mệt_mỏi,1.0,mỏi_mệt,0.7741543650627136,
mệt_mỏi,2.0,mệt,0.6341159343719482,
mệt_mỏi,3.0,mệt_nhọc,0.6299391984939575,
mệt_mỏi,4.0,chán_nản,0.6207222938537598,
tắc_nghẽn,1.0,ách_tắc,0.7519063949584961,
tắc_nghẽn,2.0,ùn,0.7510969638824463,
tắc_nghẽn,3.0,bị_tắc_nghẽn,0.7212007641792297,
tắc_nghẽn,4.0,tắc,0.6909944415092468,
trọng,1.0,thịnh,0.47928401827812195,
trọng,2.0,hiếu,0.4548608064651489,
trọng,3.0,cường,0.4506898522377014,
trọng,4.0,tòng,0.4506797790527344,
đẽo,1.0,chạm_trổ,0.4723402261734009,
đẽo,2.0,đường_rãnh,0.47068271040916443,
đẽo,3.0,chạm_khắc,0.4673348665237427,
đẽo,4.0,đẽo_gọt,0.4607791602611542,
len_lách,,,,'Word not found in embeddings: len_lách'
hú,1.0,tiếng_hú,0.6734707951545715,
hú,2.0,hụ,0.6271772980690002,
hú,3.0,rú,0.5456220507621765,
hú,4.0,inh_ỏi,0.5430549383163452,
danh_sách,1.0,bản_danh_sách,0.7747451663017273,
danh_sách,2.0,bảng_danh_sách,0.6917240023612976,
danh_sách,3.0,danh_mục,0.5897591710090637,
danh_sách,4.0,top,0.5813730359077454,
chuyển_nhượng,1.0,chuyển_quyền_sở_hữu,0.5186300277709961,
chuyển_nhượng,2.0,chiêu_mộ,0.49489277601242065,
chuyển_nhượng,3.0,sang_tay,0.4879329204559326,
chuyển_nhượng,4.0,áp_phe,0.48031696677207947,
vòng_tay,1.0,trái_tim,0.46720317006111145,
vòng_tay,2.0,vòng_vây,0.44181129336357117,
vòng_tay,3.0,bóng_tối,0.43996140360832214,
vòng_tay,4.0,lòng,0.43862777948379517,
kín,1.0,kín_mít,0.5799434781074524,
kín,2.0,che_kín,0.49597012996673584,
kín,3.0,quây_kín,0.4735400974750519,
kín,4.0,kín_như_bưng,0.4734306335449219,
người_tình,1.0,người_yêu,0.702164351940155,
người_tình,2.0,nhân_tình,0.6788700222969055,
người_tình,3.0,bạn_trai,0.6745999455451965,
người_tình,4.0,bạn_gái,0.6656915545463562,
cuối,1.0,gần_cuối,0.6543395519256592,
cuối,2.0,đầu,0.6423954367637634,
cuối,3.0,5/2009.,0.6187698841094971,
cuối,4.0,4/2012,0.6111536026000977,
cần_tây,1.0,cà_rốt,0.660449743270874,
cần_tây,2.0,hành_tây,0.6564080715179443,
cần_tây,3.0,đậu_hà_lan,0.6532595753669739,
cần_tây,4.0,bông_cải_xanh,0.6393393278121948,
định_kì,1.0,định_kỳ,0.7207425236701965,
định_kì,2.0,tháng/lần,0.5209510326385498,
định_kì,3.0,lần/năm,0.5126388072967529,
định_kì,4.0,năm/lần,0.47267767786979675,
thiện_chí,1.0,thiện_ý,0.6393033266067505,
thiện_chí,2.0,thành_ý,0.6251676082611084,
thiện_chí,3.0,sự_cam_kết,0.5953260064125061,
thiện_chí,4.0,sự_tôn_trọng,0.5369359254837036,
biên_cương,1.0,biên_ải,0.5250840187072754,
biên_cương,2.0,đầu_sóng_ngọn_gió,0.500033438205719,
biên_cương,3.0,địa_đầu,0.46606940031051636,
biên_cương,4.0,trường_sơn,0.4624645709991455,
sông,1.0,dòng_sông,0.762398362159729,
sông,2.0,con_sông,0.7560063600540161,
sông,3.0,bờ_sông,0.7354391813278198,
sông,4.0,sông_cái,0.6974555253982544,
tím,1.0,màu_tím,0.6126962304115295,
tím,2.0,đỏ_rực,0.5486951470375061,
tím,3.0,màu_hồng,0.5410219430923462,
tím,4.0,lốm_đốm,0.5400421619415283,
năm_âm_lịch,1.0,năm_dương_lịch,0.5868298411369324,
năm_âm_lịch,2.0,tháng_dương_lịch,0.5730079412460327,
năm_âm_lịch,3.0,tháng_âm_lịch,0.5719293355941772,
năm_âm_lịch,4.0,tháng,0.5339098572731018,
bầm,1.0,bầm_tím,0.6418927907943726,
bầm,2.0,vết_bầm,0.6232331991195679,
bầm,3.0,thâm_tím,0.5834189653396606,
bầm,4.0,tím_bầm,0.5426073670387268,
dáng,1.0,vóc_dáng,0.69478440284729,
dáng,2.0,dáng_vóc,0.6382132172584534,
dáng,3.0,thân_hình,0.6060424447059631,
dáng,4.0,vóc,0.6039787530899048,
sinh_vật,1.0,động_vật_có_vú,0.6928146481513977,
sinh_vật,2.0,động_vật,0.674082338809967,
sinh_vật,3.0,loài_bò_sát,0.6412169933319092,
sinh_vật,4.0,động_vật_ăn_thịt,0.6388716101646423,
giở_quẻ,,,,'Word not found in embeddings: giở_quẻ'
nhau,1.0,lẫn_nhau,0.5428628921508789,
nhau,2.0,tụi_bạn,0.4423994719982147,
nhau,3.0,anh_em,0.43696823716163635,
nhau,4.0,gần_nhau,0.425721138715744,
đồng_tình,1.0,không_đồng_tình,0.7779791951179504,
đồng_tình,2.0,tán_đồng,0.7764645218849182,
đồng_tình,3.0,tán_thành,0.7415385246276855,
đồng_tình,4.0,đồng_quan_điểm,0.6429925560951233,
thanh,1.0,long,0.5031370520591736,
thanh,2.0,hoàng,0.5014395713806152,
thanh,3.0,dương,0.5011807084083557,
thanh,4.0,minh,0.49534475803375244,
điệu,1.0,điệu_múa,0.687036395072937,
điệu,2.0,điệu_nhạc,0.6329638957977295,
điệu,3.0,vũ_điệu,0.6324368715286255,
điệu,4.0,động_tác,0.5768320560455322,
tử_trận,1.0,tử_nạn,0.5294294953346252,
tử_trận,2.0,bắn_chết,0.5106326937675476,
tử_trận,3.0,bắn_rơi,0.5091453790664673,
tử_trận,4.0,thảm_sát,0.503273606300354,
trù_dập,1.0,trù_úm,0.5963760018348694,
trù_dập,2.0,ức_hiếp,0.5746914148330688,
trù_dập,3.0,chơi_xấu,0.5384510159492493,
trù_dập,4.0,nói_xấu,0.5302555561065674,
tứ_kết,1.0,bán_kết,0.9060541987419128,
tứ_kết,2.0,vòng_tứ_kết,0.8428013324737549,
tứ_kết,3.0,trận_chung_kết,0.69532710313797,
tứ_kết,4.0,1/16,0.6950038075447083,
tình_ca,1.0,bản_tình_ca,0.6111293435096741,
tình_ca,2.0,tráng_ca,0.5847833752632141,
tình_ca,3.0,thánh_ca,0.5779820084571838,
tình_ca,4.0,đỗ_nhuận,0.5778658986091614,
báo_ân,1.0,bảo_tháp,0.5433497428894043,
báo_ân,2.0,vua_lê_thánh_tông,0.5404658317565918,
báo_ân,3.0,thánh_mẫu,0.5275512337684631,
báo_ân,4.0,vua_đinh_tiên_hoàng,0.5178369879722595,
vững_tâm,1.0,vững_tin,0.6996979713439941,
vững_tâm,2.0,an_tâm,0.6250345706939697,
vững_tâm,3.0,tự_tin,0.5899757146835327,
vững_tâm,4.0,vững_vàng,0.5786451697349548,
cũ_rích,1.0,muôn_thuở,0.5157385468482971,
cũ_rích,2.0,cũ_mèm,0.5132398009300232,
cũ_rích,3.0,vớ_vẩn,0.5006167888641357,
cũ_rích,4.0,tầm_phào,0.47325998544692993,
lành,1.0,lành_canh,0.4862159192562103,
lành,2.0,chữa_lành,0.42705196142196655,
lành,3.0,đắc_đạo,0.414917528629303,
lành,4.0,gở,0.4139961898326874,
tù,1.0,tù_giam,0.824932873249054,
tù,2.0,tù_treo,0.7144342660903931,
tù,3.0,ngồi_tù,0.6549233198165894,
tù,4.0,tù_và,0.6544264554977417,
dày_cộp,1.0,kính_cận,0.4814060628414154,
dày_cộp,2.0,xấp,0.47162067890167236,
dày_cộp,3.0,nặng_trịch,0.4549652338027954,
dày_cộp,4.0,mân_mê,0.4520232379436493,
điều_hành,1.0,quản_lý,0.602318525314331,
điều_hành,2.0,điều_phối,0.5742500424385071,
điều_hành,3.0,quản_lí,0.5578317642211914,
điều_hành,4.0,soạn_thảo,0.48098352551460266,
dáng_bộ,,,,'Word not found in embeddings: dáng_bộ'
thu_ngân,1.0,nhân_viên_thu_ngân,0.6249806880950928,
thu_ngân,2.0,chạy_bàn,0.47637808322906494,
thu_ngân,3.0,tiếp_tân,0.4727146327495575,
thu_ngân,4.0,thủ_kho,0.4718972146511078,
cắt,1.0,bị_cắt,0.6068889498710632,
cắt,2.0,cắt_bỏ,0.5969529151916504,
cắt,3.0,đã_cắt,0.5866864919662476,
cắt,4.0,được_cắt,0.5780317187309265,
nghị_quyết,1.0,nq,0.7221016883850098,
nghị_quyết,2.0,chỉ_thị,0.6440713405609131,
nghị_quyết,3.0,nghị_định,0.5751973390579224,
nghị_quyết,4.0,quyết_nghị,0.5541123747825623,
ăn_nhậu,1.0,nhậu,0.7518622279167175,
ăn_nhậu,2.0,nhậu_nhẹt,0.728321373462677,
ăn_nhậu,3.0,đánh_bạc,0.6043198108673096,
ăn_nhậu,4.0,cuộc_nhậu,0.5809208154678345,
gắn_kết,1.0,liên_kết,0.6876932978630066,
gắn_kết,2.0,nối_kết,0.6751729249954224,
gắn_kết,3.0,tác_động_qua_lại,0.6539809703826904,
gắn_kết,4.0,phối_kết_hợp,0.6489109396934509,
máy_tính,1.0,laptop,0.6810003519058228,
máy_tính,2.0,máy_tính_cá_nhân,0.6787342429161072,
máy_tính,3.0,ipad,0.649019718170166,
máy_tính,4.0,netbook,0.6429177522659302,
cải_thiện,1.0,cải_thiện_đáng_kể,0.700810432434082,
cải_thiện,2.0,được_cải_thiện,0.6931488513946533,
cải_thiện,3.0,giúp_cải_thiện,0.6912113428115845,
cải_thiện,4.0,duy_trì,0.617247462272644,
năng_lực,1.0,khả_năng,0.6616050004959106,
năng_lực,2.0,trình_độ,0.6233751177787781,
năng_lực,3.0,kỹ_năng,0.5972253084182739,
năng_lực,4.0,kĩ_năng,0.5705987215042114,
an_dưỡng,1.0,an_hưởng,0.5475711226463318,
an_dưỡng,2.0,tĩnh_dưỡng,0.5461646318435669,
an_dưỡng,3.0,an_nhàn,0.5197646617889404,
an_dưỡng,4.0,dưỡng_bệnh,0.5145575404167175,
di_chuyển,1.0,di_chuyển_nhanh,0.6756747961044312,
di_chuyển,2.0,dịch_chuyển,0.6297663450241089,
di_chuyển,3.0,chạy,0.6043241620063782,
di_chuyển,4.0,di_chuyển_chậm,0.5845131278038025,
ngoài,1.0,bên_ngoài,0.46967846155166626,
ngoài,2.0,trong_ngoài,0.45209801197052,
ngoài,3.0,nằm_ngoài,0.4079134166240692,
ngoài,4.0,phía_ngoài,0.3992462754249573,
cặp,1.0,thành_cặp,0.5665340423583984,
cặp,2.0,một_đôi,0.45956915616989136,
cặp,3.0,cặp_đôi,0.4570567309856415,
cặp,4.0,thành_đôi,0.4413314163684845,
cẳng,1.0,vểnh,0.4079146981239319,
cẳng,2.0,đá_chân,0.39197370409965515,
cẳng,3.0,trợn,0.3886606991291046,
cẳng,4.0,duỗi_ra,0.3854512870311737,
đau_đớn,1.0,đau_khổ,0.7709709405899048,
đau_đớn,2.0,đớn_đau,0.698662281036377,
đau_đớn,3.0,đau_lòng,0.6772003173828125,
đau_đớn,4.0,đau_buồn,0.6724600195884705,
gia_tăng,1.0,tăng_nhanh,0.7010528445243835,
gia_tăng,2.0,tăng,0.6694207787513733,
gia_tăng,3.0,leo_thang,0.6607447266578674,
gia_tăng,4.0,tăng_lên,0.6530609130859375,
thói,1.0,thói_xấu,0.6373586058616638,
thói,2.0,thói_hư_tật_xấu,0.6111651659011841,
thói,3.0,bản_tính,0.6093169450759888,
thói,4.0,sự,0.5317403078079224,
mô_hình,1.0,phương_pháp,0.5942437648773193,
mô_hình,2.0,mô_thức,0.5785367488861084,
mô_hình,3.0,phương_thức,0.5784821510314941,
mô_hình,4.0,cách_thức,0.5629881024360657,
mạo_danh,1.0,giả_danh,0.6836522817611694,
mạo_danh,2.0,mạo_nhận,0.6567814946174622,
mạo_danh,3.0,giả_mạo,0.6232706308364868,
mạo_danh,4.0,lừa_đảo,0.6075960397720337,
sếp,1.0,cấp_dưới,0.6103795170783997,
sếp,2.0,nhà_tuyển_dụng,0.5104228258132935,
sếp,3.0,polgar,0.4996594190597534,
sếp,4.0,nhân_viên_mới,0.49016767740249634,
thẻ,1.0,thẻ_tín_dụng,0.6588992476463318,
thẻ,2.0,thẻ_ghi_nợ,0.6086657643318176,
thẻ,3.0,thẻ_thanh_toán,0.546924889087677,
thẻ,4.0,hộ_chiếu,0.5322974324226379,
hỏi,1.0,hỏi_lại,0.6773208379745483,
hỏi,2.0,liên_tục_hỏi,0.6471052765846252,
hỏi,3.0,muốn_biết,0.5772144198417664,
hỏi,4.0,đặt_câu_hỏi,0.5691779851913452,
tản_bộ,1.0,thả_bộ,0.6815925240516663,
tản_bộ,2.0,đi_dạo,0.6669933795928955,
tản_bộ,3.0,đi_bộ,0.6154431700706482,
tản_bộ,4.0,dạo_mát,0.6006484627723694,
chuệch_choạc,1.0,chệch_choạc,0.7733680009841919,
chuệch_choạc,2.0,lấn_lướt,0.574836254119873,
chuệch_choạc,3.0,hưng_phấn,0.5714157819747925,
chuệch_choạc,4.0,mất_tập_trung,0.5596159100532532,
giải_thích,1.0,lý_giải,0.7735455632209778,
giải_thích,2.0,lí_giải,0.7453813552856445,
giải_thích,3.0,giải_thích_được,0.6712759137153625,
giải_thích,4.0,cắt_nghĩa,0.6539623737335205,
mách,1.0,rỉ_tai,0.5392011404037476,
mách,2.0,mách_nước,0.5305708646774292,
mách,3.0,nói_nhỏ,0.4868975281715393,
mách,4.0,bô_bô,0.4394795596599579,
số_hoá,1.0,số_hóa,0.9161809086799622,
số_hoá,2.0,thương_mại_hoá,0.5147504210472107,
số_hoá,3.0,thương_mại_hóa,0.49314212799072266,
số_hoá,4.0,hệ_thống_hóa,0.4914510250091553,
dận,,,,'Word not found in embeddings: dận'
hơi_hướng,1.0,hơi_hướm,0.7297078371047974,
hơi_hướng,2.0,âm_hưởng,0.713768482208252,
hơi_hướng,3.0,dáng_dấp,0.7001820206642151,
hơi_hướng,4.0,phong_cách_cổ_điển,0.58147132396698,
cắt_giảm,1.0,giảm,0.6027894020080566,
cắt_giảm,2.0,tiết_giảm,0.5957220196723938,
cắt_giảm,3.0,cải_tổ,0.5554609298706055,
cắt_giảm,4.0,tinh_giảm,0.5213103294372559,
túm_tụm,1.0,tụm,0.5982973575592041,
túm_tụm,2.0,lố_nhố,0.5419407486915588,
túm_tụm,3.0,túm_năm_tụm_ba,0.5271467566490173,
túm_tụm,4.0,lao_xao,0.4980655312538147,
giở_mặt,,,,'Word not found in embeddings: giở_mặt'
thị_giác,1.0,não_bộ,0.6142008304595947,
thị_giác,2.0,thính_giác,0.5732430219650269,
thị_giác,3.0,thị_lực,0.5568395256996155,
thị_giác,4.0,hệ_thần_kinh,0.5508730411529541,
người_làm,1.0,người_tổ_chức,0.4700736999511719,
người_làm,2.0,làm_dâu_trăm_họ,0.4567711651325226,
người_làm,3.0,người_chuyên_nghiệp,0.44030219316482544,
người_làm,4.0,người_làm_báo,0.4260948896408081,
phân_chia,1.0,được_phân_chia,0.6932622790336609,
phân_chia,2.0,chia,0.6250192523002625,
phân_chia,3.0,phân_định,0.5909453630447388,
phân_chia,4.0,chia_đôi,0.5882408618927002,
xâm_nhập,1.0,thâm_nhập,0.7951090931892395,
xâm_nhập,2.0,thâm_nhập_vào,0.5971546173095703,
xâm_nhập,3.0,xâm_nhập_trái_phép,0.5873017311096191,
xâm_nhập,4.0,xâm_lấn,0.5851916074752808,
thuộc_hạ,1.0,đệ_tử,0.6128358840942383,
thuộc_hạ,2.0,chiến_hữu,0.5916603803634644,
thuộc_hạ,3.0,pháp_sư,0.5869513750076294,
thuộc_hạ,4.0,hầu_cận,0.5764861106872559,
dịch_chuyển,1.0,sự_dịch_chuyển,0.6520491242408752,
dịch_chuyển,2.0,di_chuyển,0.6297663450241089,
dịch_chuyển,3.0,chuyển,0.589739978313446,
dịch_chuyển,4.0,chuyển_hướng,0.589306116104126,
bơi,1.0,bơi_lội,0.6320288777351379,
bơi,2.0,lặn,0.628964364528656,
bơi,3.0,chèo_thuyền,0.5824010968208313,
bơi,4.0,đi_bộ,0.5105795860290527,
cư_dân,1.0,người_dân,0.583457887172699,
cư_dân,2.0,dân_cư,0.5236740708351135,
cư_dân,3.0,dân_chúng,0.5158222317695618,
cư_dân,4.0,người_ở,0.4487455487251282,
khoan_thai,1.0,nghiêm_trang,0.5973467826843262,
khoan_thai,2.0,chậm_rãi,0.5561081767082214,
khoan_thai,3.0,đĩnh_đạc,0.5354593992233276,
khoan_thai,4.0,vươn_vai,0.5294831991195679,
xe_tải,1.0,ô_tô_tải,0.8274357318878174,
xe_tải,2.0,xe_khách,0.7755039930343628,
xe_tải,3.0,xe_ô_tô,0.7632845640182495,
xe_tải,4.0,xe_ôtô,0.7550349235534668,
mùa_đông,1.0,mùa_hè,0.776471734046936,
mùa_đông,2.0,hè,0.6048423647880554,
mùa_đông,3.0,giữa_mùa_đông,0.5684919953346252,
mùa_đông,4.0,mùa_rét,0.5522451996803284,
lạc_hậu,1.0,lỗi_thời,0.6956920027732849,
lạc_hậu,2.0,manh_mún,0.5756251215934753,
lạc_hậu,3.0,cũ_kỹ,0.5108171105384827,
lạc_hậu,4.0,thấp_kém,0.5102636814117432,
chọc_ghẹo,1.0,trêu_ghẹo,0.7237198352813721,
chọc_ghẹo,2.0,trêu_chọc,0.6907356977462769,
chọc_ghẹo,3.0,dọa_dẫm,0.6350391507148743,
chọc_ghẹo,4.0,trêu_đùa,0.6290265917778015,
nền,1.0,xã_hội,0.5005455017089844,
nền,2.0,cường_quốc,0.48492878675460815,
nền,3.0,luận_chứng,0.4596472680568695,
nền,4.0,vĩ_mô,0.4558413624763489,
sư_tử,1.0,chim_cánh_cụt,0.5981847047805786,
sư_tử,2.0,hổ,0.5890325903892517,
sư_tử,3.0,bò_tót,0.5819565653800964,
sư_tử,4.0,linh_dương,0.5770940780639648,
bẫy,1.0,cái_bẫy,0.6755632758140564,
bẫy,2.0,cạm_bẫy,0.45888078212738037,
bẫy,3.0,bẫy_chuột,0.4247818887233734,
bẫy,4.0,lưỡi_câu,0.41969093680381775,
nhảy_múa,1.0,nhảy_nhót,0.7497446537017822,
nhảy_múa,2.0,nhún_nhảy,0.5933569073677063,
nhảy_múa,3.0,lắc_lư,0.581152617931366,
nhảy_múa,4.0,quay_cuồng,0.529784083366394,
minh_oan,1.0,trả_tự_do,0.6788682341575623,
minh_oan,2.0,giải_oan,0.6355097889900208,
minh_oan,3.0,tha_thứ,0.5857675075531006,
minh_oan,4.0,tha_bổng,0.5834435224533081,
nguyên_nhân,1.0,nguyên_do,0.8179892301559448,
nguyên_nhân,2.0,căn_nguyên,0.6840042471885681,
nguyên_nhân,3.0,lý_do,0.6837263107299805,
nguyên_nhân,4.0,lí_do,0.6497538089752197,
dữ,1.0,hung_dữ,0.5019482374191284,
dữ,2.0,sạt_nghiệp,0.4269489645957947,
dữ,3.0,hung_tợn,0.4256550073623657,
dữ,4.0,dữ_dằn,0.39951378107070923,
phần_phụ,1.0,dạ_con,0.4948713779449463,
phần_phụ,2.0,nếp_gấp,0.4861277937889099,
phần_phụ,3.0,nhãn_cầu,0.4791158437728882,
phần_phụ,4.0,bìu,0.455704927444458,
anh_dũng,1.0,anh_sơn,0.5944680571556091,
anh_dũng,2.0,anh_minh,0.5326033234596252,
anh_dũng,3.0,anh_linh,0.4896606504917145,
anh_dũng,4.0,trần_văn_phương,0.4827083945274353,
buôn_bán,1.0,mua_bán,0.5874358415603638,
buôn_bán,2.0,buôn,0.5515814423561096,
buôn_bán,3.0,buôn_bán_trái_phép,0.5458672642707825,
buôn_bán,4.0,buôn_lậu,0.5250080823898315,
khấp_khểnh,,,,'Word not found in embeddings: khấp_khểnh'
đâm_sầm,1.0,lao_đầu,0.6639302968978882,
đâm_sầm,2.0,đâm_đầu,0.6369652152061462,
đâm_sầm,3.0,chúi_đầu,0.5807181000709534,
đâm_sầm,4.0,sà,0.5636520981788635,
bò,1.0,trâu,0.6459742784500122,
bò,2.0,cừu,0.6363939046859741,
bò,3.0,lợn,0.6212547421455383,
bò,4.0,vịt,0.613305926322937,
yểm_hộ,,,,'Word not found in embeddings: yểm_hộ'
vòng_vòng,1.0,lòng_vòng,0.5224611163139343,
vòng_vòng,2.0,nhảy_dây,0.4846601188182831,
vòng_vòng,3.0,tới_lui,0.4593328535556793,
vòng_vòng,4.0,lon_ton,0.44036605954170227,
dị_ứng,1.0,dị_ứng_thuốc,0.6898934841156006,
dị_ứng,2.0,kích_ứng,0.656248152256012,
dị_ứng,3.0,ngạt_mũi,0.6204968094825745,
dị_ứng,4.0,thuỷ_đậu,0.6194413304328918,
vặn,1.0,khều,0.5301948189735413,
vặn,2.0,búng,0.51792311668396,
vặn,3.0,bẻ,0.497365266084671,
vặn,4.0,vuốt,0.4839231073856354,
lùng_bùng,1.0,tê_dại,0.5657342672348022,
lùng_bùng,2.0,nhói_đau,0.5580674409866333,
lùng_bùng,3.0,lạnh_toát,0.5341539978981018,
lùng_bùng,4.0,đau_nhói,0.5253070592880249,
chê,1.0,chê_bai,0.6974083185195923,
chê,2.0,chê_trách,0.6347153782844543,
chê,3.0,phê_phán,0.5653611421585083,
chê,4.0,mắng,0.5583670139312744,
tượng_đài,1.0,đền_thờ,0.56235671043396,
tượng_đài,2.0,tháp_chuông,0.5443983674049377,
tượng_đài,3.0,bia_tưởng_niệm,0.5406205654144287,
tượng_đài,4.0,giáo_đường,0.5329588055610657,
người_yêu,1.0,bạn_gái,0.7582037448883057,
người_yêu,2.0,bạn_trai,0.7494850158691406,
người_yêu,3.0,người_tình,0.702164351940155,
người_yêu,4.0,tình_địch,0.612263023853302,
thiện_cảm,1.0,cảm_tình,0.7095929384231567,
thiện_cảm,2.0,ác_cảm,0.5909680724143982,
thiện_cảm,3.0,sự_yêu_mến,0.5667547583580017,
thiện_cảm,4.0,sự_thu_hút,0.5586840510368347,
trau_chuốt,1.0,chăm_chút,0.7208850383758545,
trau_chuốt,2.0,chuốt,0.6741806268692017,
trau_chuốt,3.0,tỉ_mỉ,0.6024797558784485,
trau_chuốt,4.0,chỉn_chu,0.5959238409996033,
gươm,1.0,thanh_gươm,0.4388979375362396,
gươm,2.0,thanh_kiếm,0.42432934045791626,
gươm,3.0,nam_giao,0.41046804189682007,
gươm,4.0,xã_tắc,0.4068216383457184,
bánh_xe,1.0,má_phanh,0.6535152792930603,
bánh_xe,2.0,bánh_răng,0.6371853351593018,
bánh_xe,3.0,yên_xe,0.6271719336509705,
bánh_xe,4.0,ống_pô,0.6002788543701172,
nạc,1.0,không_béo,0.46324819326400757,
nạc,2.0,lạng,0.4558577835559845,
nạc,3.0,nạc_vai,0.43717285990715027,
nạc,4.0,đậu_hà_lan,0.4347352981567383,
khung_thành,1.0,cầu_môn,0.9057289958000183,
khung_thành,2.0,hàng_phòng_ngự,0.5587944388389587,
khung_thành,3.0,hàng_thủ,0.5382744669914246,
khung_thành,4.0,hàng_phòng_thủ,0.5241384506225586,
kĩ,1.0,kỹ,0.8955257534980774,
kĩ,2.0,kỹ_càng,0.7930140495300293,
kĩ,3.0,kĩ_càng,0.7715877890586853,
kĩ,4.0,kỹ_lưỡng,0.7317311763763428,
buồn,1.0,đau_buồn,0.6626209020614624,
buồn,2.0,đau_lòng,0.6386414170265198,
buồn,3.0,đau_khổ,0.6341570615768433,
buồn,4.0,vui,0.6325065493583679,
nhược_điểm,1.0,yếu_điểm,0.7694571018218994,
nhược_điểm,2.0,điểm_yếu,0.7450866103172302,
nhược_điểm,3.0,khiếm_khuyết,0.7054020166397095,
nhược_điểm,4.0,ưu_điểm,0.6970440745353699,
quan_hệ,1.0,mối_quan_hệ,0.7964689135551453,
quan_hệ,2.0,bang_giao,0.7034927010536194,
quan_hệ,3.0,quan_hệ_với,0.6866090297698975,
quan_hệ,4.0,quan_hệ_chính_trị,0.6376431584358215,
đong_đưa,1.0,lả_lơi,0.6200678944587708,
đong_đưa,2.0,liếc_mắt_đưa_tình,0.5710180401802063,
đong_đưa,3.0,nũng_nịu,0.5577554106712341,
đong_đưa,4.0,thỏ_thẻ,0.5158714652061462,
bừa_bãi,1.0,tràn_lan,0.654783308506012,
bừa_bãi,2.0,vô_tội_vạ,0.6326999068260193,
bừa_bãi,3.0,tuỳ_tiện,0.6301671266555786,
bừa_bãi,4.0,tùy_tiện,0.6061482429504395,
nghiêm_lệnh,,,,'Word not found in embeddings: nghiêm_lệnh'
nhà_thơ,1.0,nhà_văn,0.729997992515564,
nhà_thơ,2.0,thi_sĩ,0.6762955188751221,
nhà_thơ,3.0,thi_nhân,0.654198944568634,
nhà_thơ,4.0,phạm_tiến_duật,0.6516203880310059,
né_tránh,1.0,tránh_né,0.7065608501434326,
né_tránh,2.0,lảng_tránh,0.6645159125328064,
né_tránh,3.0,trốn_tránh,0.6265542507171631,
né_tránh,4.0,lẩn_tránh,0.5648995041847229,
địch,1.0,quân_địch,0.7914109826087952,
địch,2.0,của_địch,0.7576866745948792,
địch,3.0,quân_pháp,0.6331367492675781,
địch,4.0,kẻ_địch,0.6191432476043701,
lưu_thông,1.0,lưu_hành,0.5766990780830383,
lưu_thông,2.0,không_lưu_thông,0.5069226026535034,
lưu_thông,3.0,sự_lưu_thông,0.505248486995697,
lưu_thông,4.0,bài_tiết,0.47189345955848694,
thứ_yếu,1.0,đơn_thuần,0.584293782711029,
thứ_yếu,2.0,thuần_tuý,0.5294912457466125,
thứ_yếu,3.0,thuần_túy,0.5251261591911316,
thứ_yếu,4.0,có_chăng,0.517822265625,
đặt_chân,1.0,bước_chân,0.6780421137809753,
đặt_chân,2.0,chân_ướt_chân_ráo,0.6452682018280029,
đặt_chân,3.0,đặt_chân_đến,0.6360477805137634,
đặt_chân,4.0,đặt_chân_tới,0.5713576674461365,
dì_ghẻ,1.0,mẹ_ghẻ,0.5449188947677612,
dì_ghẻ,2.0,mẹ_kế,0.5347739458084106,
dì_ghẻ,3.0,mẹ_chồng,0.5099741816520691,
dì_ghẻ,4.0,chửa_hoang,0.5031498074531555,
rỗi,1.0,rảnh,0.5653171539306641,
rỗi,2.0,rảnh_rỗi,0.563550591468811,
rỗi,3.0,rỗi_rãi,0.5151665210723877,
rỗi,4.0,tán_gẫu,0.4668882191181183,
tái_phát,1.0,tái_nhiễm,0.6055718660354614,
tái_phát,2.0,bội_nhiễm,0.5761709213256836,
tái_phát,3.0,viêm_nhiễm,0.5274224281311035,
tái_phát,4.0,phát_bệnh,0.5246104598045349,
mầm,1.0,chồi,0.6175455451011658,
mầm,2.0,mầm_mống,0.4964939057826996,
mầm,3.0,nảy_mầm,0.4950685203075409,
mầm,4.0,gieo_mầm,0.44135183095932007,
hạn_hán,1.0,khô_hạn,0.7973173260688782,
hạn_hán,2.0,lũ_lụt,0.6923827528953552,
hạn_hán,3.0,lụt_lội,0.6742159724235535,
hạn_hán,4.0,bão_tuyết,0.6414850950241089,
lưỡng_lự,1.0,phân_vân,0.7348336577415466,
lưỡng_lự,2.0,do_dự,0.7331650853157043,
lưỡng_lự,3.0,đắn_đo,0.6453658938407898,
lưỡng_lự,4.0,dè_dặt,0.6393733620643616,
tung,1.0,tung_ra,0.6736548542976379,
tung,2.0,quăng,0.5560627579689026,
tung,3.0,ném,0.505882740020752,
tung,4.0,đưa,0.501046895980835,
giầu,1.0,giàu,0.7323091626167297,
giầu,2.0,giàu_có,0.5256759524345398,
giầu,3.0,giầu_có,0.49184802174568176,
giầu,4.0,trọc_phú,0.4270981252193451,
làm_đẹp,1.0,chăm_sóc_sắc_đẹp,0.7153952717781067,
làm_đẹp,2.0,việc_làm_đẹp,0.6180586814880371,
làm_đẹp,3.0,trang_điểm,0.5720853805541992,
làm_đẹp,4.0,làm_trắng,0.5159574151039124,
ban_mai,1.0,chiều_tà,0.5739948749542236,
ban_mai,2.0,hoàng_hôn,0.5274715423583984,
ban_mai,3.0,tinh_khôi,0.4800467789173126,
ban_mai,4.0,sớm_mai,0.47671183943748474,
quỳ,1.0,quỳ_xuống,0.6784375309944153,
quỳ,2.0,quỳ_gối,0.6176135540008545,
quỳ,3.0,quì,0.5845810174942017,
quỳ,4.0,quỳ_lạy,0.5626932978630066,
bại_lộ,1.0,phát_giác,0.6669215559959412,
bại_lộ,2.0,lật_tẩy,0.6482841372489929,
bại_lộ,3.0,lộ_tẩy,0.6409244537353516,
bại_lộ,4.0,vỡ_lở,0.6287261247634888,
tính_cách,1.0,cá_tính,0.6968725323677063,
tính_cách,2.0,bản_tính,0.6514860987663269,
tính_cách,3.0,tính_tình,0.6514667868614197,
tính_cách,4.0,khí_chất,0.6332190036773682,
triều_đại,1.0,sự_cai_trị,0.635015070438385,
triều_đại,2.0,thời,0.6124725937843323,
triều_đại,3.0,vương_triều,0.594253420829773,
triều_đại,4.0,sự_dẫn_dắt,0.5888373255729675,
cõi_dương,,,,'Word not found in embeddings: cõi_dương'
lình_xình,1.0,sideway,0.6495643854141235,
lình_xình,2.0,trầm_lắng,0.619202733039856,
lình_xình,3.0,giằng_co,0.6008127331733704,
lình_xình,4.0,ảm_đạm,0.5558001399040222,
chần_chừ,1.0,do_dự,0.6332484483718872,
chần_chừ,2.0,lưỡng_lự,0.5597251653671265,
chần_chừ,3.0,đắn_đo,0.5265455842018127,
chần_chừ,4.0,sốt_ruột,0.5150399804115295,
khử_trùng,1.0,khử_khuẩn,0.7361919283866882,
khử_trùng,2.0,sát_trùng,0.7052268981933594,
khử_trùng,3.0,sát_khuẩn,0.6429880261421204,
khử_trùng,4.0,thuốc_khử_trùng,0.6345471739768982,
ngập,1.0,ngập_lụt,0.7870327234268188,
ngập,2.0,ngập_úng,0.7740005254745483,
ngập,3.0,ngập_nước,0.752167820930481,
ngập,4.0,úng_ngập,0.6669167280197144,
nhà,1.0,nhà_tầng,0.7182312607765198,
nhà,2.0,nhà_chung,0.6249258518218994,
nhà,3.0,nhà_di_động,0.6130148768424988,
nhà,4.0,nhà_ở,0.5902381539344788,
tĩnh,1.0,ba_chiều,0.43463730812072754,
tĩnh,2.0,thoải,0.4093964397907257,
tĩnh,3.0,quang,0.3959413468837738,
tĩnh,4.0,góc_vuông,0.3896886110305786,
ưu,1.0,inverter,0.3963249623775482,
ưu,2.0,chuối_tiêu,0.3836095929145813,
ưu,3.0,khoa_học_nhân_văn,0.37456658482551575,
ưu,4.0,trần_bì,0.3494972288608551,
cõi_âm,1.0,gọi_hồn,0.5202102065086365,
cõi_âm,2.0,đã_khuất,0.5146600604057312,
cõi_âm,3.0,vàng_mã,0.5142428874969482,
cõi_âm,4.0,dâng_lễ,0.463949978351593,
biện_pháp,1.0,giải_pháp,0.764254629611969,
biện_pháp,2.0,biện_pháp_phòng_ngừa,0.7033949494361877,
biện_pháp,3.0,kế_sách,0.6326060891151428,
biện_pháp,4.0,đối_sách,0.6125053763389587,
thành_hôn,1.0,đính_hôn,0.7242259383201599,
thành_hôn,2.0,kết_hôn,0.651557445526123,
thành_hôn,3.0,làm_đám_cưới,0.6454252004623413,
thành_hôn,4.0,tổ_chức_lễ_cưới,0.6366735100746155,
bảo_thủ,1.0,cánh_hữu,0.6065884828567505,
bảo_thủ,2.0,cố_chấp,0.5767794251441956,
bảo_thủ,3.0,quân_phiệt,0.5736114978790283,
bảo_thủ,4.0,độc_đoán,0.5732072591781616,
nguy_hiểm,1.0,nguy_hại,0.6732670068740845,
nguy_hiểm,2.0,đáng_sợ,0.5889825224876404,
nguy_hiểm,3.0,hiểm_nguy,0.5827414393424988,
nguy_hiểm,4.0,nhạy_cảm,0.5801261067390442,
nhị,1.0,ngũ,0.4918462634086609,
nhị,2.0,hữu,0.48367708921432495,
nhị,3.0,tiên_sinh,0.48330357670783997,
nhị,4.0,dật,0.48163580894470215,
thuận_lợi,1.0,thuận_tiện,0.6235724091529846,
thuận_lợi,2.0,thông_thoáng,0.5609436631202698,
thuận_lợi,3.0,tốt,0.5544412136077881,
thuận_lợi,4.0,khó_khăn,0.5399569869041443,
sum_họp,1.0,sum_vầy,0.7064113020896912,
sum_họp,2.0,đoàn_tụ,0.7055524587631226,
sum_họp,3.0,quây_quần,0.6467920541763306,
sum_họp,4.0,vui_vầy,0.5866460800170898,
nói_móc,,,,'Word not found in embeddings: nói_móc'
phong_toả,1.0,phong_tỏa,0.9476357102394104,
phong_toả,2.0,san_phẳng,0.5372218489646912,
phong_toả,3.0,bao_vây,0.5367642045021057,
phong_toả,4.0,phá_hủy,0.5217010974884033,
tuần_hành,1.0,biểu_tình,0.8218072056770325,
tuần_hành,2.0,diễu_hành,0.6438835859298706,
tuần_hành,3.0,biểu_tình_tuần_hành,0.6387363076210022,
tuần_hành,4.0,tổng_đình_công,0.6336403489112854,
thoái_trào,1.0,suy_tàn,0.6628844738006592,
thoái_trào,2.0,cực_thịnh,0.5610694885253906,
thoái_trào,3.0,tụt_dốc,0.5557495355606079,
thoái_trào,4.0,bão_hoà,0.542965292930603,
suy,1.0,xơ_gan,0.47834187746047974,
suy,2.0,rối_loạn,0.4630782902240753,
suy,3.0,viêm_phổi,0.457444429397583,
suy,4.0,nhồi_máu_cơ_tim,0.45667678117752075,
ngà,1.0,hoa_tai,0.4625163972377777,
ngà,2.0,mít,0.4487680494785309,
ngà,3.0,nguyễn_văn_trọng,0.44199615716934204,
ngà,4.0,hồng,0.44141852855682373,
cá_quả,1.0,sò_huyết,0.610929548740387,
cá_quả,2.0,kỷ_tử,0.6059252619743347,
cá_quả,3.0,khoai_sọ,0.5826524496078491,
cá_quả,4.0,táo_tàu,0.5820983648300171,
biếu_xén,1.0,quà_cáp,0.6039562821388245,
biếu_xén,2.0,vòi_vĩnh,0.5744112133979797,
biếu_xén,3.0,biếu,0.5225890874862671,
biếu_xén,4.0,tiền_nong,0.5130841732025146,
con_ruột,1.0,cháu_ruột,0.6788128614425659,
con_ruột,2.0,anh_trai,0.6517017483711243,
con_ruột,3.0,em_trai,0.6450279355049133,
con_ruột,4.0,cháu_nội,0.644089937210083,
phân_công,1.0,giao_nhiệm_vụ,0.5193910002708435,
phân_công,2.0,phân_vai,0.5037007927894592,
phân_công,3.0,điều_động,0.48239293694496155,
phân_công,4.0,sắp_xếp,0.47914963960647583,
chuyển_động,1.0,sự_chuyển_động,0.6824626326560974,
chuyển_động,2.0,sự_di_chuyển,0.6096627712249756,
chuyển_động,3.0,xoay_tròn,0.5623332858085632,
chuyển_động,4.0,sự_vận_động,0.5620136857032776,
khơi_gợi,1.0,khơi_dậy,0.7055848836898804,
khơi_gợi,2.0,đánh_thức,0.5692849159240723,
khơi_gợi,3.0,truyền_đạt,0.5412115454673767,
khơi_gợi,4.0,khơi_nguồn,0.5360477566719055,
cân_bằng,1.0,cân_đối,0.6722718477249146,
cân_bằng,2.0,sự_cân_bằng,0.637820303440094,
cân_bằng,3.0,quân_bình,0.5589733719825745,
cân_bằng,4.0,ổn_định,0.5461597442626953,
tuyển_chọn,1.0,tuyển_lựa,0.7519016265869141,
tuyển_chọn,2.0,được_tuyển_chọn,0.6581293940544128,
tuyển_chọn,3.0,sàng_lọc,0.5978529453277588,
tuyển_chọn,4.0,sơ_tuyển,0.5844881534576416,
hữu_ích,1.0,hữu_dụng,0.7771263718605042,
hữu_ích,2.0,bổ_ích,0.668813169002533,
hữu_ích,3.0,có_ích,0.6624094247817993,
hữu_ích,4.0,thú_vị,0.6469307541847229,
nhỏ_nhắn,1.0,mảnh_khảnh,0.6751763820648193,
nhỏ_nhắn,2.0,xinh_xắn,0.6410309672355652,
nhỏ_nhắn,3.0,mảnh_mai,0.6395208239555359,
nhỏ_nhắn,4.0,thanh_mảnh,0.549332320690155,
hố_đen,1.0,lỗ_đen,0.7340683341026306,
hố_đen,2.0,thiên_thể,0.6133351922035217,
hố_đen,3.0,sao_thiên_vương,0.5917092561721802,
hố_đen,4.0,bầu_khí_quyển,0.5863202214241028,
đóng,1.0,đảm_nhiệm,0.5115106105804443,
đóng,2.0,đảm_nhận,0.5110675692558289,
đóng,3.0,nộp,0.4987010657787323,
đóng,4.0,giữ,0.4588654935359955,
tính_khí,1.0,tính_tình,0.6878254413604736,
tính_khí,2.0,bản_tính,0.6174924373626709,
tính_khí,3.0,tính_nết,0.5911900401115417,
tính_khí,4.0,tính_cách,0.5712611079216003,
giáo_sĩ,1.0,tu_sĩ,0.6084165573120117,
giáo_sĩ,2.0,mục_sư,0.596404492855072,
giáo_sĩ,3.0,tín_đồ_hồi_giáo,0.5586205720901489,
giáo_sĩ,4.0,nhà_độc_tài,0.5514383316040039,
dân_tộc,1.0,dân_tộc_thiểu_số,0.5725879669189453,
dân_tộc,2.0,tộc_người,0.5720522403717041,
dân_tộc,3.0,dtts,0.5468785762786865,
dân_tộc,4.0,ba_na,0.5351662039756775,
sờ,1.0,sờ_vào,0.6896763443946838,
sờ,2.0,gõ_nhẹ,0.528286337852478,
sờ,3.0,được_chạm,0.5260689854621887,
sờ,4.0,xoa,0.5258119702339172,
đền_đáp,1.0,tưởng_thưởng,0.7481786012649536,
đền_đáp,2.0,toại_nguyện,0.5720582008361816,
đền_đáp,3.0,đền_đáp_lại,0.5452293753623962,
đền_đáp,4.0,vinh_danh,0.5200967788696289,
phân_đạm,1.0,phân_bón,0.6414300203323364,
phân_đạm,2.0,urê,0.6186279058456421,
phân_đạm,3.0,phân_lân,0.607293963432312,
phân_đạm,4.0,phân_kali,0.5986288785934448,
nguỵ_trang,1.0,ngụy_trang,0.9225704073905945,
nguỵ_trang,2.0,che_mắt,0.5221913456916809,
nguỵ_trang,3.0,che_đậy,0.5091350674629211,
nguỵ_trang,4.0,được_che_đậy,0.4991227686405182,
mới_toanh,1.0,mới_tinh,0.48129016160964966,
mới_toanh,2.0,lính_mới,0.4790146052837372,
mới_toanh,3.0,kool,0.46955767273902893,
mới_toanh,4.0,cây_nhà_lá_vườn,0.4521545171737671,
bệ,1.0,yên_xe,0.5338117480278015,
bệ,2.0,giàn_giáo,0.5143635869026184,
bệ,3.0,phần_đế,0.5079866647720337,
bệ,4.0,tấm_ván,0.49925899505615234,
tiệc,1.0,bữa_tiệc,0.7638106942176819,
tiệc,2.0,buổi_tiệc,0.7611010670661926,
tiệc,3.0,dạ_tiệc,0.7012235522270203,
tiệc,4.0,tiệc_rượu,0.6611195802688599,
gọn_gàng,1.0,ngăn_nắp,0.6573873162269592,
gọn_gàng,2.0,thanh_thoát,0.5683060884475708,
gọn_gàng,3.0,sạch_sẽ,0.5612389445304871,
gọn_gàng,4.0,gọn,0.5575979948043823,
thụ_động,1.0,bị_động,0.5931040048599243,
thụ_động,2.0,hời_hợt,0.558249294757843,
thụ_động,3.0,vô_thức,0.5010812282562256,
thụ_động,4.0,cứng_nhắc,0.5004018545150757,
đơn_âm,,,,'Word not found in embeddings: đơn_âm'
ghen_ghét,1.0,ganh_ghét,0.7087081670761108,
ghen_ghét,2.0,đố_kỵ,0.681635856628418,
ghen_ghét,3.0,đố_kị,0.6245928406715393,
ghen_ghét,4.0,thù_ghét,0.5783434510231018,
sờn_lòng,,,,'Word not found in embeddings: sờn_lòng'
khoa_học,1.0,nghiên_cứu_khoa_học,0.5982518792152405,
khoa_học,2.0,ngành_khoa_học,0.5554187893867493,
khoa_học,3.0,vật_lý_học,0.553385853767395,
khoa_học,4.0,y_học,0.5471276044845581,
vẹo_vọ,,,,'Word not found in embeddings: vẹo_vọ'
tiếp_sức,1.0,chắp_cánh,0.4916371703147888,
tiếp_sức,2.0,tình_nguyện,0.47810959815979004,
tiếp_sức,3.0,giúp_sức,0.470694899559021,
tiếp_sức,4.0,cổ_vũ,0.46610426902770996,
sáng_tác,1.0,người_sáng_tác,0.5885105729103088,
sáng_tác,2.0,ca_khúc,0.563676655292511,
sáng_tác,3.0,viết_kịch_bản,0.5539053678512573,
sáng_tác,4.0,sáng_tạo_nghệ_thuật,0.5424594283103943,
thị_thành,1.0,phố_thị,0.5872660875320435,
thị_thành,2.0,thôn_dã,0.5382054448127747,
thị_thành,3.0,đô_hội,0.5222048759460449,
thị_thành,4.0,phồn_hoa,0.5115054249763489,
nhích,1.0,nhích_dần,0.7083820104598999,
nhích,2.0,tăng,0.5574179887771606,
nhích,3.0,tăng_vọt,0.5405009388923645,
nhích,4.0,vàng_vọt,0.47216975688934326,
hướng_tâm,1.0,xuyên_tâm,0.5168453454971313,
hướng_tâm,2.0,phụ_cận,0.46467310190200806,
hướng_tâm,3.0,chùm_đô_thị,0.45690977573394775,
hướng_tâm,4.0,trục_chính,0.452179491519928,
đường_ống,1.0,đường_ống_dẫn,0.6944988369941711,
đường_ống,2.0,cống,0.6561799049377441,
đường_ống,3.0,đường_ống_nước,0.6483685970306396,
đường_ống,4.0,ống,0.6443966031074524,
nhỏ_nhoi,1.0,nhỏ_bé,0.7093798518180847,
nhỏ_nhoi,2.0,mong_manh,0.6262606382369995,
nhỏ_nhoi,3.0,ít_ỏi,0.5671426653862,
nhỏ_nhoi,4.0,bé_nhỏ,0.5539178252220154,
răng,1.0,hàm_răng,0.6671321392059326,
răng,2.0,răng_sữa,0.658438503742218,
răng,3.0,móng_tay,0.6568875312805176,
răng,4.0,răng_cửa,0.6212548613548279,
kiên_định,1.0,kiên_trì,0.6031473278999329,
kiên_định,2.0,giữ_vững_lập_trường,0.550798237323761,
kiên_định,3.0,sự_kiên_định,0.5377813577651978,
kiên_định,4.0,nhất_quán,0.5255894064903259,
bầu_bạn,1.0,bè_bạn,0.49113786220550537,
bầu_bạn,2.0,kề_vai_sát_cánh,0.4714218080043793,
bầu_bạn,3.0,chuyện_trò,0.4627167880535126,
bầu_bạn,4.0,con_cháu,0.45893314480781555,
lưng,1.0,gáy,0.5176405906677246,
lưng,2.0,tay_phải,0.46904581785202026,
lưng,3.0,vạt_áo,0.4531306326389313,
lưng,4.0,cổ_tay,0.4530058205127716,
lô,1.0,nhãn,0.4720819294452667,
lô,2.0,sạp,0.4302685558795929,
lô,3.0,container,0.423625648021698,
lô,4.0,vnxk,0.42359116673469543,
ổ_khoá,1.0,ổ_khóa,0.9166169762611389,
ổ_khoá,2.0,cửa_xếp,0.5614268183708191,
ổ_khoá,3.0,công_tắc,0.5608805418014526,
ổ_khoá,4.0,cửa_cuốn,0.5575680136680603,
đĩa_bay,1.0,ufo,0.5738517045974731,
đĩa_bay,2.0,tosy,0.4855392873287201,
đĩa_bay,3.0,j-20,0.47311222553253174,
đĩa_bay,4.0,vật_thể_bay_không_xác_định,0.4729346036911011,
ngúng_nguẩy,1.0,hờn_dỗi,0.5630306005477905,
ngúng_nguẩy,2.0,nũng_nịu,0.5569972991943359,
ngúng_nguẩy,3.0,gắt_gỏng,0.5390872359275818,
ngúng_nguẩy,4.0,vênh_váo,0.5375716686248779,
ứng_chiến,,,,'Word not found in embeddings: ứng_chiến'
thâm_nhập,1.0,xâm_nhập,0.7951090931892395,
thâm_nhập,2.0,thâm_nhập_vào,0.7455996870994568,
thâm_nhập,3.0,chiếm_lĩnh,0.5760533809661865,
thâm_nhập,4.0,gia_nhập,0.5209810733795166,
hạ_bút,,,,'Word not found in embeddings: hạ_bút'
khô_kiệt,1.0,khô_cạn,0.623227059841156,
khô_kiệt,2.0,cạn_kiệt,0.5722413063049316,
khô_kiệt,3.0,bồi_lắng,0.5598521828651428,
khô_kiệt,4.0,tan_chảy,0.5542310476303101,
biến_đổi,1.0,sự_biến_đổi,0.65853351354599,
biến_đổi,2.0,thay_đổi,0.5795234441757202,
biến_đổi,3.0,bđkh,0.49848464131355286,
biến_đổi,4.0,sự_thay_đổi,0.489113986492157,
trên,1.0,nằm_trên,0.587485134601593,
trên,2.0,tháng_trên,0.5270748138427734,
trên,3.0,đứng_trên,0.5137362480163574,
trên,4.0,lướt_trên,0.5097266435623169,
phản_đối,1.0,lên_án,0.6890568733215332,
phản_đối,2.0,kịch_liệt_phản_đối,0.6584158539772034,
phản_đối,3.0,phản_đối_kịch_liệt,0.6570160388946533,
phản_đối,4.0,chỉ_trích,0.6340861916542053,
rờ_mó,,,,'Word not found in embeddings: rờ_mó'
vai_vế,1.0,địa_vị,0.5858725905418396,
vai_vế,2.0,địa_vị_cao,0.5683419704437256,
vai_vế,3.0,quyền_thế,0.5636084675788879,
vai_vế,4.0,uy_quyền,0.5582276582717896,
ồn_ào,1.0,ồn_ã,0.6851442456245422,
ồn_ào,2.0,huyên_náo,0.6566800475120544,
ồn_ào,3.0,ầm_ĩ,0.6523430347442627,
ồn_ào,4.0,sự_ồn_ào,0.6074972152709961,
đau_lòng,1.0,đau_xót,0.8057118058204651,
đau_lòng,2.0,thương_tâm,0.7529959678649902,
đau_lòng,3.0,đau_buồn,0.7184047102928162,
đau_lòng,4.0,xót_xa,0.7118595838546753,
quần_áo,1.0,áo_quần,0.8052752017974854,
quần_áo,2.0,đồ,0.6635900735855103,
quần_áo,3.0,bộ_quần_áo,0.6516805291175842,
quần_áo,4.0,váy_áo,0.6430613994598389,
lộp_độp,,,,'Word not found in embeddings: lộp_độp'
đồng_dao,1.0,hát_ru,0.5851888060569763,
đồng_dao,2.0,thánh_ca,0.5446799993515015,
đồng_dao,3.0,tổ_khúc,0.5343412160873413,
đồng_dao,4.0,hoà_tấu,0.5228651165962219,
mọc,1.0,mọc_ra,0.6735153198242188,
mọc,2.0,mọc_lên,0.6684824228286743,
mọc,3.0,nhú,0.5526108741760254,
mọc,4.0,nhú_lên,0.5331560373306274,
nhân_tình,1.0,người_tình,0.6788700222969055,
nhân_tình,2.0,người_yêu,0.5868151783943176,
nhân_tình,3.0,bồ_nhí,0.5806419849395752,
nhân_tình,4.0,tình_địch,0.572895348072052,
chứng_cứ,1.0,chứng_cớ,0.7953243851661682,
chứng_cứ,2.0,bằng_chứng,0.7283479571342468,
chứng_cứ,3.0,chứng_lý,0.6520829200744629,
chứng_cứ,4.0,vật_chứng,0.6213756203651428,
mở_màn,1.0,mở_đầu,0.7516896724700928,
mở_màn,2.0,khởi_đầu,0.5986173748970032,
mở_màn,3.0,châm_ngòi,0.570389449596405,
mở_màn,4.0,kết_thúc,0.540225625038147,
đoàn_kết,1.0,tình_đoàn_kết,0.6374518871307373,
đoàn_kết,2.0,đồng_tâm_hiệp_lực,0.5717446208000183,
đoàn_kết,3.0,tương_thân_tương_ái,0.5467373728752136,
đoàn_kết,4.0,đồng_lòng,0.5418533682823181,
đêm,1.0,tối,0.6757490038871765,
đêm,2.0,đêm_hôm,0.6519758105278015,
đêm,3.0,chiều_hôm,0.6176257133483887,
đêm,4.0,đêm_ngày,0.5968410968780518,
rào,1.0,tường_rào,0.6716940402984619,
rào,2.0,hàng_rào,0.6179805397987366,
rào,3.0,bờ_rào,0.5423363447189331,
rào,4.0,thép_gai,0.5379670262336731,
đảo_ngược,1.0,xoay_chuyển,0.6442363262176514,
đảo_ngược,2.0,phá_vỡ,0.6419610977172852,
đảo_ngược,3.0,phục_hồi_lại,0.6211669445037842,
đảo_ngược,4.0,lật_ngược,0.6209239363670349,
tiểu_học,1.0,thcs,0.8195222020149231,
tiểu_học,2.0,mẫu_giáo,0.6918802857398987,
tiểu_học,3.0,mầm_non,0.6787947416305542,
tiểu_học,4.0,thpt,0.6644057035446167,
đức_tính,1.0,phẩm_chất,0.7060824036598206,
đức_tính,2.0,tố_chất,0.598468005657196,
đức_tính,3.0,tư_chất,0.562799334526062,
đức_tính,4.0,lòng_vị_tha,0.5613104104995728,
liên_kết,1.0,gắn_kết,0.6876932978630066,
liên_kết,2.0,sự_liên_kết,0.6606467962265015,
liên_kết,3.0,để_liên_kết,0.6469970345497131,
liên_kết,4.0,có_liên_kết,0.640079140663147,
hoàng_gia,1.0,william,0.4805353283882141,
hoàng_gia,2.0,vương_quốc_anh,0.47333356738090515,
hoàng_gia,3.0,thuỵ_sĩ,0.457639217376709,
hoàng_gia,4.0,edinburgh,0.45488032698631287,
chỗ,1.0,chổ,0.6354016661643982,
chỗ,2.0,chỗ_ngồi,0.4845640957355499,
chỗ,3.0,chỗ_nào_đó,0.46107161045074463,
chỗ,4.0,chỗ_làm,0.45751550793647766,
hoá_lỏng,1.0,hóa_lỏng,0.9157589077949524,
hoá_lỏng,2.0,viện_dầu,0.526430606842041,
hoá_lỏng,3.0,pvg,0.49773621559143066,
hoá_lỏng,4.0,cng,0.45106610655784607,
bí_mật,1.0,tuyệt_mật,0.6460031867027283,
bí_mật,2.0,tối_mật,0.5443351864814758,
bí_mật,3.0,thông_tin_mật,0.5408550500869751,
bí_mật,4.0,điều_bí_mật,0.504139244556427,
phụ_bạc,1.0,phụ_tình,0.7246881723403931,
phụ_bạc,2.0,phản_bội,0.6799699068069458,
phụ_bạc,3.0,ruồng_bỏ,0.6644800305366516,
phụ_bạc,4.0,chà_đạp,0.6309496164321899,
cân_nhắc,1.0,xem_xét,0.7679455280303955,
cân_nhắc,2.0,cân_nhắc_kỹ,0.672693133354187,
cân_nhắc,3.0,cân_nhắc_kĩ,0.6313886642456055,
cân_nhắc,4.0,suy_xét,0.6074280738830566,
ném_đĩa,1.0,nhảy_sào,0.5327614545822144,
ném_đĩa,2.0,110m,0.5185679197311401,
ném_đĩa,3.0,ném_lao,0.5134220123291016,
ném_đĩa,4.0,bơi_bướm,0.5044481754302979,
bánh_giò,1.0,bánh_rán,0.602914035320282,
bánh_giò,2.0,sủi_cảo,0.590806782245636,
bánh_giò,3.0,bánh_mỳ,0.5879996418952942,
bánh_giò,4.0,bánh_đúc,0.577975332736969,
âm_thanh,1.0,âm_trầm,0.6122320890426636,
âm_thanh,2.0,tạp_âm,0.6081046462059021,
âm_thanh,3.0,thanh_âm,0.5851228833198547,
âm_thanh,4.0,loa,0.5769615173339844,
thơ_thẩn,1.0,tha_thẩn,0.6520562171936035,
thơ_thẩn,2.0,đi_loanh_quanh,0.5793563723564148,
thơ_thẩn,3.0,lủi_thủi,0.5490339398384094,
thơ_thẩn,4.0,nô_đùa,0.530227780342102,
tế_bào,1.0,phân_tử,0.6806067228317261,
tế_bào,2.0,enzyme,0.647835373878479,
tế_bào,3.0,màng_tế_bào,0.6449688673019409,
tế_bào,4.0,enzym,0.6394410133361816,
bánh_lái,1.0,thanh_chống,0.5374107360839844,
bánh_lái,2.0,bánh_răng,0.5332231521606445,
bánh_lái,3.0,mái_chèo,0.5089824199676514,
bánh_lái,4.0,ca_bin,0.4997372031211853,
hiện,1.0,hiện_giờ,0.6783666610717773,
hiện,2.0,hiện_nay,0.6357212066650391,
hiện,3.0,hiện_tại,0.6115427017211914,
hiện,4.0,mặc_dù,0.5336452126502991,
giấu,1.0,giấu_kín,0.6009612679481506,
giấu,2.0,giấu_đi,0.5244157314300537,
giấu,3.0,che_giấu,0.5172622799873352,
giấu,4.0,che_đậy,0.4942754805088043,
gốc,1.0,gốc_từ,0.3940339982509613,
gốc,2.0,thấp_nhỏ,0.35504937171936035,
gốc,3.0,tên_chữ,0.3487630784511566,
gốc,4.0,quốc_tịch,0.34516963362693787,
thả_lỏng,1.0,kéo_căng,0.5328380465507507,
thả_lỏng,2.0,nghỉ_ngơi,0.5022166967391968,
thả_lỏng,3.0,hít_thở,0.4871153235435486,
thả_lỏng,4.0,thư_giãn,0.4840131402015686,
cạn,1.0,cạn_kiệt,0.6647604703903198,
cạn,2.0,đã_cạn,0.6320867538452148,
cạn,3.0,bị_cạn,0.6172841191291809,
cạn,4.0,cạn_nước,0.596082329750061,
luồng,1.0,dòng,0.5859130620956421,
luồng,2.0,dòng_chảy,0.5080167651176453,
luồng,3.0,làn_sóng,0.45012491941452026,
luồng,4.0,luồng_không_khí,0.42820972204208374,
bảng_tổng_sắp,1.0,bxh,0.7981765270233154,
bảng_tổng_sắp,2.0,bảng_xếp_hạng,0.7345893979072571,
bảng_tổng_sắp,3.0,tổng_sắp,0.6050300598144531,
bảng_tổng_sắp,4.0,bxh_fifa,0.5848137736320496,
xấp_xỉ,1.0,trên_dưới,0.6091834902763367,
xấp_xỉ,2.0,khoảng,0.5968586206436157,
xấp_xỉ,3.0,gần,0.5827493667602539,
xấp_xỉ,4.0,lượng/ngày,0.5185235738754272,
cố_định,1.0,hoán_đổi,0.4735831618309021,
cố_định,2.0,tối_thiểu,0.4566740095615387,
cố_định,3.0,thông_thường,0.3934222161769867,
cố_định,4.0,hình_vuông,0.38873013854026794,
ưu_điểm,1.0,nhược_điểm,0.6970440745353699,
ưu_điểm,2.0,đặc_điểm,0.5735779404640198,
ưu_điểm,3.0,đặc_tính,0.5701993107795715,
ưu_điểm,4.0,thế_mạnh,0.5651859045028687,
khiếm_nhã,1.0,thô_lỗ,0.6491098999977112,
khiếm_nhã,2.0,tục_tĩu,0.6459777355194092,
khiếm_nhã,3.0,thô_tục,0.6026459336280823,
khiếm_nhã,4.0,vô_lễ,0.6025641560554504,
lợi,1.0,lợi_lộc,0.5713140368461609,
lợi,2.0,có_lợi,0.48390352725982666,
lợi,3.0,ích_lợi,0.47734662890434265,
lợi,4.0,lợi_ích,0.46977078914642334,
bệnh_tật,1.0,bệnh,0.661051332950592,
bệnh_tật,2.0,bệnh_lao,0.6523318886756897,
bệnh_tật,3.0,chứng_trầm_cảm,0.6274504661560059,
bệnh_tật,4.0,bệnh_dịch,0.5928865671157837,
cây_hoa_màu,1.0,cây_công_nghiệp,0.6144647002220154,
cây_hoa_màu,2.0,cây_trồng,0.5623494982719421,
cây_hoa_màu,3.0,cây_ăn_quả,0.5342798233032227,
cây_hoa_màu,4.0,hoa_màu,0.5342264175415039,
tinh_chế,1.0,tinh_luyện,0.6940475702285767,
tinh_chế,2.0,lên_men,0.5631322860717773,
tinh_chế,3.0,chế_biến,0.557657778263092,
tinh_chế,4.0,thủy_phân,0.5515733957290649,
tung_tích,1.0,manh_mối,0.6734446883201599,
tung_tích,2.0,hành_tung,0.6589272022247314,
tung_tích,3.0,danh_tính,0.6586053967475891,
tung_tích,4.0,dấu_vết,0.5912072062492371,
đầu,1.0,cuối,0.6423954367637634,
đầu,2.0,10/2009.,0.5754638314247131,
đầu,3.0,10/2011.,0.5650175213813782,
đầu,4.0,11/2006,0.5560051798820496,
hằn_học,1.0,khinh_bỉ,0.6485871076583862,
hằn_học,2.0,thô_lỗ,0.6270368099212646,
hằn_học,3.0,giận_dữ,0.6247679591178894,
hằn_học,4.0,xấc_xược,0.6214051246643066,
xảo_quyệt,1.0,ranh_ma,0.6589676737785339,
xảo_quyệt,2.0,mưu_mô,0.6463187336921692,
xảo_quyệt,3.0,quỷ_quyệt,0.634806752204895,
xảo_quyệt,4.0,ranh_mãnh,0.6143220067024231,
hà_tiện,1.0,bủn_xỉn,0.632774829864502,
hà_tiện,2.0,keo_kiệt,0.5957427620887756,
hà_tiện,3.0,ki_bo,0.5613195896148682,
hà_tiện,4.0,nhỏ_mọn,0.5328496098518372,
để_dành,1.0,dành,0.6573811769485474,
để_dành,2.0,dành_hết,0.6333985328674316,
để_dành,3.0,được_dành,0.5634773969650269,
để_dành,4.0,dành_trọn,0.5123855471611023,
rủi,1.0,xui_xẻo,0.48067396879196167,
rủi,2.0,may_rủi,0.4124455749988556,
rủi,3.0,ăn_may,0.4071621000766754,
rủi,4.0,hoả_hoạn,0.3996480107307434,
chân_vịt,1.0,vòi_hơi,0.542539656162262,
chân_vịt,2.0,110m,0.5391335487365723,
chân_vịt,3.0,4x100m,0.5002931356430054,
chân_vịt,4.0,10.000m,0.48234856128692627,
vèo,1.0,veo,0.5773721933364868,
vèo,2.0,loáng,0.49355509877204895,
vèo,3.0,đùng,0.49064016342163086,
vèo,4.0,rụp,0.45048412680625916,
thường_lệ,1.0,mọi_khi,0.8069037795066833,
thường_lệ,2.0,đặt_để,0.6007413268089294,
thường_lệ,3.0,cơm_bữa,0.5389670729637146,
thường_lệ,4.0,búa_bổ,0.5342024564743042,
phong_thái,1.0,dáng_vẻ,0.6628081798553467,
phong_thái,2.0,thần_thái,0.6573542356491089,
phong_thái,3.0,vẻ,0.6527236104011536,
phong_thái,4.0,tính_cách,0.6175482869148254,
vô_ơn,1.0,căm_giận,0.5692698359489441,
vô_ơn,2.0,tráo_trở,0.5552953481674194,
vô_ơn,3.0,không_chung_thuỷ,0.5546138286590576,
vô_ơn,4.0,báng_bổ,0.5518163442611694,
nối_tiếp,1.0,tiếp_nối,0.7263380885124207,
nối_tiếp,2.0,đan_xen,0.4890279173851013,
nối_tiếp,3.0,tái_hiện_lại,0.4473818242549896,
nối_tiếp,4.0,ghi_dấu,0.4357862174510956,
chuyển_hướng,1.0,dịch_chuyển,0.589306116104126,
chuyển_hướng,2.0,việc_chuyển_hướng,0.5640719532966614,
chuyển_hướng,3.0,chuyển,0.5439797043800354,
chuyển_hướng,4.0,lấn_sân,0.5337510704994202,
tập_luyện,1.0,luyện_tập,0.908232569694519,
tập_luyện,2.0,thi_đấu,0.6395838260650635,
tập_luyện,3.0,tập_thể_dục,0.5984361171722412,
tập_luyện,4.0,sự_tập_luyện,0.5975502133369446,
đổi_thay,1.0,thay_da_đổi_thịt,0.731005072593689,
đổi_thay,2.0,chuyển_mình,0.7063026428222656,
đổi_thay,3.0,biến_chuyển,0.6452398896217346,
đổi_thay,4.0,thay_đổi,0.5883232951164246,
bụi,1.0,bụi_bẩn,0.6135910749435425,
bụi,2.0,hạt_bụi,0.5958120226860046,
bụi,3.0,bụi_bặm,0.5781585574150085,
bụi,4.0,đầy_bụi,0.5737200379371643,
mảnh,1.0,viên_đá,0.5821618437767029,
mảnh,2.0,vụn,0.5589010119438171,
mảnh,3.0,mảnh_vỡ,0.5580739378929138,
mảnh,4.0,hai_mảnh,0.5471219420433044,
công_trình_phụ,1.0,tường_ngăn,0.4955306649208069,
công_trình_phụ,2.0,mái_che,0.48300039768218994,
công_trình_phụ,3.0,có_mái_che,0.47890380024909973,
công_trình_phụ,4.0,tường_rào,0.47831782698631287,
cung_bậc,1.0,đắng_cay,0.4983159899711609,
cung_bậc,2.0,xúc_cảm,0.4974629282951355,
cung_bậc,3.0,sắc_thái,0.4831174612045288,
cung_bậc,4.0,thăng_trầm,0.479462593793869,
phúc,1.0,long,0.7598309516906738,
phúc,2.0,tuấn,0.7203831672668457,
phúc,3.0,cường,0.7103341817855835,
phúc,4.0,hưng,0.6999265551567078,
đồng_điệu,1.0,hòa_hợp,0.5973016619682312,
đồng_điệu,2.0,đồng_nhất,0.5518049597740173,
đồng_điệu,3.0,tâm_đầu_ý_hợp,0.5393256545066833,
đồng_điệu,4.0,tác_động_qua_lại,0.5213176012039185,
hữu_tình,1.0,nên_thơ,0.6919156312942505,
hữu_tình,2.0,phong_cảnh,0.633177638053894,
hữu_tình,3.0,thơ_mộng,0.6293161511421204,
hữu_tình,4.0,sơn_thủy_hữu_tình,0.6119028329849243,
nếp_tẻ,,,,'Word not found in embeddings: nếp_tẻ'
thua_lỗ,1.0,lỗ,0.7077552676200867,
thua_lỗ,2.0,bị_phá_sản,0.5967785120010376,
thua_lỗ,3.0,phá_sản,0.5904768705368042,
thua_lỗ,4.0,lỗ_lã,0.5902714133262634,
vỉa_hè,1.0,hè_phố,0.7226181030273438,
vỉa_hè,2.0,lề_đường,0.6892288327217102,
vỉa_hè,3.0,hàng_quán,0.6309661269187927,
vỉa_hè,4.0,lòng_đường,0.5915181636810303,
phi_nghĩa,1.0,chính_nghĩa,0.5570493936538696,
phi_nghĩa,2.0,tàn_khốc,0.5029982924461365,
phi_nghĩa,3.0,không_khoan_nhượng,0.476184606552124,
phi_nghĩa,4.0,chủ_nghĩa_đế_quốc,0.4695342183113098,
lắng_tai,,,,'Word not found in embeddings: lắng_tai'
nói,1.0,nói_với,0.7525739073753357,
nói,2.0,quả_quyết,0.6815952658653259,
nói,3.0,nói_ngay,0.6186885237693787,
nói,4.0,nói_rõ_ràng,0.6174678802490234,
thành_công,1.0,không_thành_công,0.6013995409011841,
thành_công,2.0,sự_thành_công,0.5947596430778503,
thành_công,3.0,thành_công_vang_dội,0.5644341111183167,
thành_công,4.0,thành_quả,0.5172501802444458,
mỏng_tang,1.0,nhăn_nhúm,0.5738693475723267,
mỏng_tang,2.0,nhàu_nhĩ,0.5630873441696167,
mỏng_tang,3.0,váy,0.5472345352172852,
mỏng_tang,4.0,ren,0.5439952611923218,
hâm_mộ,1.0,yêu_mến,0.6412742733955383,
hâm_mộ,2.0,mộ_điệu,0.533607006072998,
hâm_mộ,3.0,người_hâm_mộ,0.5180085301399231,
hâm_mộ,4.0,cuồng_nhiệt,0.5090680718421936,
tí_teo,,,,'Word not found in embeddings: tí_teo'
tai_hoạ,1.0,tai_họa,0.9465500116348267,
tai_hoạ,2.0,tai_ương,0.7008550763130188,
tai_hoạ,3.0,cú_sốc,0.6507307887077332,
tai_hoạ,4.0,hậu_hoạ,0.6495772004127502,
bất_thường,1.0,khác_thường,0.7167938351631165,
bất_thường,2.0,không_bình_thường,0.7149723172187805,
bất_thường,3.0,bất_bình_thường,0.6595309972763062,
bất_thường,4.0,đáng_ngờ,0.5525426864624023,
sau,1.0,ngày_sau,0.6493167281150818,
sau,2.0,trước_sau,0.6468773484230042,
sau,3.0,tới_sau,0.6428198218345642,
sau,4.0,tiếp_sau,0.6222060918807983,
quan_sát,1.0,được_quan_sát,0.6403055191040039,
quan_sát,2.0,phân_tích,0.5711567997932434,
quan_sát,3.0,tìm_hiểu,0.5315277576446533,
quan_sát,4.0,nhìn,0.5166276693344116,
đồ_vật,1.0,vật_dụng,0.7203288674354553,
đồ_vật,2.0,đồ_đạc,0.6778319478034973,
đồ_vật,3.0,vật,0.6150110960006714,
đồ_vật,4.0,món_đồ_chơi,0.612679660320282,
tập_hợp,1.0,tập_hợp_lại,0.6555030345916748,
tập_hợp,2.0,quy_tụ,0.5363940000534058,
tập_hợp,3.0,thu_nhận,0.48174619674682617,
tập_hợp,4.0,lập_ra,0.4805355370044708,
cuối_cùng,1.0,sau_cùng,0.6160353422164917,
cuối_cùng,2.0,đầu_tiên,0.5106627941131592,
cuối_cùng,3.0,rốt_cuộc,0.5027746558189392,
cuối_cùng,4.0,rốt_cục,0.46459388732910156,
người_thân,1.0,thân_nhân,0.7038844227790833,
người_thân,2.0,người_nhà,0.6217085719108582,
người_thân,3.0,họ_hàng,0.6166197061538696,
người_thân,4.0,người_thân_yêu,0.6003559231758118,
bìa,1.0,giấy,0.5034601092338562,
bìa,2.0,bìa_sách,0.49906685948371887,
bìa,3.0,báo_tường,0.4733555316925049,
bìa,4.0,đóng_dấu,0.4549367129802704,
thắng_lợi,1.0,chiến_thắng,0.729071319103241,
thắng_lợi,2.0,cuộc_lật_đổ,0.5472321510314941,
thắng_lợi,3.0,đại_thắng,0.5448128581047058,
thắng_lợi,4.0,giành_thắng_lợi,0.5208139419555664,
khăn,1.0,khăn_tắm,0.7317941188812256,
khăn,2.0,khăn_mặt,0.6943767666816711,
khăn,3.0,áo_khoác,0.6333215236663818,
khăn,4.0,khăn_choàng,0.6200355887413025,
bình_luận,1.0,lời_bình_luận,0.6957971453666687,
bình_luận,2.0,nhận_xét,0.6016758680343628,
bình_luận,3.0,bình_phẩm,0.5311611890792847,
bình_luận,4.0,lời_nhận_xét,0.5269955396652222,
tăng,1.0,tăng_lên,0.7431623935699463,
tăng,2.0,giảm,0.6895378232002258,
tăng,3.0,tăng_vọt,0.6810228228569031,
tăng,4.0,tăng_nhanh,0.6768257021903992,
hiền,1.0,tuấn,0.7115261554718018,
hiền,2.0,huy,0.7043404579162598,
hiền,3.0,t.,0.6826853156089783,
hiền,4.0,dũng,0.6681821942329407,
chung_thuỷ,1.0,chung_thủy,0.9168666005134583,
chung_thuỷ,2.0,thủy_chung,0.6525288820266724,
chung_thuỷ,3.0,thuỷ_chung,0.6463072896003723,
chung_thuỷ,4.0,chung_tình,0.6024324893951416,
dây_chuyền,1.0,dây_chuyền_sản_xuất,0.6006149053573608,
dây_chuyền,2.0,sợi_dây_chuyền,0.5518943667411804,
dây_chuyền,3.0,vàng_tây,0.4825837016105652,
dây_chuyền,4.0,kim_loại_màu,0.48159024119377136,
xe_điện_ngầm,1.0,tàu_điện_ngầm,0.7313738465309143,
xe_điện_ngầm,2.0,tàu_điện,0.583787739276886,
xe_điện_ngầm,3.0,xe_lửa,0.5711581110954285,
xe_điện_ngầm,4.0,monorail,0.5122739672660828,
thủa,1.0,thuở,0.8614689707756042,
thủa,2.0,thưở,0.8395088911056519,
thủa,3.0,xa_lắc,0.4363749921321869,
thủa,4.0,thuở_nhỏ,0.4001554548740387,
trông_nom,1.0,trông_coi,0.7463831901550293,
trông_nom,2.0,chăm_nom,0.682479202747345,
trông_nom,3.0,nuôi_nấng,0.6076937913894653,
trông_nom,4.0,coi_sóc,0.5920072197914124,
cành,1.0,cây,0.6514776945114136,
cành,2.0,nụ_hoa,0.6483525037765503,
cành,3.0,cành_cây,0.6446405053138733,
cành,4.0,cành_hoa,0.6378349661827087,
ngược,1.0,đi_ngược,0.5570679306983948,
ngược,2.0,xoay_ngược,0.49870017170906067,
ngược,3.0,ngược_lại,0.44477102160453796,
ngược,4.0,ngược_chiều,0.4199921488761902,
móc,1.0,nhét,0.4932798743247986,
móc,2.0,tháo,0.48534688353538513,
móc,3.0,bẻ,0.46762603521347046,
móc,4.0,cái_móc,0.4561646580696106,
bắt,1.0,tóm,0.7310557961463928,
bắt,2.0,bắt_giữ,0.7025368213653564,
bắt,3.0,bắt_giam,0.6488631367683411,
bắt,4.0,tóm_cổ,0.6317944526672363,
bãi_bỏ,1.0,dỡ_bỏ,0.7042241096496582,
bãi_bỏ,2.0,hủy_bỏ,0.6597410440444946,
bãi_bỏ,3.0,huỷ_bỏ,0.6590688824653625,
bãi_bỏ,4.0,xóa_bỏ,0.5816449522972107,
phá_vây,,,,'Word not found in embeddings: phá_vây'
tình_cảnh,1.0,tình_cảnh_khó_khăn,0.7507198452949524,
tình_cảnh,2.0,thảm_cảnh,0.720410168170929,
tình_cảnh,3.0,cảnh_khốn_cùng,0.7072627544403076,
tình_cảnh,4.0,tình_thế,0.6798982620239258,
dứt_điểm,1.0,cú_dứt_điểm,0.6968075037002563,
dứt_điểm,2.0,sút,0.6386865377426147,
dứt_điểm,3.0,cú_sút,0.6090877652168274,
dứt_điểm,4.0,đệm_bóng,0.5952157378196716,
cá_chai,,,,'Word not found in embeddings: cá_chai'
văn_bằng,1.0,bằng_tốt_nghiệp_đại_học,0.6803063750267029,
văn_bằng,2.0,bằng_tốt_nghiệp,0.672369658946991,
văn_bằng,3.0,bằng_cấp,0.6348152756690979,
văn_bằng,4.0,cấp_văn_bằng,0.6015195250511169,
trọng_đãi,,,,'Word not found in embeddings: trọng_đãi'
đoàn_tụ,1.0,sum_họp,0.7055524587631226,
đoàn_tụ,2.0,sum_vầy,0.5630519986152649,
đoàn_tụ,3.0,vui_vầy,0.530269980430603,
đoàn_tụ,4.0,tái_hôn,0.51960688829422,
thả,1.0,thả_ra,0.5500817894935608,
thả,2.0,thả_xuống,0.5439672470092773,
thả,3.0,phóng_thích,0.5157905220985413,
thả,4.0,quăng,0.49084651470184326,
huyệt,1.0,chỗ_lõm,0.5669398307800293,
huyệt,2.0,kinh_lạc,0.5114645957946777,
huyệt,3.0,bấm_huyệt,0.4938024878501892,
huyệt,4.0,ngón_cái,0.4744119644165039,
truyện_tranh,1.0,truyện,0.7759774923324585,
truyện_tranh,2.0,phim_hoạt_hình,0.7696047425270081,
truyện_tranh,3.0,manga,0.7506006360054016,
truyện_tranh,4.0,phim,0.6938723921775818,
địa_chỉ,1.0,có_địa_chỉ,0.6315774321556091,
địa_chỉ,2.0,không_có_địa_chỉ,0.5426849126815796,
địa_chỉ,3.0,số_điện_thoại,0.5399580001831055,
địa_chỉ,4.0,hotline,0.5372648239135742,
thời_chiến,1.0,thời_bình,0.6089197993278503,
thời_chiến,2.0,chiến_trận,0.4796542227268219,
thời_chiến,3.0,chiến_tranh_việt_nam,0.47364792227745056,
thời_chiến,4.0,kgb,0.464913010597229,
quan_tài,1.0,áo_quan,0.6755826473236084,
quan_tài,2.0,bàn_thờ,0.6110845804214478,
quan_tài,3.0,quách,0.5840556621551514,
quan_tài,4.0,chiếc_hòm,0.5824781656265259,
ví,1.0,túi,0.5804443359375,
ví,2.0,ví_tiền,0.5750031471252441,
ví,3.0,túi_xách,0.5607529282569885,
ví,4.0,tập_tiền,0.5346711277961731,
nhấp_nhỏm,,,,'Word not found in embeddings: nhấp_nhỏm'
mới_mẻ,1.0,mới_lạ,0.7967066764831543,
mới_mẻ,2.0,lạ_lẫm,0.6798489689826965,
mới_mẻ,3.0,thú_vị,0.6560704708099365,
mới_mẻ,4.0,khác_lạ,0.6333838105201721,
khán_đài,1.0,sân_đấu,0.6576908826828003,
khán_đài,2.0,sân_bóng,0.6521804332733154,
khán_đài,3.0,svđ,0.6472020745277405,
khán_đài,4.0,sân,0.5846062898635864,
mất,1.0,đã_mất,0.6423134803771973,
mất,2.0,mất_đi,0.6419317126274109,
mất,3.0,đã_bị_mất,0.616012692451477,
mất,4.0,đánh_mất,0.5911127328872681,
tiên_lượng,1.0,chẩn_đoán,0.5307303071022034,
tiên_lượng,2.0,tiên_đoán,0.5259885191917419,
tiên_lượng,3.0,tiên_liệu,0.4937726557254791,
tiên_lượng,4.0,chuẩn_đoán,0.49156591296195984,
loại_bỏ,1.0,xoá_bỏ,0.7374518513679504,
loại_bỏ,2.0,xóa_bỏ,0.7214947938919067,
loại_bỏ,3.0,gỡ_bỏ,0.681885302066803,
loại_bỏ,4.0,gạt_bỏ,0.6772014498710632,
bay,1.0,bay_thẳng,0.6422861218452454,
bay,2.0,bay_đi,0.5928145051002502,
bay,3.0,bay_lên,0.5795185565948486,
bay,4.0,cất_cánh,0.547985315322876,
khó_khăn,1.0,vấn_đề_khó_khăn,0.6707517504692078,
khó_khăn,2.0,trở_ngại,0.6611329913139343,
khó_khăn,3.0,bất_lợi,0.6293016672134399,
khó_khăn,4.0,sự_khó_khăn,0.6134258508682251,
gạ_gẫm,1.0,gạ,0.6700650453567505,
gạ_gẫm,2.0,dụ_dỗ,0.6674414277076721,
gạ_gẫm,3.0,dọa_dẫm,0.5755726099014282,
gạ_gẫm,4.0,mồi_chài,0.5694067478179932,
lịch_bịch,,,,'Word not found in embeddings: lịch_bịch'
nhiệm_chức,1.0,mãn_nhiệm,0.4224807024002075,
nhiệm_chức,2.0,thuế_thu_nhập_cá_nhân,0.4196932017803192,
nhiệm_chức,3.0,cách_chức,0.41169121861457825,
nhiệm_chức,4.0,thuế,0.3933925926685333,
bằng_cớ,,,,'Word not found in embeddings: bằng_cớ'
bắt_buộc,1.0,không_bắt_buộc,0.5736263990402222,
bắt_buộc,2.0,không_cần_thiết,0.5418751239776611,
bắt_buộc,3.0,đương_nhiên,0.5019713640213013,
bắt_buộc,4.0,nhất_thiết,0.4898430407047272,
đặc_trưng,1.0,đặc_trưng_riêng,0.7077669501304626,
đặc_trưng,2.0,nét_đặc_trưng,0.6999520659446716,
đặc_trưng,3.0,đặc_thù,0.6349815726280212,
đặc_trưng,4.0,đặc_điểm,0.5804999470710754,
tộc_người,1.0,bộ_lạc,0.704529345035553,
tộc_người,2.0,bộ_tộc,0.6794625520706177,
tộc_người,3.0,nền_văn_minh,0.5741551518440247,
tộc_người,4.0,dân_tộc,0.5720522403717041,
vây_cánh,1.0,hiệu_ứng_dây_chuyền,0.4429060220718384,
vây_cánh,2.0,uy_thế,0.44139066338539124,
vây_cánh,3.0,nanh_vuốt,0.4235411584377289,
vây_cánh,4.0,dưới_trướng,0.40885835886001587,
giảm_xóc,1.0,phuộc,0.7615436911582947,
giảm_xóc,2.0,giảm_chấn,0.7348992228507996,
giảm_xóc,3.0,phanh,0.6883267760276794,
giảm_xóc,4.0,piston,0.687385082244873,
không_trung,1.0,bầu_trời,0.6168470978736877,
không_trung,2.0,chín_tầng_mây,0.5600339770317078,
không_trung,3.0,bay_lượn,0.5506121516227722,
không_trung,4.0,mặt_nước,0.5485812425613403,
dứt_khoát,1.0,cương_quyết,0.676537811756134,
dứt_khoát,2.0,kiên_quyết,0.6664603352546692,
dứt_khoát,3.0,quyết_đoán,0.5528078675270081,
dứt_khoát,4.0,quyết_liệt,0.537068247795105,
phím,1.0,nút_bấm,0.7399000525474548,
phím,2.0,bàn_phím,0.7117964625358582,
phím,3.0,nút,0.6376723051071167,
phím,4.0,trackpad,0.5978724956512451,
kìm_nén,1.0,kìm,0.6836015582084656,
kìm_nén,2.0,kìm_chế,0.6831721663475037,
kìm_nén,3.0,kìm_giữ,0.6360687017440796,
kìm_nén,4.0,dồn_nén,0.6027553081512451,
cầm_giữ,1.0,bắt_giữ,0.5438273549079895,
cầm_giữ,2.0,bắt,0.5239593982696533,
cầm_giữ,3.0,phong_tỏa,0.5233316421508789,
cầm_giữ,4.0,kẹt_lại,0.518330991268158,
khí_quyển,1.0,bầu_khí_quyển,0.6960245966911316,
khí_quyển,2.0,tầng_ozone,0.5489731431007385,
khí_quyển,3.0,khối_khí,0.5078064799308777,
khí_quyển,4.0,thiên_thể,0.5024522542953491,
kiều_dân,1.0,công_dân,0.5283603668212891,
kiều_dân,2.0,người_di_cư,0.5234140157699585,
kiều_dân,3.0,người_nhập_cư,0.5176047682762146,
kiều_dân,4.0,kiều_bào,0.5067368149757385,
sân_khấu,1.0,sân_khấu_biểu_diễn,0.8139187097549438,
sân_khấu,2.0,sàn_diễn,0.7716739177703857,
sân_khấu,3.0,màn_ảnh,0.614797055721283,
sân_khấu,4.0,phim_trường,0.6035328507423401,
muỗng,1.0,thìa,0.8422977328300476,
muỗng,2.0,thìa_cà_phê,0.6932298541069031,
muỗng,3.0,cốc,0.5775904059410095,
muỗng,4.0,ly,0.5480411052703857,
biểu_lộ,1.0,thể_hiện,0.7199307084083557,
biểu_lộ,2.0,biểu_thị,0.6102467775344849,
biểu_lộ,3.0,tỏ_rõ,0.6029908061027527,
biểu_lộ,4.0,bày_tỏ,0.602969765663147,
trận_chiến,1.0,cuộc_đấu,0.8029136657714844,
trận_chiến,2.0,cuộc_chiến,0.7872035503387451,
trận_chiến,3.0,cuộc_đối_đầu,0.7433916330337524,
trận_chiến,4.0,cuộc_đọ_sức,0.7139915823936462,
va,1.0,duong,0.5530956983566284,
va,2.0,nuoc,0.5364363789558411,
va,3.0,dam,0.5255392789840698,
va,4.0,nua,0.524872362613678,
giám_đốc_thẩm,1.0,vksndtc,0.5438961982727051,
giám_đốc_thẩm,2.0,kháng_nghị,0.5390728712081909,
giám_đốc_thẩm,3.0,gđt,0.5342018604278564,
giám_đốc_thẩm,4.0,phúc_thẩm,0.5292264223098755,
thua,1.0,để_thua,0.7504408955574036,
thua,2.0,thảm_bại,0.6550254821777344,
thua,3.0,bại_trận,0.6488484740257263,
thua,4.0,chịu_thua,0.6417837142944336,
tân_binh,1.0,hảo_thủ,0.5885233283042908,
tân_binh,2.0,cầu_thủ,0.588520884513855,
tân_binh,3.0,ngoại_binh,0.5813237428665161,
tân_binh,4.0,chân_sút,0.5757545828819275,
nuôi_dưỡng,1.0,được_nuôi_dưỡng,0.6880276203155518,
nuôi_dưỡng,2.0,nuôi_nấng,0.6552935838699341,
nuôi_dưỡng,3.0,nuôi_dạy,0.5711162090301514,
nuôi_dưỡng,4.0,vun_trồng,0.5453139543533325,
văn_cảnh,,,,'Word not found in embeddings: văn_cảnh'
cải_biến,1.0,định_hình,0.51517653465271,
cải_biến,2.0,cách_tân,0.5128545165061951,
cải_biến,3.0,biến_tấu,0.5088158249855042,
cải_biến,4.0,làm_mới,0.49871134757995605,
tẩm,1.0,xào_nấu,0.5396314859390259,
tẩm,2.0,chần,0.5266657471656799,
tẩm,3.0,đốt,0.5203410983085632,
tẩm,4.0,nhúng,0.5047991871833801,
thê_thảm,1.0,thảm_hại,0.8011098504066467,
thê_thảm,2.0,bi_đát,0.6291018724441528,
thê_thảm,3.0,tệ_hại,0.6144019365310669,
thê_thảm,4.0,cay_đắng,0.5559040307998657,
nhồi_nhét,1.0,tiêm_nhiễm,0.5072849988937378,
nhồi_nhét,2.0,dồn_ứ,0.4554052948951721,
nhồi_nhét,3.0,o_ép,0.445205956697464,
nhồi_nhét,4.0,vô_ý_thức,0.43220844864845276,
tạo_vật,1.0,hiện_tượng_tự_nhiên,0.5345026254653931,
tạo_vật,2.0,tuyệt_tác,0.49100473523139954,
tạo_vật,3.0,kiệt_tác,0.4720487594604492,
tạo_vật,4.0,tinh_cầu,0.4705890119075775,
cúm,1.0,bệnh_cúm,0.7589573264122009,
cúm,2.0,sốt_xuất_huyết,0.6763805747032166,
cúm,3.0,cúm_a,0.6673446297645569,
cúm,4.0,sxh,0.6660867929458618,
mỏi_mệt,1.0,mệt_mỏi,0.7741543650627136,
mỏi_mệt,2.0,uể_oải,0.6361122727394104,
mỏi_mệt,3.0,kiệt_sức,0.6326314210891724,
mỏi_mệt,4.0,mệt_nhọc,0.6169242858886719,
thông_suốt,1.0,thông_tin_liên_lạc,0.5006359219551086,
thông_suốt,2.0,thông_thoáng,0.47489821910858154,
thông_suốt,3.0,không_bị_gián_đoạn,0.4707512855529785,
thông_suốt,4.0,sự_liên_tục,0.46093177795410156,
coi_trọng,1.0,xem_trọng,0.6945363879203796,
coi_trọng,2.0,chú_trọng,0.6830564141273499,
coi_trọng,3.0,quan_tâm_đến,0.6407313942909241,
coi_trọng,4.0,chú_trọng_vào,0.6184482574462891,
len_lỏi,1.0,luồn_lách,0.584053635597229,
len_lỏi,2.0,ngõ_ngách,0.5726829171180725,
len_lỏi,3.0,luồn,0.5601367354393005,
len_lỏi,4.0,bám,0.5549405813217163,
ca,1.0,công_an,0.4289320111274719,
ca,2.0,csđt_ca,0.4241909384727478,
ca,3.0,bệnh_nhân,0.39039507508277893,
ca,4.0,cshs,0.3834143579006195,
mục,1.0,tiểu_mục,0.5401940941810608,
mục,2.0,phụ_lục,0.5129058957099915,
mục,3.0,my_computer,0.485894113779068,
mục,4.0,tools,0.4844461977481842,
phát_mại,1.0,phát_mãi,0.6398807764053345,
phát_mại,2.0,kê_biên,0.5046319365501404,
phát_mại,3.0,thế_chấp,0.4834838807582855,
phát_mại,4.0,thu_hồi_lại,0.441969633102417,
trang_sức,1.0,nữ_trang,0.8462269306182861,
trang_sức,2.0,đồ_trang_sức,0.7883335947990417,
trang_sức,3.0,nhẫn,0.6239770650863647,
trang_sức,4.0,nhẫn_cưới,0.5622403025627136,
chăm_sóc,1.0,săn_sóc,0.6803780794143677,
chăm_sóc,2.0,được_chăm_sóc,0.6055417060852051,
chăm_sóc,3.0,chăm_sóc_răng_miệng,0.6006603837013245,
chăm_sóc,4.0,chăm_nom,0.57154780626297,
phát,1.0,phân_phát,0.5123248100280762,
phát,2.0,phát_đi,0.4606524407863617,
phát,3.0,cấp_phát,0.4520602822303772,
phát,4.0,phát_ra,0.4433521032333374,
chiến_sĩ,1.0,chiến_sỹ,0.916257917881012,
chiến_sĩ,2.0,cbcs,0.6972270011901855,
chiến_sĩ,3.0,người_lính,0.6447135806083679,
chiến_sĩ,4.0,người_chiến_sĩ,0.6018729209899902,
đậu_bắp,1.0,khổ_qua,0.6388574838638306,
đậu_bắp,2.0,mướp_đắng,0.6286300420761108,
đậu_bắp,3.0,chuối_tiêu,0.5938711166381836,
đậu_bắp,4.0,chuối_hột,0.5849006175994873,
ác_ý,1.0,miệt_thị,0.5743005275726318,
ác_ý,2.0,thô_bạo,0.5610584616661072,
ác_ý,3.0,cay_độc,0.5346233248710632,
ác_ý,4.0,khiêu_khích,0.5280113220214844,
biên_giới,1.0,khu_vực_biên_giới,0.7675693035125732,
biên_giới,2.0,đường_biên_giới,0.7669404745101929,
biên_giới,3.0,vùng_biên_giới,0.7245140671730042,
biên_giới,4.0,hải_phận,0.6237738132476807,
cửa_sông,1.0,cửa_biển,0.6956368088722229,
cửa_sông,2.0,sông,0.6408591866493225,
cửa_sông,3.0,bãi_bồi,0.6001566648483276,
cửa_sông,4.0,bờ_sông,0.5953869223594666,
bẹp,1.0,móp,0.6670182347297668,
bẹp,2.0,vỡ_nát,0.5853259563446045,
bẹp,3.0,cháy_rụi,0.5686001181602478,
bẹp,4.0,sụp_xuống,0.5395609140396118,
tháng_âm_lịch,1.0,tháng_dương_lịch,0.6535255312919617,
tháng_âm_lịch,2.0,tháng_giêng,0.6464303731918335,
tháng_âm_lịch,3.0,tháng_chạp,0.6276472806930542,
tháng_âm_lịch,4.0,âm_lịch,0.6125051379203796,
suy_xét,1.0,suy_tính,0.6208364963531494,
suy_xét,2.0,cân_nhắc,0.6074280738830566,
suy_xét,3.0,xem_xét,0.6068999171257019,
suy_xét,4.0,không_cân_nhắc,0.6003851890563965,
mệ,1.0,bà_cụ,0.5635164976119995,
mệ,2.0,cháu,0.534256100654602,
mệ,3.0,sư_cô,0.5112269520759583,
mệ,4.0,cụ,0.5109619498252869,
giở_chứng,1.0,dở_chứng,0.538633406162262,
giở_chứng,2.0,trở_chứng,0.5321125388145447,
giở_chứng,3.0,hét_toáng_lên,0.48071232438087463,
giở_chứng,4.0,bủn_rủn,0.4631160497665405,
rau,1.0,rau_củ,0.7549905776977539,
rau,2.0,rau_xanh,0.7539838552474976,
rau,3.0,rau_cải,0.7375116348266602,
rau,4.0,rau_muống,0.7038566470146179,
dụng_cụ,1.0,đồ_dùng,0.702376663684845,
dụng_cụ,2.0,vật_dụng,0.6598795056343079,
dụng_cụ,3.0,đồ_nghề,0.6134876012802124,
dụng_cụ,4.0,thiết_bị,0.6022351980209351,
háo,1.0,thắn,0.5341049432754517,
háo,2.0,hiếu_thắng,0.49492859840393066,
háo,3.0,kiêu,0.45931276679039,
háo,4.0,ham,0.4468548893928528,
trù_úm,1.0,trù_dập,0.5963760018348694,
trù_úm,2.0,đánh_rớt,0.5774497985839844,
trù_úm,3.0,ức_hiếp,0.5745840668678284,
trù_úm,4.0,đẩy_ra_đường,0.5495837926864624,
trận_đấu,1.0,cuộc_đối_đầu,0.7412727475166321,
trận_đấu,2.0,trận_bán_kết,0.7178164124488831,
trận_đấu,3.0,trận_tứ_kết,0.7159681916236877,
trận_đấu,4.0,trận,0.6969051361083984,
ca_khúc,1.0,bài_hát,0.8716028928756714,
ca_khúc,2.0,nhạc_phẩm,0.8484011292457581,
ca_khúc,3.0,giai_điệu,0.6818631887435913,
ca_khúc,4.0,album,0.6717097759246826,
trả_thù,1.0,báo_thù,0.7279280424118042,
trả_thù,2.0,dằn_mặt,0.7044425010681152,
trả_thù,3.0,trả_đũa,0.6619839072227478,
trả_thù,4.0,hãm_hại,0.6163716912269592,
vững_lòng,1.0,niền,0.5441396832466125,
vững_lòng,2.0,vững,0.5276210308074951,
vững_lòng,3.0,được_lòng,0.42602619528770447,
vững_lòng,4.0,vững_tâm,0.4154167175292969,
kẹt,1.0,mắc_kẹt,0.7392372488975525,
kẹt,2.0,kẹt_lại,0.7046242356300354,
kẹt,3.0,kẹt_cứng,0.6896129250526428,
kẹt,4.0,dồn_ứ,0.6595587730407715,
ngục,1.0,xà_lim,0.5348443984985352,
ngục,2.0,nhà_giam,0.5298101305961609,
ngục,3.0,phòng_giam,0.4800449013710022,
ngục,4.0,cùm,0.4678810238838196,
thầy_thuốc_nhân_dân,1.0,thầy_thuốc_ưu_tú,0.6601786613464355,
thầy_thuốc_nhân_dân,2.0,nhà_giáo_ưu_tú,0.5798856616020203,
thầy_thuốc_nhân_dân,3.0,phó_giáo_sư,0.577229917049408,
thầy_thuốc_nhân_dân,4.0,ngnd,0.5766340494155884,
lục_lọi,1.0,lục_tìm,0.7157646417617798,
lục_lọi,2.0,lục_soát,0.6871031522750854,
lục_lọi,3.0,lục_tung,0.6166132092475891,
lục_lọi,4.0,cất_giấu,0.4914659261703491,
dáng_điệu,1.0,điệu_bộ,0.589440643787384,
dáng_điệu,2.0,vẻ_mặt,0.5387573838233948,
dáng_điệu,3.0,dáng_đi,0.5328383445739746,
dáng_điệu,4.0,thần_thái,0.5248783826828003,
phần_cứng,1.0,cấu_hình,0.6476238965988159,
phần_cứng,2.0,phần_mềm,0.6100682020187378,
phần_cứng,3.0,apple,0.6045708060264587,
phần_cứng,4.0,oracle,0.5968829989433289,
dân_cư,1.0,cư_dân,0.5236740708351135,
dân_cư,2.0,dân,0.5136943459510803,
dân_cư,3.0,người_dân,0.4976670742034912,
dân_cư,4.0,dân_chúng,0.49216216802597046,
tài_liệu,1.0,tư_liệu,0.6613425612449646,
tài_liệu,2.0,tài_liệu_tham_khảo,0.6358101963996887,
tài_liệu,3.0,tài_liệu_lưu_trữ,0.6285996437072754,
tài_liệu,4.0,sử_liệu,0.6103770136833191,
nhậu_nhẹt,1.0,ăn_nhậu,0.728321373462677,
nhậu_nhẹt,2.0,bù_khú,0.6960029602050781,
nhậu_nhẹt,3.0,đàn_đúm,0.6860305070877075,
nhậu_nhẹt,4.0,nhậu,0.653412938117981,
bộ_vi_xử_lý,1.0,bộ_xử_lý,0.8603914380073547,
bộ_vi_xử_lý,2.0,vi_xử_lý,0.8309909701347351,
bộ_vi_xử_lý,3.0,vi_xử_lí,0.8112634420394897,
bộ_vi_xử_lý,4.0,bxl,0.7978700399398804,
thuần_hoá,1.0,thuần_hóa,0.842822253704071,
thuần_hoá,2.0,thuần_phục,0.5925452709197998,
thuần_hoá,3.0,cấy_vào,0.5235684514045715,
thuần_hoá,4.0,nhân_bản_vô_tính,0.5168415904045105,
tột_độ,1.0,tột_cùng,0.718542218208313,
tột_độ,2.0,cực_độ,0.5891219973564148,
tột_độ,3.0,vỡ_oà,0.5679836869239807,
tột_độ,4.0,khôn_tả,0.5428483486175537,
dời,1.0,di_dời,0.50590980052948,
dời,2.0,cuốn_gói,0.48422741889953613,
dời,3.0,dời_lại,0.47038933634757996,
dời,4.0,dời_đi,0.46314793825149536,
trong,1.0,trong_suốt,0.5703409314155579,
trong,2.0,mới_qua,0.47967177629470825,
trong,3.0,diễn_ra_trước,0.47764360904693604,
trong,4.0,sau,0.46848949790000916,
đôi,1.0,một_đôi,0.6723169088363647,
đôi,2.0,phật_bà,0.4398674964904785,
đôi,3.0,tay_trong,0.43336185812950134,
đôi,4.0,nhắm_nghiền,0.4233383536338806,
bắp_chân,1.0,mắt_cá_chân,0.756570041179657,
bắp_chân,2.0,bắp_đùi,0.7441310286521912,
bắp_chân,3.0,đầu_gối,0.7021476626396179,
bắp_chân,4.0,cơ_đùi,0.6282995939254761,
hoà_bình,1.0,hòa_bình,0.9229273200035095,
hoà_bình,2.0,phồn_vinh,0.5960635542869568,
hoà_bình,3.0,giải_trừ_quân_bị,0.5479679107666016,
hoà_bình,4.0,nền_độc_lập,0.5087913870811462,
làm_phiền,1.0,quấy_rầy,0.7437638640403748,
làm_phiền,2.0,quấy_nhiễu,0.6396059989929199,
làm_phiền,3.0,khủng_bố_tinh_thần,0.5568481683731079,
làm_phiền,4.0,tọc_mạch,0.5479161143302917,
lạm_phát,1.0,nhập_siêu,0.7291794419288635,
lạm_phát,2.0,cpi,0.6794629096984863,
lạm_phát,3.0,kiềm_chế_lạm_phát,0.6628667712211609,
lạm_phát,4.0,bội_chi,0.5839703679084778,
thái_độ,1.0,cách_hành_xử,0.6328439712524414,
thái_độ,2.0,cách_cư_xử,0.6287996768951416,
thái_độ,3.0,sự_thiếu_tôn_trọng,0.5970188975334167,
thái_độ,4.0,sự_kiên_quyết,0.5959296822547913,
cấu_trúc,1.0,kết_cấu,0.5707799792289734,
cấu_trúc,2.0,cơ_cấu,0.5694596767425537,
cấu_trúc,3.0,cấu_tạo,0.5511994361877441,
cấu_trúc,4.0,kích_thước,0.48509979248046875,
lừa_đảo,1.0,lừa,0.6618140339851379,
lừa_đảo,2.0,lừa_gạt,0.6547587513923645,
lừa_đảo,3.0,giả_mạo,0.6262299418449402,
lừa_đảo,4.0,tống_tiền,0.609735369682312,
lãnh_đạo,1.0,ban_lãnh_đạo,0.5543014407157898,
lãnh_đạo,2.0,người_lãnh_đạo,0.549202024936676,
lãnh_đạo,3.0,đại_diện,0.5481387972831726,
lãnh_đạo,4.0,cán_bộ_cấp_cao,0.520095705986023,
kỉ_vật,1.0,kỷ_vật,0.6229076981544495,
kỉ_vật,2.0,vật_kỷ_niệm,0.529678225517273,
kỉ_vật,3.0,nấm_mồ,0.47113004326820374,
kỉ_vật,4.0,báu_vật,0.46923017501831055,
đáp,1.0,trả_lời,0.5500317215919495,
đáp,2.0,được_đáp,0.47244158387184143,
đáp,3.0,đáp_trả,0.47139453887939453,
đáp,4.0,hỏi_lại,0.44845667481422424,
chệch_choạc,1.0,chuệch_choạc,0.7733680009841919,
chệch_choạc,2.0,mất_tập_trung,0.6042525172233582,
chệch_choạc,3.0,lơi_lỏng,0.6015447974205017,
chệch_choạc,4.0,chùng_xuống,0.5636723637580872,
âm_phủ,1.0,hạ_giới,0.4499059021472931,
âm_phủ,2.0,cõi_âm,0.4428598880767822,
âm_phủ,3.0,trần_gian,0.44252726435661316,
âm_phủ,4.0,quán_trọ,0.43676435947418213,
ngấm,1.0,thấm,0.663984477519989,
ngấm,2.0,ngấm_vào,0.637259840965271,
ngấm,3.0,thẩm_thấu,0.5961925387382507,
ngấm,4.0,nhúng,0.5506156086921692,
mách_nước,1.0,mách,0.5305708646774292,
mách_nước,2.0,rỉ_tai,0.5246970057487488,
mách_nước,3.0,dắt_mối,0.5192172527313232,
mách_nước,4.0,gợi_ý,0.5111725330352783,
xuất_xứ,1.0,nguồn_gốc,0.6410646438598633,
xuất_xứ,2.0,nhãn_mác,0.5631387829780579,
xuất_xứ,3.0,gốc_gác,0.5126900672912598,
xuất_xứ,4.0,nhập,0.5113007426261902,
nhấn,1.0,nhắp,0.7020096778869629,
nhấn,2.0,nhấp,0.6924852132797241,
nhấn,3.0,click,0.6340835094451904,
nhấn,4.0,cần_bấm,0.5915061831474304,
hơi_hám,,,,'Word not found in embeddings: hơi_hám'
trừ_khử,1.0,thủ_tiêu,0.6280218958854675,
trừ_khử,2.0,tiêu_diệt,0.5889558792114258,
trừ_khử,3.0,hạ_sát,0.5849218964576721,
trừ_khử,4.0,ám_hại,0.5823111534118652,
quần_tụ,1.0,tụ_hội,0.5732643008232117,
quần_tụ,2.0,tụ_họp,0.5432009100914001,
quần_tụ,3.0,tề_tựu,0.5413679480552673,
quần_tụ,4.0,giẻ_triêng,0.47399553656578064,
lật_lọng,1.0,trở_mặt,0.5654299855232239,
lật_lọng,2.0,tráo_trở,0.545769453048706,
lật_lọng,3.0,ác_độc,0.5335071682929993,
lật_lọng,4.0,đê_tiện,0.5199266672134399,
võng_mạc,1.0,nhãn_cầu,0.669975221157074,
võng_mạc,2.0,khúc_xạ,0.5227534770965576,
võng_mạc,3.0,glôcôm,0.5175909399986267,
võng_mạc,4.0,mao_mạch,0.5132153034210205,
dân_chơi,1.0,tay_chơi,0.5701723694801331,
dân_chơi,2.0,con_nghiện,0.5563907623291016,
dân_chơi,3.0,dân_buôn,0.5534494519233704,
dân_chơi,4.0,ăn_chơi,0.5272257328033447,
phân_bổ,1.0,được_phân_bổ,0.7323559522628784,
phân_bổ,2.0,phân_bố,0.5571544766426086,
phân_bổ,3.0,bố_trí,0.5377345085144043,
phân_bổ,4.0,phân_chia,0.5284669399261475,
xuyên,1.0,dọc,0.35271865129470825,
xuyên,2.0,xuyên_qua,0.3498462736606598,
xuyên,3.0,trade,0.33004844188690186,
xuyên,4.0,redd,0.3267775774002075,
người_lớn,1.0,cha_mẹ,0.5694938898086548,
người_lớn,2.0,con_trẻ,0.5616348385810852,
người_lớn,3.0,người_già,0.5502071380615234,
người_lớn,4.0,phụ_huynh,0.5493593215942383,
tham_gia,1.0,không_tham_gia,0.696592390537262,
tham_gia,2.0,tham_dự,0.6165348291397095,
tham_gia,3.0,nhúng_tay,0.5760778188705444,
tham_gia,4.0,dấn_thân,0.5291182994842529,
ngụp,1.0,lặn_ngụp,0.5963948965072632,
ngụp,2.0,trầm_mình,0.5763821005821228,
ngụp,3.0,lặn,0.4999299943447113,
ngụp,4.0,vẫy_vùng,0.484853059053421,
ung_dung,1.0,thản_nhiên,0.5713101625442505,
ung_dung,2.0,bình_thản,0.5513460040092468,
ung_dung,3.0,đủng_đỉnh,0.5453676581382751,
ung_dung,4.0,thong_dong,0.5068621039390564,
nóc,1.0,ngọn_cây,0.599753201007843,
nóc,2.0,sườn_núi,0.5517877340316772,
nóc,3.0,sân_thượng,0.5490720868110657,
nóc,4.0,mái,0.5452684164047241,
đông_chí,1.0,dự_sinh,0.4628552794456482,
đông_chí,2.0,dương_lịch,0.41948503255844116,
đông_chí,3.0,hum,0.40318378806114197,
đông_chí,4.0,kkc,0.40047213435173035,
tiên_tiến,1.0,tiến_tiến,0.6673216223716736,
tiên_tiến,2.0,công_nghệ_tiên_tiến,0.5822597742080688,
tiên_tiến,3.0,công_nghệ_hiện_đại,0.5303195714950562,
tiên_tiến,4.0,tân_tiến,0.5291852355003357,
cận_cảnh,1.0,toàn_cảnh,0.47984492778778076,
cận_cảnh,2.0,nhìn_qua,0.4607904255390167,
cận_cảnh,3.0,chiêm_ngưỡng,0.4544774889945984,
cận_cảnh,4.0,đập_hộp,0.4522807002067566,
lăng_kính,1.0,góc_nhìn,0.47327762842178345,
lăng_kính,2.0,con_mắt,0.43604767322540283,
lăng_kính,3.0,góc_độ,0.4250578284263611,
lăng_kính,4.0,chưa_từng_trải,0.4068273901939392,
cạm,,,,'Word not found in embeddings: cạm'
nhẩy_múa,,,,'Word not found in embeddings: nhẩy_múa'
nguyên_do,1.0,nguyên_nhân,0.8179892301559448,
nguyên_do,2.0,lý_do,0.6937280893325806,
nguyên_do,3.0,lí_do,0.6876999139785767,
nguyên_do,4.0,căn_nguyên,0.6866063475608826,
bộ_phận,1.0,mảng,0.4670122265815735,
bộ_phận,2.0,cơ_quan,0.4567941129207611,
bộ_phận,3.0,thiết_bị_tự_động,0.4523579180240631,
bộ_phận,4.0,phần,0.4437044858932495,
dũng_mãnh,1.0,điệu_nghệ,0.5734928846359253,
dũng_mãnh,2.0,tinh_quái,0.57077956199646,
dũng_mãnh,3.0,thần_tốc,0.5548874735832214,
dũng_mãnh,4.0,máu_lửa,0.5474088788032532,
vận_tải,1.0,công_chính,0.5316849946975708,
vận_tải,2.0,gtvt_tp,0.5253181457519531,
vận_tải,3.0,vận_tải_biển,0.5214750170707703,
vận_tải,4.0,công_chánh,0.5177052617073059,
gập_ghềnh,1.0,lầy_lội,0.6890859603881836,
gập_ghềnh,2.0,khúc_khuỷu,0.6665180921554565,
gập_ghềnh,3.0,chông_gai,0.6250613331794739,
gập_ghềnh,4.0,gian_nan,0.607667088508606,
phóng,1.0,phóng_lên,0.5627359747886658,
phóng,2.0,kích_nổ,0.5575253367424011,
phóng,3.0,bắn_tên_lửa,0.5506141781806946,
phóng,4.0,phóng_tên_lửa,0.5436405539512634,
đi,1.0,đi_về,0.5698808431625366,
đi,2.0,đi_nhờ,0.5119099020957947,
đi,3.0,cho_đi,0.4905116856098175,
đi,4.0,đi_ở,0.4742947518825531,
yểm_trợ,1.0,giúp_sức,0.6440199613571167,
yểm_trợ,2.0,chi_viện,0.5958244800567627,
yểm_trợ,3.0,trường_quân,0.5194429159164429,
yểm_trợ,4.0,cơ_động,0.5009583234786987,
ngoại_tiếp,,,,'Word not found in embeddings: ngoại_tiếp'
lương_tri,1.0,lương_tâm,0.611865222454071,
lương_tri,2.0,lòng_trắc_ẩn,0.5626435875892639,
lương_tri,3.0,nhân_tính,0.5521102547645569,
lương_tri,4.0,sự_vô_cảm,0.5196695327758789,
vặn_vẹo,1.0,căn_vặn,0.6095801591873169,
vặn_vẹo,2.0,bắt_bẻ,0.5923160910606384,
vặn_vẹo,3.0,tra_vấn,0.5473511219024658,
vặn_vẹo,4.0,dọa_dẫm,0.533257246017456,
vắng_ngắt,1.0,vắng_tanh,0.6885843873023987,
vắng_ngắt,2.0,vắng_lặng,0.6636474132537842,
vắng_ngắt,3.0,vắng_hoe,0.5708512663841248,
vắng_ngắt,4.0,vắng_vẻ,0.5488300919532776,
khen,1.0,bằng_khen,0.6513152122497559,
khen,2.0,giấy_khen,0.6386109590530396,
khen,3.0,khen_tặng,0.5916746854782104,
khen,4.0,khen_ngợi,0.5548456907272339,
tình_nhân,1.0,uyên_ương,0.7598823308944702,
tình_nhân,2.0,trai_gái,0.6714284420013428,
tình_nhân,3.0,trai_tài_gái_sắc,0.6711099743843079,
tình_nhân,4.0,valentine,0.5602158308029175,
ác_cảm,1.0,bất_mãn,0.6442166566848755,
ác_cảm,2.0,hiềm_khích,0.6385523676872253,
ác_cảm,3.0,thành_kiến,0.6015759706497192,
ác_cảm,4.0,thiện_cảm,0.5909680724143982,
phát_triển,1.0,phát_triển_nhanh,0.6348127126693726,
phát_triển,2.0,đang_phát_triển,0.6072092056274414,
phát_triển,3.0,sự_phát_triển,0.5929229259490967,
phát_triển,4.0,phát_triển_ổn_định,0.581299901008606,
lưỡi,1.0,nanh,0.4705711603164673,
lưỡi,2.0,răng,0.44526800513267517,
lưỡi,3.0,cổ_họng,0.4349128305912018,
lưỡi,4.0,tứ_chi,0.43313872814178467,
vành,1.0,lazăng,0.5879049897193909,
vành,2.0,vành_xe,0.5645362138748169,
vành,3.0,chắn_bùn,0.552229106426239,
vành,4.0,đèn_pha,0.5440004467964172,
phân_bón,1.0,phân_đạm,0.6414300203323364,
phân_bón,2.0,thức_ăn_chăn_nuôi,0.6129223108291626,
phân_bón,3.0,vật_tư,0.5701066255569458,
phân_bón,4.0,phân_kali,0.5683783292770386,
búi,1.0,búi_tóc,0.6731997728347778,
búi,2.0,lọn,0.5662380456924438,
búi,3.0,bím,0.5601853728294373,
búi,4.0,váy_xòe,0.5292580127716064,
cầu_môn,1.0,khung_thành,0.9057289958000183,
cầu_môn,2.0,16m50,0.552857518196106,
cầu_môn,3.0,hàng_phòng_ngự,0.5267394185066223,
cầu_môn,4.0,cấm_địa,0.5112765431404114,
sơ_sài,1.0,cẩu_thả,0.6499775648117065,
sơ_sài,2.0,chung_chung,0.6409397125244141,
sơ_sài,3.0,chiếu_lệ,0.6033079624176025,
sơ_sài,4.0,hời_hợt,0.6012165546417236,
vui,1.0,buồn,0.6325065493583679,
vui,2.0,thấy_vui,0.6167371273040771,
vui,3.0,vui_vẻ,0.6137105226516724,
vui,4.0,hào_hứng,0.6093961596488953,
trạng_thái,1.0,tư_thế,0.5126937031745911,
trạng_thái,2.0,tâm_trạng,0.4890337586402893,
trạng_thái,3.0,điện_tích,0.47492483258247375,
trạng_thái,4.0,trạng_thái_cảm_xúc,0.45790308713912964,
vung_vẩy,1.0,khoát,0.5203235149383545,
vung_vẩy,2.0,nhón,0.51192706823349,
vung_vẩy,3.0,quờ,0.5114563703536987,
vung_vẩy,4.0,ôm,0.5102252960205078,
gọn_ghẽ,1.0,gọn_gàng,0.5427230000495911,
gọn_ghẽ,2.0,khéo_léo,0.5413307547569275,
gọn_ghẽ,3.0,điệu_nghệ,0.5018064379692078,
gọn_ghẽ,4.0,xâu_kim,0.4407637119293213,
thi_nhân,1.0,nhà_thơ,0.654198944568634,
thi_nhân,2.0,bùi_giáng,0.6045548915863037,
thi_nhân,3.0,nhà_văn,0.5951140522956848,
thi_nhân,4.0,tác_gia,0.5872910022735596,
vi_xử_lý,1.0,bộ_vi_xử_lý,0.8309909701347351,
vi_xử_lý,2.0,vi_xử_lí,0.8294576406478882,
vi_xử_lý,3.0,bộ_xử_lý,0.8166769742965698,
vi_xử_lý,4.0,bxl,0.7685826420783997,
hích,1.0,huých,0.7972458600997925,
hích,2.0,cú_hích,0.4800398349761963,
hích,3.0,se_sẻ,0.4685212969779968,
hích,4.0,forehand,0.4487924575805664,
ta,1.0,chúng_ta,0.641190767288208,
ta,2.0,người_ta,0.4822566509246826,
ta,3.0,em_em,0.4715724289417267,
ta,4.0,bạn,0.45742538571357727,
ách_tắc,1.0,ùn,0.7578674554824829,
ách_tắc,2.0,tắc_nghẽn,0.7519063949584961,
ách_tắc,3.0,ách_tắc_giao_thông,0.7445499897003174,
ách_tắc,4.0,ùn_tắc,0.7245739102363586,
rộng_rãi,1.0,rộng_rãi_hơn,0.6479897499084473,
rộng_rãi,2.0,rộng_khắp,0.45277056097984314,
rộng_rãi,3.0,sâu_rộng,0.4444802403450012,
rộng_rãi,4.0,chính_thống,0.41488146781921387,
thay,1.0,thay_thế,0.5113354921340942,
thay,2.0,thổi_hồn,0.49889588356018066,
thay,3.0,đánh_thẳng,0.49506285786628723,
thay,4.0,trám,0.46369996666908264,
phụ_huynh,1.0,cha_mẹ,0.7681919932365417,
phụ_huynh,2.0,phhs,0.6412750482559204,
phụ_huynh,3.0,bố_mẹ,0.5585227608680725,
phụ_huynh,4.0,thầy_cô_giáo,0.5548251271247864,
rỗi_rãi,1.0,rảnh_rỗi,0.689085841178894,
rỗi_rãi,2.0,rảnh,0.5220456123352051,
rỗi_rãi,3.0,rỗi,0.5151665210723877,
rỗi_rãi,4.0,tán_gẫu,0.4945443570613861,
nhiễm_khuẩn,1.0,nhiễm_trùng,0.6713608503341675,
nhiễm_khuẩn,2.0,viêm_nhiễm,0.6495480537414551,
nhiễm_khuẩn,3.0,nhiễm_bệnh,0.6330452561378479,
nhiễm_khuẩn,4.0,nhiễm_xạ,0.5846519470214844,
rau_quả,1.0,hoa_quả,0.7533299326896667,
rau_quả,2.0,trái_cây,0.745273768901825,
rau_quả,3.0,rau_củ_quả,0.7082328796386719,
rau_quả,4.0,rau_củ,0.6863417029380798,
lụt_lội,1.0,ngập_lụt,0.7328743934631348,
lụt_lội,2.0,lũ_lụt,0.688069224357605,
lụt_lội,3.0,hạn_hán,0.6742159724235535,
lụt_lội,4.0,bão_tuyết,0.6640482544898987,
cấp_phát,1.0,phân_phát,0.646815836429596,
cấp_phát,2.0,cấp_thuốc,0.5371755957603455,
cấp_phát,3.0,cấp_cho,0.5294197201728821,
cấp_phát,4.0,cung_cấp,0.4729860723018646,
khó,1.0,khó_có_thể,0.6975175738334656,
khó,2.0,dễ,0.6932505965232849,
khó,3.0,khó_khăn,0.6070842146873474,
khó,4.0,dễ_dàng,0.5778945684432983,
cải_tạo,1.0,được_cải_tạo,0.5731646418571472,
cải_tạo,2.0,chỉnh_trang,0.5447831153869629,
cải_tạo,3.0,sửa_chữa,0.5422542095184326,
cải_tạo,4.0,tu_sửa,0.5403680205345154,
sớm_mai,1.0,chiều_tà,0.6540160179138184,
sớm_mai,2.0,hoàng_hôn,0.5163872838020325,
sớm_mai,3.0,nắng_mới,0.47776100039482117,
sớm_mai,4.0,ban_mai,0.47671183943748474,
lộ,1.0,để_lộ,0.6230272650718689,
lộ,2.0,không_lộ,0.5867491960525513,
lộ,3.0,lộ_ra,0.5765520930290222,
lộ,4.0,lộ_tẩy,0.5451527237892151,
phẩm_chất,1.0,tố_chất,0.7315540909767151,
phẩm_chất,2.0,đức_tính,0.7060824036598206,
phẩm_chất,3.0,tư_chất,0.6387148499488831,
phẩm_chất,4.0,bản_lĩnh,0.5940972566604614,
cổ_đại,1.0,cổ_xưa,0.6767038106918335,
cổ_đại,2.0,thời_cổ_đại,0.6723923087120056,
cổ_đại,3.0,thần_thoại,0.6190328598022461,
cổ_đại,4.0,la_mã,0.6026448607444763,
nặng_tình,1.0,nặng_lòng,0.6942060589790344,
nặng_tình,2.0,lưu_luyến,0.550421416759491,
nặng_tình,3.0,quyến_luyến,0.5344096422195435,
nặng_tình,4.0,thâm_trầm,0.5311018824577332,
người_bị_hại,1.0,nạn_nhân,0.6365157961845398,
người_bị_hại,2.0,nguyên_đơn,0.5877493619918823,
người_bị_hại,3.0,đương_sự,0.5868297219276428,
người_bị_hại,4.0,cqđt,0.5551656484603882,
lảo_đảo,1.0,loạng_choạng,0.6691175103187561,
lảo_đảo,2.0,lạnh_toát,0.6066519618034363,
lảo_đảo,3.0,ngất_lịm,0.5979775190353394,
lảo_đảo,4.0,tê_dại,0.5915263891220093,
sát_trùng,1.0,sát_khuẩn,0.7278005480766296,
sát_trùng,2.0,khử_trùng,0.7052268981933594,
sát_trùng,3.0,thuốc_khử_trùng,0.5905078053474426,
sát_trùng,4.0,khử_khuẩn,0.5829119086265564,
