Word1,Word2,Relation,Missing
a_dua,a_tòng,SYN,a_tòng
a_ma_tơ,tài_tử,SYN,a_ma_tơ
a_tòng,vào_hùa,SYN,a_tòng
à_ơi,ạ_ơi,SYN,ạ_ơi
à_ơi,ầu_ơ,SYN,ầu_ơ
ả,thị,SYN,ả
ạ_ơi,ầu_ơ,SYN,"ạ_ơi,ầu_ơ"
ác,tợn,SYN,tợn
ác_cái_là,ác_một_cái_là,SYN,"ác_cái_là,ác_một_cái_là"
ác_hại,tai_hại,SYN,ác_hại
ác_hiểm,hiểm_ác,SYN,ác_hiểm
ác_khẩu,ác_miệng,SYN,ác_khẩu
ác_là,bồ_các,SYN,bồ_các
ác_nghiệt,ác_nghiệp,SYN,ác_nghiệp
ác_thần,hung_thần,SYN,ác_thần
accordeon,đàn_xếp,SYN,"accordeon,đàn_xếp"
accordeon,phong_cầm,SYN,"accordeon,phong_cầm"
ái_chà,úi_chà,SYN,"ái_chà,úi_chà"
AIDS,SIDA,SYN,"AIDS,SIDA"
ảm_đạm,âm_âm,SYN,âm_âm
ám,ếm,SYN,ếm
ám_hiệu,mật_hiệu,SYN,mật_hiệu
ám_muội,bất_minh,SYN,ám_muội
ám_muội,đen_tối,SYN,ám_muội
ám_muội,khuất_tất,SYN,ám_muội
ám_muội,mờ_ám,SYN,ám_muội
amiante,bông_đá,SYN,"amiante,bông_đá"
amygdala,hạnh_nhân,SYN,amygdala
an_phận,thủ_phận,SYN,thủ_phận
an_tâm,chắc_dạ,SYN,chắc_dạ
an_thân,yên_thân,SYN,an_thân
an_toạ,an_vị,SYN,an_toạ
an_toạ,yên_vị,SYN,an_toạ
anh_linh,khôn_thiêng,SYN,khôn_thiêng
ánh_ỏi,lảnh_lói,SYN,"ánh_ỏi,lảnh_lói"
ào,ù,SYN,ù
ảo_ảnh,ảo_tượng,SYN,ảo_tượng
ảo_huyền,huyền_ảo,SYN,ảo_huyền
ảo_huyền,kì_ảo,SYN,ảo_huyền
ảo_huyền,kỳ_ảo,SYN,ảo_huyền
ảo_mộng,mộng_ảo,SYN,mộng_ảo
ảo_tưởng,mộng_ảo,SYN,mộng_ảo
áo_gai,áo_sô,SYN,"áo_gai,áo_sô"
áo_kén,tơ_gốc,SYN,"áo_kén,tơ_gốc"
áo_khăn,khăn_áo,SYN,"áo_khăn,khăn_áo"
áo_lá,áo_mưa,SYN,áo_lá
áo_lá,áo_tơi,SYN,áo_lá
áo_quan,cỗ_áo,SYN,cỗ_áo
áo_quan,cỗ_ván,SYN,cỗ_ván
áo_quần,áo_xống,SYN,áo_xống
áo_tang,áo_gai,SYN,"áo_tang,áo_gai"
áo_tang,áo_sô,SYN,"áo_tang,áo_sô"
áo_thụng,áo_rộng,SYN,áo_thụng
áo_xống,quần_áo,SYN,áo_xống
áo_xống,xống_áo,SYN,"áo_xống,xống_áo"
áp,xáp,SYN,xáp
áp_giải,áp_điệu,SYN,áp_điệu
ăn,tọng,SYN,tọng
ăn,xực,SYN,xực
ăn_báo_cô,ăn_báo_hại,SYN,"ăn_báo_cô,ăn_báo_hại"
ăn_bẫm,ăn_dày,SYN,"ăn_bẫm,ăn_dày"
ăn_bẫm,ăn_đậm,SYN,"ăn_bẫm,ăn_đậm"
ăn_bẫm,ăn_đủ,SYN,ăn_bẫm
ăn_bận,ăn_mặc,SYN,ăn_bận
ăn_dày,ăn_đậm,SYN,"ăn_dày,ăn_đậm"
ăn_dày,ăn_đủ,SYN,ăn_dày
ăn_đậm,ăn_đủ,SYN,ăn_đậm
ăn_gian,ăn_lận,SYN,ăn_lận
ăn_lường,ăn_quỵt,SYN,"ăn_lường,ăn_quỵt"
ăn_lường,quịt,SYN,"ăn_lường,quịt"
ăn_lường,quỵt,SYN,ăn_lường
ăn_nhịp,nhịp_nhàng,SYN,ăn_nhịp
ăn_phải_bả,ăn_phải_đũa,SYN,"ăn_phải_bả,ăn_phải_đũa"
ăn_quỵt,quịt,SYN,"ăn_quỵt,quịt"
ăn_quỵt,quỵt,SYN,ăn_quỵt
ắng_lặng,im_ắng,SYN,ắng_lặng
ắng_lặng,yên_ắng,SYN,ắng_lặng
ắt,ắt_là,SYN,ắt_là
ắt_hẳn,ắt_là,SYN,ắt_là
ắt_là,tất,SYN,ắt_là
âm_âm,âm_u,SYN,âm_âm
âm_âm,u_ám,SYN,âm_âm
âm_âm_u_u,âm_u,SYN,âm_âm_u_u
âm_đức,âm_công,SYN,"âm_đức,âm_công"
âm_nang,bìu_dái,SYN,"âm_nang,bìu_dái"
âm_nang,dái,SYN,"âm_nang,dái"
âm_nang,đì,SYN,âm_nang
âm_phủ,âm_ti,SYN,âm_ti
âm_phủ,âm_ty,SYN,âm_ty
âm_ti,âm_ty,SYN,"âm_ti,âm_ty"
ầm_ì,ì_ầm,SYN,"ầm_ì,ì_ầm"
ầm_ĩ,rầm_rĩ,SYN,rầm_rĩ
ầm_ừ,ậm_ừ,SYN,ầm_ừ
ấm_a_ấm_ớ,ấm_ớ,SYN,"ấm_a_ấm_ớ,ấm_ớ"
ấm_a_ấm_ớ,dấm_dớ,SYN,"ấm_a_ấm_ớ,dấm_dớ"
ấm_a_ấm_ứ,ấm_ứ,SYN,"ấm_a_ấm_ứ,ấm_ứ"
ấm_a_ấm_ức,ấm_ức,SYN,ấm_a_ấm_ức
ấm_a_ấm_ức,hậm_hực,SYN,ấm_a_ấm_ức
ấm_chuyên,xuyến,SYN,ấm_chuyên
ấm_ớ,dấm_dớ,SYN,"ấm_ớ,dấm_dớ"
ấm_tích,bình_tích,SYN,"ấm_tích,bình_tích"
ậm_à_ậm_ạch,ậm_ạch,SYN,ậm_à_ậm_ạch
ậm_à_ậm_ạch,ì_ạch,SYN,ậm_à_ậm_ạch
ân_đức,ơn_đức,SYN,"ân_đức,ơn_đức"
ân_huệ,ơn_huệ,SYN,ơn_huệ
ân_xá,đại_xá,SYN,đại_xá
ẩn,ẩy,SYN,ẩy
ẩn,đẩn,SYN,đẩn
ẩn,náu,SYN,náu
ẩn_náu,ẩn_núp,SYN,ẩn_núp
ẩn_nấp,ẩn_núp,SYN,ẩn_núp
Ấn_Độ_giáo,đạo_Hindu,SYN,"Ấn_Độ_giáo,đạo_Hindu"
ấn_quyết,tay_ấn,SYN,ấn_quyết
ầng_ậng,ầng_ậc,SYN,"ầng_ậng,ầng_ậc"
ấp_a_ấp_úng,ấp_úng,SYN,ấp_a_ấp_úng
ấp_chiến_lược,ấp_dân_sinh,SYN,ấp_dân_sinh
ấp_ủ,ủ_ấp,SYN,ủ_ấp
ất_giáp,mô_tê,SYN,ất_giáp
ẩy,du,SYN,ẩy
ẩy,đẩn,SYN,"ẩy,đẩn"
ẩy,đẩy,SYN,ẩy
ẩy,xô,SYN,ẩy
ba_que,đểu_cáng,SYN,"ba_que,đểu_cáng"
ba_que,đểu_giả,SYN,ba_que
ba_que,xỏ_lá,SYN,"ba_que,xỏ_lá"
bà_gia,bà_nhạc,SYN,"bà_gia,bà_nhạc"
bà_gia,nhạc_mẫu,SYN,"bà_gia,nhạc_mẫu"
Bà_La_Môn_giáo,đạo_Bà_La_Môn,SYN,"Bà_La_Môn_giáo,đạo_Bà_La_Môn"
bà_nguyệt,Nguyệt_Lão,SYN,Nguyệt_Lão
bà_xơ,bà_phước,SYN,bà_xơ
bạc,bợt,SYN,bợt
bạc,lợt,SYN,lợt
bạc_bromure,bromure_bạc,SYN,"bạc_bromure,bromure_bạc"
bạc_màu,bạc_mầu,SYN,bạc_mầu
bạc_mày,vẹc_bông_lau,SYN,"bạc_mày,vẹc_bông_lau"
bạc_nhạc,bạng_nhạng,SYN,"bạc_nhạc,bạng_nhạng"
bách_diệp,trắc_bá,SYN,"bách_diệp,trắc_bá"
bách_diệp,trắc_bách_diệp,SYN,"bách_diệp,trắc_bách_diệp"
bách_thanh,chàng_làng,SYN,"bách_thanh,chàng_làng"
bách_thú,vườn_bách_thú,SYN,bách_thú
bạch_cầu,bạch_huyết_cầu,SYN,bạch_huyết_cầu
bài,bài_bác,SYN,bài_bác
bài_bác,bài_xích,SYN,bài_bác
bài_tiết,bài_xuất,SYN,bài_xuất
bài_trung,luật_bài_trung,SYN,"bài_trung,luật_bài_trung"
bãi_chợ,bãi_thị,SYN,"bãi_chợ,bãi_thị"
bại_binh,bại_quân,SYN,bại_quân
bại_vong,diệt_vong,SYN,bại_vong
bại_vong,tiêu_vong,SYN,"bại_vong,tiêu_vong"
bàn_lùi,bàn_rùn,SYN,"bàn_lùi,bàn_rùn"
bàn_thờ,bàn_độc,SYN,bàn_độc
bản_ghi_nhớ,bị_vong_lục,SYN,bị_vong_lục
bản_lãnh,bản_lĩnh,SYN,bản_lãnh
bản_mạch,bo_mạch,SYN,bản_mạch
bản_mạch_chủ,bo_mạch_chủ,SYN,bản_mạch_chủ
bán_hoá_giá,hoá_giá,SYN,bán_hoá_giá
bán_mạng,thục_mạng,SYN,bán_mạng
bán_nguyên_âm,bán_phụ_âm,SYN,"bán_nguyên_âm,bán_phụ_âm"
bán_thành_phẩm,nửa_thành_phẩm,SYN,nửa_thành_phẩm
bán_tháo,bán_tống,SYN,bán_tống
bán_trả_dần,bán_trả_góp,SYN,bán_trả_dần
bạn_đời,bạn_trăm_năm,SYN,bạn_trăm_năm
bảng_chữ_cái,alphabet,SYN,alphabet
bảng_cửu_chương,cửu_chương,SYN,"bảng_cửu_chương,cửu_chương"
báng,búng_báng,SYN,búng_báng
bánh_cuốn,bánh_mướt,SYN,bánh_mướt
bánh_ít,bánh_ếch,SYN,bánh_ếch
bánh_mật,da_bánh_mật,SYN,da_bánh_mật
bánh_quy,bích_quy,SYN,bích_quy
bánh_tro,bánh_gio,SYN,"bánh_tro,bánh_gio"
bánh_xèo,bánh_khoái,SYN,bánh_khoái
bao_bố,bao_tời,SYN,bao_tời
bao_bố,khố_tải,SYN,khố_tải
bao_dung,bao_dong,SYN,bao_dong
bao_la,mông_mênh,SYN,mông_mênh
bao_mua,bao_tiêu,SYN,bao_mua
bao_nhiêu,bao_lăm,SYN,bao_lăm
bao_tải,bao_tời,SYN,bao_tời
bao_tải,khố_tải,SYN,khố_tải
bao_tời,khố_tải,SYN,"bao_tời,khố_tải"
bao_vây,phong_bế,SYN,phong_bế
bảo_lãnh,bảo_lĩnh,SYN,bảo_lĩnh
bảo_mạng,bảo_mệnh,SYN,"bảo_mạng,bảo_mệnh"
bảo_thủ,thủ_cựu,SYN,thủ_cựu
bão_dông,dông_bão,SYN,bão_dông
bão_dông,giông_bão,SYN,bão_dông
báo_ân,báo_ơn,SYN,báo_ơn
bầm,u,SYN,u
bẩm_chất,tư_chất,SYN,bẩm_chất
bẩm_tính,thiên_tính,SYN,"bẩm_tính,thiên_tính"
bẫm,bở,SYN,bẫm
bấm,bấm_đốt,SYN,bấm_đốt
bấm_ra_sữa,búng_ra_sữa,SYN,bấm_ra_sữa
bậm,bặm,SYN,bậm
bậm,mắm,SYN,bậm
bậm,mím,SYN,bậm
bậm,mập,SYN,bậm
bậm_bạp,mập_mạp,SYN,bậm_bạp
bần_thần,đẫn_đờ,SYN,đẫn_đờ
bần_thần,lần_thần,SYN,lần_thần
bần_thần,thờ_thẫn,SYN,thờ_thẫn
bần_tiện,bủn_xỉn,SYN,bần_tiện
bần_tiện,keo_kiệt,SYN,bần_tiện
bẩn,nhớp,SYN,nhớp
bẩn_thỉu,dơ_dáy,SYN,dơ_dáy
bấn,bấn_bíu,SYN,"bấn,bấn_bíu"
bê_trễ,bê_trệ,SYN,bê_trệ
bề_tôi,bầy_tôi,SYN,"bề_tôi,bầy_tôi"
bể_dâu,bãi_bể_nương_dâu,SYN,"bể_dâu,bãi_bể_nương_dâu"
bể_dâu,dâu_bể,SYN,"bể_dâu,dâu_bể"
bể_dâu,tang_hải,SYN,"bể_dâu,tang_hải"
bể_dâu,tang_thương,SYN,bể_dâu
bể_dâu,thương_hải_tang_điền,SYN,"bể_dâu,thương_hải_tang_điền"
bệ_hạ,chúa_thượng,SYN,chúa_thượng
bệ_hạ,thánh_thượng,SYN,thánh_thượng
bệ_vệ,đường_bệ,SYN,đường_bệ
bệ_xí,bàn_cầu,SYN,"bệ_xí,bàn_cầu"
bệ_xí,bồn_cầu,SYN,bệ_xí
bệch_bạc,bềnh_bệch,SYN,"bệch_bạc,bềnh_bệch"
bền_chí,kiên_trì,SYN,bền_chí
báo_đáp,báo_ơn,SYN,báo_ơn
báo_hỉ,báo_hỷ,SYN,"báo_hỉ,báo_hỷ"
báo_oán,báo_thù,SYN,báo_oán
báo_oán,phục_thù,SYN,báo_oán
báo_oán,trả_thù,SYN,báo_oán
báo_tang,cáo_phó,SYN,"báo_tang,cáo_phó"
báo_tường,bích_báo,SYN,bích_báo
báo_yên,báo_an,SYN,báo_yên
bạo_động,đảo_chánh,SYN,đảo_chánh
bạo_gan,bạo_phổi,SYN,bạo_phổi
bạo_miệng,bạo_mồm,SYN,bạo_mồm
bạo_phổi,to_gan,SYN,bạo_phổi
bát_ngát,mông_mênh,SYN,mông_mênh
bạt_mạng,bạt_tử,SYN,bạt_tử
bạt_mạng,văng_mạng,SYN,văng_mạng
bạt_mạng,vong_mạng,SYN,vong_mạng
bạt_tử,bất_tử,SYN,bạt_tử
bạt_tử,văng_mạng,SYN,"bạt_tử,văng_mạng"
bạt_tử,vong_mạng,SYN,"bạt_tử,vong_mạng"
bạt_vía,bạt_vía_kinh_hồn,SYN,"bạt_vía,bạt_vía_kinh_hồn"
bạt_vía,hết_hồn,SYN,bạt_vía
bạt_vía,hết_vía,SYN,"bạt_vía,hết_vía"
bạt_vía,khiếp_vía,SYN,bạt_vía
bàu_bạu,bầu_bậu,SYN,"bàu_bạu,bầu_bậu"
bày_vai,bằng_vai,SYN,bày_vai
bắc_sài_hồ,sài_hồ,SYN,bắc_sài_hồ
băm,vằm,SYN,vằm
bằm,vằm,SYN,vằm
bằn_bặt,bặt,SYN,bằn_bặt
bằn_bặt,biệt,SYN,bằn_bặt
bẳn,cáu,SYN,bẳn
bẳn,gắt,SYN,bẳn
bẳn_gắt,cáu_bẳn,SYN,bẳn_gắt
bẳn_gắt,cáu_gắt,SYN,bẳn_gắt
băng_đảo,băng_sơn,SYN,băng_đảo
băng_đảo,núi_băng,SYN,băng_đảo
băng_hà,thăng_hà,SYN,thăng_hà
băng_xăng,lăng_xăng,SYN,băng_xăng
bằng_chứng,bằng_cớ,SYN,bằng_cớ
bằng_chứng,bằng_cứ,SYN,bằng_cứ
bằng_cớ,bằng_cứ,SYN,"bằng_cớ,bằng_cứ"
bằng_cớ,chứng_cớ,SYN,bằng_cớ
bằng_cớ,chứng_cứ,SYN,bằng_cớ
bằng_cứ,chứng_cớ,SYN,bằng_cứ
bằng_cứ,chứng_cứ,SYN,bằng_cứ
bắng_nhắng,bặng_nhặng,SYN,"bắng_nhắng,bặng_nhặng"
bắng_nhắng,nhắng_nhít,SYN,"bắng_nhắng,nhắng_nhít"
bắt_bẻ,hoạnh_hoẹ,SYN,hoạnh_hoẹ
bắt_bí,bóp_chẹt,SYN,bóp_chẹt
bắt_chẹt,bóp_chẹt,SYN,bóp_chẹt
bắt_đền,bắt_thường,SYN,bắt_thường
bắt_mạch,xem_mạch,SYN,xem_mạch
bắt_nhân_tình,bắt_bồ,SYN,"bắt_nhân_tình,bắt_bồ"
bắt_nhân_tình,bồ_bịch,SYN,bắt_nhân_tình
bắt_nhân_tình,cặp_bồ,SYN,bắt_nhân_tình
bắt_nhân_tình,ngoại_tình,SYN,bắt_nhân_tình
bắt_nợ,xiết_nợ,SYN,bắt_nợ
bắt_quyết,bắt_ấn,SYN,"bắt_quyết,bắt_ấn"
bắt_thăm,bốc_thăm,SYN,bắt_thăm
bắt_thăm,gắp_thăm,SYN,bắt_thăm
bắt_thóp,biết_thóp,SYN,"bắt_thóp,biết_thóp"
bắt_vạ,ngả_vạ,SYN,"bắt_vạ,ngả_vạ"
bắt_vạ,phạt_vạ,SYN,"bắt_vạ,phạt_vạ"
bặt_thiệp,bạt_thiệp,SYN,"bặt_thiệp,bạt_thiệp"
bận_lòng,nhọc_lòng,SYN,nhọc_lòng
bận_tâm,nhọc_lòng,SYN,nhọc_lòng
bấp_ba_bấp_bênh,bấp_bênh,SYN,bấp_ba_bấp_bênh
bấp_bênh,cập_kênh,SYN,cập_kênh
bập_bà_bập_bềnh,bập_bềnh,SYN,bập_bà_bập_bềnh
bập_bà_bập_bềnh,bập_bồng,SYN,"bập_bà_bập_bềnh,bập_bồng"
bập_bà_bập_bềnh,bềnh_bồng,SYN,"bập_bà_bập_bềnh,bềnh_bồng"
bập_bà_bập_bềnh,bồng_bềnh,SYN,bập_bà_bập_bềnh
bập_bà_bập_bềnh,dập_dềnh,SYN,bập_bà_bập_bềnh
bập_bà_bập_bềnh,rập_rình,SYN,bập_bà_bập_bềnh
bập_bà_bập_bõm,bập_bõm,SYN,bập_bà_bập_bõm
bập_bà_bập_bõm,lõm_bõm,SYN,"bập_bà_bập_bõm,lõm_bõm"
bập_bà_bập_bõm,lỗ_mỗ,SYN,"bập_bà_bập_bõm,lỗ_mỗ"
bập_bà_bập_bùng,bập_bùng,SYN,bập_bà_bập_bùng
bập_bềnh,bập_bồng,SYN,bập_bồng
bập_bềnh,bềnh_bồng,SYN,bềnh_bồng
bập_bõm,lõm_bõm,SYN,lõm_bõm
bập_bõm,lỗ_mỗ,SYN,lỗ_mỗ
bập_bồng,bềnh_bồng,SYN,"bập_bồng,bềnh_bồng"
bập_bồng,bồng_bềnh,SYN,bập_bồng
bập_bồng,dập_dềnh,SYN,bập_bồng
bập_bồng,rập_rình,SYN,bập_bồng
bất_chợt,hốt_nhiên,SYN,hốt_nhiên
bất_cứ,vô_luận,SYN,vô_luận
bất_đồ,bất_giác,SYN,bất_đồ
bất_đồng,dị_đồng,SYN,dị_đồng
bất_kể,vô_luận,SYN,vô_luận
bất_kì,vô_luận,SYN,vô_luận
bất_luận,vô_luận,SYN,vô_luận
bất_lương,vô_lương,SYN,vô_lương
bất_nghĩa,bất_nghì,SYN,"bất_nghĩa,bất_nghì"
bất_nghĩa,bội_bạc,SYN,bất_nghĩa
bất_nghĩa,vô_nghĩa,SYN,bất_nghĩa
bất_tài,vô_tài,SYN,vô_tài
bất_tất,hà_tất,SYN,"bất_tất,hà_tất"
bất_thần,hốt_nhiên,SYN,hốt_nhiên
bất_tử,văng_mạng,SYN,văng_mạng
bất_tử,vong_mạng,SYN,vong_mạng
bầu_cử,tuyển_cử,SYN,tuyển_cử
bầu_eo,bầu_nậm,SYN,"bầu_eo,bầu_nậm"
bấu_véo,bấu_véo,SYN,"bấu_véo,bấu_véo"
bấu_véo,cấu_véo,SYN,bấu_véo
bấu_víu,bám_bíu,SYN,bám_bíu
bầy_nhầy,bèo_nhèo,SYN,"bầy_nhầy,bèo_nhèo"
bầy_nhầy,lèo_nhèo,SYN,"bầy_nhầy,lèo_nhèo"
bẫy,cạm,SYN,cạm
bấy_giờ,bấy_chừ,SYN,bấy_chừ
bấy_nay,bấy_lâu,SYN,bấy_nay
be_bét,bét_be,SYN,bét_be
bè_cánh,bè_đảng,SYN,"bè_cánh,bè_đảng"
bè_cánh,bè_phái,SYN,bè_cánh
bè_cánh,phe_cánh,SYN,bè_cánh
bè_cánh,vây_cánh,SYN,bè_cánh
bè_đảng,bè_phái,SYN,bè_đảng
bè_đảng,phe_đảng,SYN,"bè_đảng,phe_đảng"
bẽ,ê,SYN,"bẽ,ê"
bẽ,tẽn,SYN,"bẽ,tẽn"
bẽ_mặt,ngượng_mặt,SYN,ngượng_mặt
bẻm_mép,bẻo_lẻo,SYN,"bẻm_mép,bẻo_lẻo"
bẻm_mép,lém,SYN,bẻm_mép
bẻm_mép,lém_lỉnh,SYN,bẻm_mép
bẽn_lẽn,xẻn_lẻn,SYN,xẻn_lẻn
bén_mảng,léo_hánh,SYN,léo_hánh
béng,phăng,SYN,béng
béng,phắt,SYN,béng
béng,phứt,SYN,"béng,phứt"
béng,quách,SYN,béng
béng,trớt,SYN,"béng,trớt"
béng,phéng,SYN,"béng,phéng"
bèo_bọt,bọt_bèo,SYN,bọt_bèo
bèo_cám,bèo_tấm,SYN,"bèo_cám,bèo_tấm"
bèo_dâu,bèo_hoa_dâu,SYN,"bèo_dâu,bèo_hoa_dâu"
bèo_lục_bình,bèo_Nhật_Bản,SYN,"bèo_lục_bình,bèo_Nhật_Bản"
bèo_lục_bình,bèo_tây,SYN,bèo_lục_bình
bèo_Nhật_Bản,bèo_tây,SYN,bèo_Nhật_Bản
bèo_nhèo,lèo_nhèo,SYN,"bèo_nhèo,lèo_nhèo"
bẻo_lẻo,lém_lỉnh,SYN,bẻo_lẻo
béo_múp,béo_núc,SYN,"béo_múp,béo_núc"
béo_múp,béo_nung_núc,SYN,"béo_múp,béo_nung_núc"
béo_núc,béo_nung_núc,SYN,"béo_núc,béo_nung_núc"
bê_bết,bí_bét,SYN,bí_bét
bê_rê,mũ_nồi,SYN,bê_rê
bê_tông_cốt_sắt,bê_tông_cốt_thép,SYN,bê_tông_cốt_sắt
bến_bờ,bờ_bến,SYN,bờ_bến
bềnh_bồng,bềnh_bồng,SYN,"bềnh_bồng,bềnh_bồng"
bềnh_bồng,dập_dềnh,SYN,bềnh_bồng
bềnh_bồng,rập_rình,SYN,bềnh_bồng
bệnh_hoạn,tật_bệnh,SYN,tật_bệnh
bệnh_lí,bệnh_lý,SYN,bệnh_lí
bệnh_tật,tật_bệnh,SYN,tật_bệnh
bếp_núc,bếp_nước,SYN,bếp_nước
bệt,xệp,SYN,xệp
bêu_riếu,bêu_nhuốc,SYN,bêu_nhuốc
bi_a,bi_da,SYN,bi_a
bi_ba_bi_bô,bi_bô,SYN,bi_ba_bi_bô
bi_đông,bình_toong,SYN,"bi_đông,bình_toong"
bì_bà_bì_bõm,bì_bõm,SYN,bì_bà_bì_bõm
bì_khổng,lỗ_bì,SYN,"bì_khổng,lỗ_bì"
bì_sị,bị_sị,SYN,"bì_sị,bị_sị"
bí_đao,bí_phấn,SYN,bí_phấn
bí_đỏ,bí_rợ,SYN,bí_rợ
bí_ngô,bí_rợ,SYN,bí_rợ
bí_thơ,bí_thư,SYN,bí_thơ
bìa_giả,bìa_trong,SYN,"bìa_giả,bìa_trong"
bịa,khịa,SYN,khịa
bịa,phịa,SYN,phịa
bích_cốt,bít_cốt,SYN,"bích_cốt,bít_cốt"
bịch,bình_bịch,SYN,bình_bịch
biếc,biêng_biếc,SYN,biêng_biếc
biên_cương,biên_thuỳ,SYN,biên_thuỳ
biên_giới,biên_thuỳ,SYN,biên_thuỳ
biến_sắc,thất_sắc,SYN,thất_sắc
biếng_nhác,chây_lười,SYN,"biếng_nhác,chây_lười"
biếng_nhác,lười_biếng,SYN,biếng_nhác
biếng_nhác,lười_nhác,SYN,biếng_nhác
biết_bao,biết_mấy_xiết_bao,SYN,biết_mấy_xiết_bao
biết_bao_nhiêu,xiết_bao,SYN,xiết_bao
biết_chừng_nào,xiết_bao,SYN,xiết_bao
biết_đâu,biết_đâu_chừng,SYN,biết_đâu_chừng
biết_mấy,xiết_bao,SYN,xiết_bao
biết_ơn,hàm_ân,SYN,hàm_ân
biết_ơn,hàm_ơn,SYN,hàm_ơn
biết_tỏng,biết_tỏng_tòng_tong,SYN,biết_tỏng_tòng_tong
biệt_đãi,ưu_đãi,SYN,biệt_đãi
biệt_li,biệt_ly,SYN,"biệt_li,biệt_ly"
biệt_li,chia_li,SYN,"biệt_li,chia_li"
biệt_li,chia_ly_chia_phôi,SYN,"biệt_li,chia_ly_chia_phôi"
biệt_li,li_biệt,SYN,"biệt_li,li_biệt"
biệt_li,phân_li,SYN,"biệt_li,phân_li"
biệt_ly,chia_li,SYN,"biệt_ly,chia_li"
biệt_ly,chia_ly,SYN,biệt_ly
biệt_ly,chia_phôi,SYN,"biệt_ly,chia_phôi"
biệt_ly,li_biệt,SYN,"biệt_ly,li_biệt"
biệt_ly,ly_biệt,SYN,biệt_ly
biệt_ly,phân_li,SYN,"biệt_ly,phân_li"
biệt_ly,phân_ly,SYN,biệt_ly
biệt_tài,đặc_tài,SYN,đặc_tài
biệt_thự,vi_la,SYN,vi_la
biểu_đồ,giản_đồ,SYN,giản_đồ
binh_công_xưởng,công_binh_xưởng,SYN,"binh_công_xưởng,công_binh_xưởng"
binh_lính,lính_tráng,SYN,lính_tráng
binh_lửa,lửa_binh,SYN,"binh_lửa,lửa_binh"
bình_bản,bình_bán,SYN,"bình_bản,bình_bán"
bình_vôi,củ_bình_vôi,SYN,củ_bình_vôi
bít_bùng,bịt_bùng,SYN,bịt_bùng
bìu_dái,dái,SYN,"bìu_dái,dái"
bìu_dái,đì,SYN,bìu_dái
bỏ_bà,bỏ_bố,SYN,"bỏ_bà,bỏ_bố"
bỏ_bà,bỏ_cha,SYN,"bỏ_bà,bỏ_cha"
bỏ_bà,bỏ_đời,SYN,"bỏ_bà,bỏ_đời"
bỏ_bà,bỏ_mẹ,SYN,bỏ_bà
bỏ_bà,bỏ_xừ,SYN,"bỏ_bà,bỏ_xừ"
bỏ_bà,chết_cha,SYN,bỏ_bà
bỏ_bê,bỏ_bễ,SYN,bỏ_bễ
bỏ_bố,bỏ_cha,SYN,"bỏ_bố,bỏ_cha"
bỏ_bố,bỏ_đời,SYN,"bỏ_bố,bỏ_đời"
bỏ_bố,bỏ_mẹ,SYN,bỏ_bố
bỏ_bố,bỏ_xừ,SYN,"bỏ_bố,bỏ_xừ"
bỏ_bố,chết_cha,SYN,bỏ_bố
bỏ_cha,bỏ_đời,SYN,"bỏ_cha,bỏ_đời"
bỏ_cha,bỏ_mẹ,SYN,bỏ_cha
bỏ_cha,bỏ_xừ,SYN,"bỏ_cha,bỏ_xừ"
bỏ_cha,chết_cha,SYN,bỏ_cha
bỏ_đời,bỏ_mẹ,SYN,bỏ_đời
bỏ_đời,bỏ_xừ,SYN,"bỏ_đời,bỏ_xừ"
bỏ_đời,chết_cha,SYN,bỏ_đời
bỏ_mạng,bỏ_đời,SYN,bỏ_đời
bỏ_mạng,bỏ_thây,SYN,bỏ_thây
bỏ_mẹ,bỏ_xừ,SYN,bỏ_xừ
bỏ_phiếu,bỏ_thăm,SYN,bỏ_thăm
bỏ_xác,bỏ_đời,SYN,bỏ_đời
bỏ_xác,bỏ_thây,SYN,bỏ_thây
bỏ_xừ,chết_cha,SYN,bỏ_xừ
bó_gối,bó_giò,SYN,bó_giò
bọ_dừa,bọ_đa,SYN,"bọ_dừa,bọ_đa"
bọ_dừa,bọ_vừng,SYN,"bọ_dừa,bọ_vừng"
bọ_đa,bọ_vừng,SYN,"bọ_đa,bọ_vừng"
bọ_gậy,cung_quăng,SYN,cung_quăng
bọ_mạt,bọ_mát,SYN,"bọ_mạt,bọ_mát"
bói_cá,chim_thầy_bói,SYN,"bói_cá,chim_thầy_bói"
bói_đâu_ra,bói_không_ra,SYN,"bói_đâu_ra,bói_không_ra"
bom_H,bom_khinh_khí,SYN,"bom_H,bom_khinh_khí"
bòn_bon,lòn_bon,SYN,"bòn_bon,lòn_bon"
bỏng_rạ,trái_rạ,SYN,bỏng_rạ
bông_lơn,ba_lơn,SYN,"bông_lơn,ba_lơn"
bông_lơn,bỡn_cợt,SYN,bông_lơn
bông_thùa,hải_quì,SYN,"bông_thùa,hải_quì"
bông_thùa,hải_quỳ,SYN,"bông_thùa,hải_quỳ"
bồng_bềnh,bềnh_bồng,SYN,bềnh_bồng
bỗng,hốt_nhiên,SYN,hốt_nhiên
bỗng_dưng,không_dưng,SYN,không_dưng
bỗng_nhiên,hốt_nhiên,SYN,hốt_nhiên
bừa,phứa,SYN,phứa
bừa_phứa,phứa_phựa,SYN,"bừa_phứa,phứa_phựa"
bừa_phứa,văng_tê,SYN,"bừa_phứa,văng_tê"
bóng,thông_phong,SYN,thông_phong
bóng_bán_dẫn,đèn_bán_dẫn,SYN,đèn_bán_dẫn
bóng_điện_tử,đèn_điện_tử,SYN,"bóng_điện_tử,đèn_điện_tử"
bóng_loáng,bóng_nhoáng,SYN,bóng_nhoáng
bóng_lộn,bóng_nhoáng,SYN,bóng_nhoáng
bọng_đái,bàng_quang,SYN,bọng_đái
bọng_đái,bóng_đái,SYN,"bọng_đái,bóng_đái"
bọng_ong,bộng_ong,SYN,"bọng_ong,bộng_ong"
boong,boong_boong,SYN,boong_boong
bóp_bụng,bóp_miệng,SYN,"bóp_bụng,bóp_miệng"
bóp_bụng,bóp_mồm,SYN,"bóp_bụng,bóp_mồm"
bóp_cổ,bóp_họng,SYN,bóp_họng
bóp_miệng,bóp_mồm,SYN,"bóp_miệng,bóp_mồm"
bóp_óc,bóp_trán,SYN,"bóp_óc,bóp_trán"
bót,bốt,SYN,bót
bô_lão,cố_lão,SYN,cố_lão
bồ_bịch,nhân_ngãi,SYN,nhân_ngãi
bồ_bịch,bắt_bồ,SYN,bắt_bồ
bồ_cào,cào,SYN,bồ_cào
bồ_hóng,mồ_hóng,SYN,"bồ_hóng,mồ_hóng"
bồ_kếp,bồ_kết,SYN,bồ_kếp
bồ_nông,lềnh_đềnh,SYN,"bồ_nông,lềnh_đềnh"
bổ_dụng,bổ_nhậm,SYN,"bổ_dụng,bổ_nhậm"
bổ_dụng,bổ_nhiệm,SYN,bổ_dụng
bổ_ngữ,tân_ngữ,SYN,"bổ_ngữ,tân_ngữ"
bổ_nhào,bổ_nháo,SYN,bổ_nháo
bổ_nhậm,bổ_nhiệm,SYN,bổ_nhậm
bố,cha_nội,SYN,cha_nội
bố_cáo,bá_cáo,SYN,bá_cáo
bố_láo,bố_láo_bố_lếu,SYN,"bố_láo,bố_láo_bố_lếu"
bố_láo,bố_lếu_bố_láo,SYN,"bố_láo,bố_lếu_bố_láo"
bố_láo,hỗn_hào,SYN,bố_láo
bố_láo,hỗn_láo,SYN,bố_láo
bố_láo,hỗn_xược,SYN,"bố_láo,hỗn_xược"
bố_láo,láo_xược,SYN,"bố_láo,láo_xược"
bố_láo_bố_lếu,bố_lếu_bố_láo,SYN,"bố_láo_bố_lếu,bố_lếu_bố_láo"
bố_láo_bố_lếu,hỗn_hào,SYN,bố_láo_bố_lếu
bố_láo_bố_lếu,hỗn_láo,SYN,bố_láo_bố_lếu
bố_láo_bố_lếu,hỗn_xược,SYN,"bố_láo_bố_lếu,hỗn_xược"
bố_láo_bố_lếu,láo_xược,SYN,"bố_láo_bố_lếu,láo_xược"
bố_lếu_bố_láo,hỗn_hào,SYN,bố_lếu_bố_láo
bố_lếu_bố_láo,hỗn_láo,SYN,bố_lếu_bố_láo
bố_lếu_bố_láo,hỗn_xược,SYN,"bố_lếu_bố_láo,hỗn_xược"
bố_lếu_bố_láo,láo_xược,SYN,"bố_lếu_bố_láo,láo_xược"
bộ_duyệt,trình_duyệt,SYN,bộ_duyệt
bộ_điều_giải,modem,SYN,bộ_điều_giải
bộ_hạ,thuộc_hạ,SYN,bộ_hạ
bộ_nhớ_chỉ_đọc,ROM,SYN,"bộ_nhớ_chỉ_đọc,ROM"
bộ_nhớ_sơ_cấp,bộ_nhớ_trong,SYN,bộ_nhớ_sơ_cấp
bộ_nhớ_truy_cập_ngẫu_nhiên,RAM,SYN,"bộ_nhớ_truy_cập_ngẫu_nhiên,RAM"
bộ_xử_lí_trung_tâm,bộ_xử_lý_trung_tâm,SYN,"bộ_xử_lí_trung_tâm,bộ_xử_lý_trung_tâm"
bộ_xử_lí_trung_tâm,CPU,SYN,"bộ_xử_lí_trung_tâm,CPU"
bộ_xử_lý_trung_tâm,CPU,SYN,"bộ_xử_lý_trung_tâm,CPU"
bốc_giời,bốc_trời,SYN,"bốc_giời,bốc_trời"
bốc_mả,bốc_mộ,SYN,bốc_mả
bốc_mả,cải_mả,SYN,"bốc_mả,cải_mả"
bốc_mả,cải_táng,SYN,bốc_mả
bốc_mả,cất_mả,SYN,"bốc_mả,cất_mả"
bốc_mả,cất_mộ,SYN,"bốc_mả,cất_mộ"
bốc_mả,sang_cát,SYN,"bốc_mả,sang_cát"
bốc_mộ,cải_mả,SYN,cải_mả
bốc_mộ,cất_mả,SYN,cất_mả
bốc_mộ,cất_mộ,SYN,cất_mộ
bốc_mộ,sang_cát,SYN,sang_cát
bộc_trực,trực_tính,SYN,trực_tính
bộc_tuệch,tuệch_toạc,SYN,"bộc_tuệch,tuệch_toạc"
bồi_hoàn,truy_hoàn,SYN,truy_hoàn
bồi_hồi,bổi_hổi,SYN,bổi_hổi
bồi_phòng,hầu_phòng,SYN,bồi_phòng
bội_bạc,bội_nghĩa,SYN,bội_nghĩa
bội_nghĩa,bội_ơn,SYN,"bội_nghĩa,bội_ơn"
bội_nghĩa,phụ_bạc,SYN,bội_nghĩa
bồn_binh,bùng_binh,SYN,bồn_binh
bồn_cầu,bàn_cầu,SYN,bàn_cầu
bốn_bể,bốn_biển,SYN,bốn_bể
bốp_chát,đốp_chát,SYN,"bốp_chát,đốp_chát"
bộp_chộp,láu_táu,SYN,"bộp_chộp,láu_táu"
bộp_chộp,lốp_bốp,SYN,"bộp_chộp,lốp_bốp"
bờ_bụi,bụi_bờ,SYN,"bờ_bụi,bụi_bờ"
bờ_cõi,cõi_bờ,SYN,cõi_bờ
bờ_cõi,cương_vực,SYN,cương_vực
bợ_đỡ,nịnh_bợ,SYN,bợ_đỡ
bơi_ếch,bơi_nhái,SYN,bơi_nhái
bởi_vì,bởi_chưng,SYN,bởi_chưng
bởi_vì,vì_chưng,SYN,vì_chưng
bới,bươi,SYN,bươi
bờm_xờm,bù_xù,SYN,bờm_xờm
bờm_xờm,chờm_bờm,SYN,"bờm_xờm,chờm_bờm"
bờm_xờm,lờm_xờm,SYN,"bờm_xờm,lờm_xờm"
bờm_xờm,lù_xù,SYN,"bờm_xờm,lù_xù"
bỡn,giỡn,SYN,bỡn
bỡn,rỡn,SYN,"bỡn,rỡn"
bỡn_cợt,đùa_bỡn,SYN,đùa_bỡn
bợn,gợn,SYN,bợn
bớp,bợp,SYN,"bớp,bợp"
bớt_miệng,bớt_mồm_bớt_miệng,SYN,"bớt_miệng,bớt_mồm_bớt_miệng"
bớt_xén,bớt_xớ,SYN,bớt_xớ
bợt,lợt,SYN,"bợt,lợt"
bợt,nhợt,SYN,bợt
bu,u,SYN,u
bu_lông,bù_loong,SYN,bù_loong
bù_xù,chờm_bờm,SYN,chờm_bờm
bù_xù,lờm_xờm,SYN,lờm_xờm
bù_xù,lù_xù,SYN,lù_xù
bụ,mẫm,SYN,"bụ,mẫm"
bụ,mập,SYN,bụ
bùa_chú,phù_chú,SYN,phù_chú
bùa_cứu_mạng,bùa_hộ_mệnh,SYN,bùa_cứu_mạng
bùa_cứu_mạng,bùa_hộ_thân,SYN,"bùa_cứu_mạng,bùa_hộ_thân"
bùa_hộ_mệnh,bùa_hộ_thân,SYN,bùa_hộ_thân
bủa_vây,phong_bế,SYN,phong_bế
bủa_vây,vây_bủa,SYN,vây_bủa
búa_đanh,búa_đinh,SYN,búa_đanh
bùi_ngùi,ngùi_ngùi,SYN,ngùi_ngùi
bụi_bặm,bụi_bậm,SYN,bụi_bậm
bụi_trần,bụi_hồng,SYN,"bụi_trần,bụi_hồng"
bủn,mủn,SYN,bủn
bủn_rủn,bủn_nhủn,SYN,bủn_nhủn
bùng_nhùng,lùng_nhùng,SYN,lùng_nhùng
buồn_rười_rượi,buồn_rượi,SYN,buồn_rượi
buồn_thiu,buồn_xo,SYN,buồn_xo
buông_trôi,buông_xuôi,SYN,buông_trôi
buông_tuồng,loang_toàng,SYN,"buông_tuồng,loang_toàng"
buông_tuồng,luông_tuồng,SYN,"buông_tuồng,luông_tuồng"
buông_xõng,buông_thõng,SYN,buông_xõng
bút_chiến,luận_chiến,SYN,"bút_chiến,luận_chiến"
bút_danh,bút_hiệu,SYN,bút_hiệu
bứ,bứ_bừ,SYN,"bứ,bứ_bừ"
bứ,bứ_bự,SYN,"bứ,bứ_bự"
bứ_bừ,bứ_bự,SYN,"bứ_bừ,bứ_bự"
bức_hiếp,ức_hiếp,SYN,bức_hiếp
bực_bõ,bực_bội,SYN,bực_bõ
bừng,phừng,SYN,phừng
bứng,bấng,SYN,bấng
bươm,bướp,SYN,bướp
bươm,tướp,SYN,tướp
bướu_cổ,bướu_giáp,SYN,bướu_giáp
bướu_giáp,cường_giáp,SYN,bướu_giáp
bứt,ngứt,SYN,ngứt
bưu_chánh,bưu_chính,SYN,bưu_chánh
ca_cẩm,ca_kiết,SYN,ca_kiết
ca_hát,ca_xướng,SYN,ca_xướng
ca_hát,hát_xướng,SYN,hát_xướng
ca_hát,xướng_ca,SYN,xướng_ca
ca_lô,mũ_chào_mào,SYN,"ca_lô,mũ_chào_mào"
ca_ri,cà_ri,SYN,ca_ri
ca_tụng,tụng_ca,SYN,tụng_ca
ca_vát,cà_vạt,SYN,ca_vát
cà_bát,cà_dừa,SYN,"cà_bát,cà_dừa"
cà_cộ,cà_cộ,SYN,"cà_cộ,cà_cộ"
cà_cộ,cà_gỉ,SYN,"cà_cộ,cà_gỉ"
cà_cộ,cà_khổ,SYN,"cà_cộ,cà_khổ"
cà_cộ,cà_mèng,SYN,"cà_cộ,cà_mèng"
cà_gỉ,cà_khổ,SYN,"cà_gỉ,cà_khổ"
cà_gỉ,cà_mèng,SYN,"cà_gỉ,cà_mèng"
cà_kê,cà_kê_dê_ngỗng,SYN,"cà_kê,cà_kê_dê_ngỗng"
cà_kê,con_cà_con_kê,SYN,"cà_kê,con_cà_con_kê"
cà_kheo,cà_khêu,SYN,cà_khêu
cà_khổ,cà_mèng,SYN,"cà_khổ,cà_mèng"
cà_mèn,cặp_lồng,SYN,cà_mèn
cà_mèn,ga_men,SYN,"cà_mèn,ga_men"
cà_nhắc,khập_khễnh,SYN,"cà_nhắc,khập_khễnh"
cà_nhắc,khập_khiễng,SYN,cà_nhắc
cà_niễng,niềng_niễng,SYN,"cà_niễng,niềng_niễng"
cà_niễng,niễng,SYN,"cà_niễng,niễng"
cà_riềng,cà_riềng_cà_tỏi,SYN,"cà_riềng,cà_riềng_cà_tỏi"
cà_tong,cà_tong_cà_teo,SYN,"cà_tong,cà_tong_cà_teo"
cà_xóc,cà_xốc,SYN,"cà_xóc,cà_xốc"
cá_bẹ,cá_đé,SYN,"cá_bẹ,cá_đé"
cá_bơn,cá_lờn_bơn,SYN,cá_lờn_bơn
cá_bơn,lờn_bơn,SYN,lờn_bơn
cá_bơn,cá_thờn_bơn,SYN,cá_thờn_bơn
cá_bơn,thờn_bơn,SYN,thờn_bơn
cá_chép,cá_gáy,SYN,cá_gáy
cá_chuối,cá_tràu,SYN,cá_tràu
cá_cóc,kì_nhông,SYN,"cá_cóc,kì_nhông"
cá_cóc,kỳ_nhông,SYN,cá_cóc
cá_dưa,cá_lạc,SYN,"cá_dưa,cá_lạc"
cá_đao,cá_rựa,SYN,"cá_đao,cá_rựa"
cá_đuôi_cờ,cá_săn_sắt,SYN,"cá_đuôi_cờ,cá_săn_sắt"
cá_leo,cá_nheo,SYN,"cá_leo,cá_nheo"
cá_lóc,cá_tràu,SYN,cá_tràu
cá_lờn_bơn,lờn_bơn,SYN,"cá_lờn_bơn,lờn_bơn"
cá_lờn_bơn,cá_thờn_bơn,SYN,"cá_lờn_bơn,cá_thờn_bơn"
cá_lờn_bơn,thờn_bơn,SYN,"cá_lờn_bơn,thờn_bơn"
cá_mại,mài_mại,SYN,"cá_mại,mài_mại"
cá_mú,cá_song,SYN,cá_song
cá_nhân,cá_nhân_chủ_nghĩa,SYN,cá_nhân_chủ_nghĩa
cá_phèn,cá_thèn,SYN,"cá_phèn,cá_thèn"
cá_quả,cá_tràu,SYN,cá_tràu
cá_rô_thia,cá_thia,SYN,"cá_rô_thia,cá_thia"
cá_rô_thia,cá_thia_lia,SYN,"cá_rô_thia,cá_thia_lia"
cá_rô_thia,cá_thia_thia,SYN,"cá_rô_thia,cá_thia_thia"
cá_thia,cá_thia_lia,SYN,"cá_thia,cá_thia_lia"
cá_thia,cá_thia_thia,SYN,"cá_thia,cá_thia_thia"
cá_thia_lia,cá_thia_thia,SYN,"cá_thia_lia,cá_thia_thia"
cá_thiều,cá_úc,SYN,"cá_thiều,cá_úc"
cá_thờn_bơn,lờn_bơn,SYN,"cá_thờn_bơn,lờn_bơn"
cá_thờn_bơn,thờn_bơn,SYN,"cá_thờn_bơn,thờn_bơn"
cá_trê,cá_hẻn,SYN,cá_hẻn
cá_trích,cá_nhâm,SYN,cá_nhâm
các_bin,cạc_bin,SYN,"các_bin,cạc_bin"
cách_chức,cất_chức,SYN,cất_chức
cách_mạng,cách_mệnh,SYN,cách_mệnh
cách_mạng_khoa_học_-_kĩ_thuật,cách_mạng_khoa_học_-_kỹ_thuật,SYN,"cách_mạng_khoa_học_-_kĩ_thuật,cách_mạng_khoa_học_-_kỹ_thuật"
cách_mạng_kĩ_thuật,cách_mạng_kỹ_thuật,SYN,"cách_mạng_kĩ_thuật,cách_mạng_kỹ_thuật"
cải_cách_ruộng_đất,cải_cách_điền_địa,SYN,cải_cách_điền_địa
cải_củ,củ_cải,SYN,cải_củ
cải_dạng,cải_trang,SYN,cải_dạng
cải_dạng,giả_dạng,SYN,cải_dạng
cải_dạng,giả_trang,SYN,cải_dạng
cải_giá,đi_bước_nữa,SYN,cải_giá
cải_giá,tái_giá,SYN,cải_giá
cải_hoa,hoa_lơ,SYN,"cải_hoa,hoa_lơ"
cải_hoa,súp_lơ,SYN,cải_hoa
cải_mả,cải_táng,SYN,cải_mả
cải_mả,cất_mả,SYN,"cải_mả,cất_mả"
cải_mả,cất_mộ,SYN,"cải_mả,cất_mộ"
cải_mả,sang_cát,SYN,"cải_mả,sang_cát"
cải_soong,cải_xoong,SYN,cải_soong
cải_táng,cất_mả,SYN,cất_mả
cải_táng,cất_mộ,SYN,cất_mộ
cải_táng,sang_cát,SYN,sang_cát
cân_tay,cân_treo,SYN,cân_tay
cân_tiểu_li,cân_tiểu_li,SYN,"cân_tiểu_li,cân_tiểu_li"
cần_sa,đay_Ấn_Độ,SYN,đay_Ấn_Độ
chạm_bong,chạm_nổi,SYN,chạm_bong
chạm_cốc,cụng_li,SYN,"chạm_cốc,cụng_li"
chán_ngắt,tẻ_ngắt,SYN,tẻ_ngắt
chán_phè,chán_phèo,SYN,"chán_phè,chán_phèo"
chân_đốt,tiết_túc,SYN,"chân_đốt,tiết_túc"
chân_giò,cẳng_giò,SYN,cẳng_giò
chân_lí_khách_quan,chân_lí_khách_quan,SYN,"chân_lí_khách_quan,chân_lí_khách_quan"
chân_lí_tuyệt_đối,chân_lí_tuyệt_đối,SYN,"chân_lí_tuyệt_đối,chân_lí_tuyệt_đối"
chân_lí_tương_đối,chân_lí_tương_đối,SYN,"chân_lí_tương_đối,chân_lí_tương_đối"
chân_lý_khách_quan,chân_lý_khách_quan,SYN,"chân_lý_khách_quan,chân_lý_khách_quan"
chân_lý_tuyệt_đối,chân_lý_tuyệt_đối,SYN,"chân_lý_tuyệt_đối,chân_lý_tuyệt_đối"
chân_lý_tương_đối,chân_lý_tương_đối,SYN,"chân_lý_tương_đối,chân_lý_tương_đối"
cãi_cọ,cãi_lẫy,SYN,cãi_lẫy
cái_trò,trò_đời,SYN,trò_đời
cảm_giác_luận,chủ_nghĩa_duy_vật,SYN,"cảm_giác_luận,chủ_nghĩa_duy_vật"
cảm_từ,thán_từ,SYN,"cảm_từ,thán_từ"
can_hệ,liên_can,SYN,can_hệ
can_hệ,liên_quan,SYN,can_hệ
can_trường,can_tràng,SYN,can_tràng
càn_bậy,xằng_bậy,SYN,"càn_bậy,xằng_bậy"
cản_ngăn,cản_trở,SYN,cản_ngăn
cản_ngăn,ngăn_cản,SYN,cản_ngăn
cản_ngăn,ngăn_trở,SYN,cản_ngăn
cạn_lời,hết_lời,SYN,cạn_lời
canh_chừng,nom_dòm,SYN,nom_dòm
canh_ti,canh_ty,SYN,"canh_ti,canh_ty"
cành_cạch,giọt_sành,SYN,"cành_cạch,giọt_sành"
cảnh_gần,cận_cảnh,SYN,cảnh_gần
cảnh_vừa,trung_cảnh,SYN,trung_cảnh
cảnh_xa,viễn_cảnh,SYN,cảnh_xa
cánh_kiến,cánh_kiến_đỏ,SYN,"cánh_kiến,cánh_kiến_đỏ"
cánh_phấn,cánh_vảy,SYN,"cánh_phấn,cánh_vảy"
cánh_quít,cánh_quýt,SYN,"cánh_quít,cánh_quýt"
cao_dong_dỏng,cao_dỏng,SYN,"cao_dong_dỏng,cao_dỏng"
cao_lêu_nghêu,cao_nhòng,SYN,"cao_lêu_nghêu,cao_nhòng"
cao_nghều,cao_nghệu,SYN,"cao_nghều,cao_nghệu"
cao_nhã,tao_nhã,SYN,cao_nhã
cáo_lui,cáo_biệt,SYN,"cáo_lui,cáo_biệt"
cáo_lui,cáo_thoái,SYN,"cáo_lui,cáo_thoái"
cáo_lui,cáo_từ,SYN,"cáo_lui,cáo_từ"
cáo_từ,cáo_biệt,SYN,"cáo_từ,cáo_biệt"
cáo_từ,cáo_thoái,SYN,"cáo_từ,cáo_thoái"
cáo_từ,kiếu_từ,SYN,"cáo_từ,kiếu_từ"
cạo_gió,đánh_gió,SYN,đánh_gió
cạp_nong,mai_gầm,SYN,"cạp_nong,mai_gầm"
cát_kết,sa_thạch,SYN,cát_kết
cau_bụng,cau_dừa,SYN,"cau_bụng,cau_dừa"
cau_có,quạu_quọ,SYN,quạu_quọ
càu_cạu,quàu_quạu,SYN,"càu_cạu,quàu_quạu"
càu_nhàu,cảu_rảu,SYN,cảu_rảu
càu_nhàu,làu_bàu,SYN,làu_bàu
càu_nhàu,lảu_bảu,SYN,lảu_bảu
càu_nhàu,lạu_bạu,SYN,lạu_bạu
càu_nhàu,làu_nhàu,SYN,làu_nhàu
càu_nhàu,lầu_nhầu,SYN,lầu_nhầu
càu_nhàu,lẩu_bẩu,SYN,lẩu_bẩu
cảu_rảu,cằn_nhằn,SYN,cảu_rảu
cảu_rảu,làu_bàu,SYN,"cảu_rảu,làu_bàu"
cảu_rảu,lảu_bảu,SYN,"cảu_rảu,lảu_bảu"
cảu_rảu,lạu_bạu,SYN,"cảu_rảu,lạu_bạu"
cảu_rảu,lầu_bầu,SYN,cảu_rảu
cảu_rảu,làu_nhàu,SYN,"cảu_rảu,làu_nhàu"
cảu_rảu,lầu_nhầu,SYN,"cảu_rảu,lầu_nhầu"
cảu_rảu,lẩu_bẩu,SYN,"cảu_rảu,lẩu_bẩu"
cáu_sườn,cáu_tiết,SYN,"cáu_sườn,cáu_tiết"
cáu_tiết,điên_tiết,SYN,cáu_tiết
cay_chua,chua_cay,SYN,cay_chua
cay_chua,sâu_cay,SYN,cay_chua
cày_ấp,cày_úp,SYN,"cày_ấp,cày_úp"
cày_cấy,cấy_cày,SYN,cấy_cày
cày_cục,kì_cục,SYN,cày_cục
cày_ngang,cày_xóc_ngang,SYN,"cày_ngang,cày_xóc_ngang"
cạy,nậy,SYN,nậy
cắc_củm,cắp_củm,SYN,"cắc_củm,cắp_củm"
căm_phẫn,công_phẫn,SYN,công_phẫn
căm_uất,phẫn_uất,SYN,căm_uất
cắm,cặm,SYN,cặm
cắm_cúi,hí_húi,SYN,hí_húi
cặm_cụi,hặm_hụi,SYN,hặm_hụi
cặm_cụi,hùi_hụi,SYN,hùi_hụi
căn_tố,gốc_từ,SYN,căn_tố
cằn,cằn_cọc,SYN,cằn_cọc
cằn_cỗi,cỗi_cằn,SYN,cỗi_cằn
cằn_cỗi,cằn_cọc,SYN,cằn_cọc
cằn_nhằn,làu_bàu,SYN,làu_bàu
cằn_nhằn,lảu_bảu,SYN,lảu_bảu
cằn_nhằn,lạu_bạu,SYN,lạu_bạu
cằn_nhằn,làu_nhàu,SYN,làu_nhàu
cằn_nhằn,lầu_nhầu,SYN,lầu_nhầu
cằn_nhằn,lẩu_bẩu,SYN,lẩu_bẩu
cặp_bồ,bắt_bồ,SYN,bắt_bồ
cặp_kèm,cập_kèm,SYN,"cặp_kèm,cập_kèm"
cặp_lồng,ga_men,SYN,ga_men
cặp_mạch,cặp_nhiệt,SYN,"cặp_mạch,cặp_nhiệt"
cặp_nhiệt,cặp_sốt,SYN,"cặp_nhiệt,cặp_sốt"
cắt_nghĩa,giảng_nghĩa,SYN,giảng_nghĩa
câm_lặng,lặng_câm,SYN,lặng_câm
câm_miệng_hến,câm_như_hến,SYN,"câm_miệng_hến,câm_như_hến"
cầm_tù,tù_đầy,SYN,tù_đầy
cẩm_châu,cẩm_nhung,SYN,cẩm_nhung
cấm_binh,cấm_quân,SYN,"cấm_binh,cấm_quân"
cấm_binh,cấm_vệ,SYN,"cấm_binh,cấm_vệ"
cấm_cảu,cấm_cẳn,SYN,"cấm_cảu,cấm_cẳn"
cấm_quân,cấm_vệ,SYN,"cấm_quân,cấm_vệ"
cân_đai,đai_cân,SYN,"cân_đai,đai_cân"
cần_yếu,thiết_yếu,SYN,cần_yếu
cẩn_mật,nghiêm_mật,SYN,nghiêm_mật
cấn_cái,cấn_cá,SYN,"cấn_cái,cấn_cá"
cấn_cái,lấn_cấn,SYN,cấn_cái
cận_chiến,đánh_giáp_lá_cà,SYN,đánh_giáp_lá_cà
cận_đại,cận_kim,SYN,cận_kim
cất_mả,cất_mộ,SYN,"cất_mả,cất_mộ"
cất_mả,sang_cát,SYN,"cất_mả,sang_cát"
cất_mộ,cất_mộ,SYN,"cất_mộ,cất_mộ"
cất_mộ,sang_cát,SYN,"cất_mộ,sang_cát"
cất_quân,cất_binh,SYN,"cất_quân,cất_binh"
cật_lực,cật_sức,SYN,cật_sức
câu_cấu,sâu_vòi_voi,SYN,"câu_cấu,sâu_vòi_voi"
câu_cú,câu_kéo,SYN,câu_cú
câu_liêm,móc_câu,SYN,câu_liêm
cầu_cạnh,cày_cục,SYN,cày_cục
cầu_cạnh,cậy_cục,SYN,cậy_cục
cầu_mắt,nhãn_cầu,SYN,cầu_mắt
cầu_thang,thang_gác,SYN,thang_gác
cầu_thang_cuốn,thang_cuốn,SYN,cầu_thang_cuốn
cầu_tiêu,chuồng_tiêu,SYN,"cầu_tiêu,chuồng_tiêu"
cầu_tiêu,chuồng_xí,SYN,"cầu_tiêu,chuồng_xí"
cầu_tiêu,hố_xí,SYN,cầu_tiêu
cầu_tiêu,nhà_cầu,SYN,"cầu_tiêu,nhà_cầu"
cầu_toàn,cầu_toàn_trách_bị,SYN,cầu_toàn_trách_bị
cấu_chí,bấu_chí,SYN,"cấu_chí,bấu_chí"
cây_mộc,cây_thân_gỗ,SYN,"cây_mộc,cây_thân_gỗ"
cây_thảo,cây_thân_cỏ,SYN,"cây_thảo,cây_thân_cỏ"
cây_thảo,cây_thân_thảo,SYN,"cây_thảo,cây_thân_thảo"
cây_thân_cỏ,cây_thân_thảo,SYN,"cây_thân_cỏ,cây_thân_thảo"
cây_xăng,cột_xăng,SYN,cột_xăng
cầy_bông_lau,cầy_móc_cua,SYN,"cầy_bông_lau,cầy_móc_cua"
cậy_cục,cày_cục,SYN,"cậy_cục,cày_cục"
CD,đĩa_compact,SYN,"CD,đĩa_compact"
CD-ROM,đĩa_quang_học,SYN,"CD-ROM,đĩa_quang_học"
cello,violoncello,SYN,violoncello
Celsius,nhiệt_độ_Celsius,SYN,"Celsius,nhiệt_độ_Celsius"
Celsius,thang_nhiệt_độ_Celsius,SYN,"Celsius,thang_nhiệt_độ_Celsius"
cha,phụ_thân,SYN,phụ_thân
cha_mẹ,bác_mẹ,SYN,bác_mẹ
cha_nội,cha,SYN,cha_nội
chà_đạp,giày_đạp,SYN,giày_đạp
chà_đạp,giầy_xéo,SYN,giầy_xéo
chả,đéo,SYN,đéo
chả,đếch,SYN,đếch
chả_hạn,chẳng_hạn,SYN,chả_hạn
chả_trách,hèn_chi,SYN,hèn_chi
chả_trách,hèn_gì,SYN,hèn_gì
chả_trách,hèn_nào,SYN,hèn_nào
chả_trách,thảo_hèn,SYN,thảo_hèn
chạch,cá_nhét,SYN,chạch
chàng_hiu,chão_chàng,SYN,"chàng_hiu,chão_chàng"
chàng_hiu,chẫu_chàng,SYN,"chàng_hiu,chẫu_chàng"
chạng,choãi,SYN,"chạng,choãi"
chạng,doạng,SYN,"chạng,doạng"
chạng,giạng,SYN,"chạng,giạng"
chạng,xoạc,SYN,chạng
chạng_vạng,chấp_choá,SYN,chấp_choá
chao,đậu_phụ_nhự,SYN,đậu_phụ_nhự
chao,ôi_chao,SYN,ôi_chao
chao_đảo,sờn_lòng,SYN,sờn_lòng
chao_đảo,thoái_chí,SYN,thoái_chí
chao_đảo,thối_chí,SYN,thối_chí
chào_mào,chúc_mào,SYN,chúc_mào
chão_chàng,chẫu_chàng,SYN,"chão_chàng,chẫu_chàng"
chão_chuộc,chẫu_chuộc,SYN,"chão_chuộc,chẫu_chuộc"
chạo,nem_chạo,SYN,chạo
chạt,nước_chạt,SYN,"chạt,nước_chạt"
cháu_đích_tôn,đích_tôn,SYN,đích_tôn
chạy_đằng_giời,chạy_đằng_trời,SYN,"chạy_đằng_giời,chạy_đằng_trời"
chạy_hiệu,cầm_cờ_chạy_hiệu,SYN,"chạy_hiệu,cầm_cờ_chạy_hiệu"
chắc_dạ,yên_lòng,SYN,chắc_dạ
chắc_dạ,yên_tâm,SYN,chắc_dạ
chắc_nịch,chắc_nình_nịch,SYN,chắc_nình_nịch
chặc_lưỡi,tắc_lưỡi,SYN,tắc_lưỡi
chăm_bẳm,chăm_chắm,SYN,"chăm_bẳm,chăm_chắm"
chăm_bẳm,chằm_chằm,SYN,chăm_bẳm
chăm_bẳm,chằm_chặp,SYN,chăm_bẳm
chăm_bẳm,châm_bẩm,SYN,"chăm_bẳm,châm_bẩm"
chăm_chăm,chăm_chắm,SYN,chăm_chắm
chăm_chắm,chằm_chằm,SYN,chăm_chắm
chăm_chắm,chằm_chặp,SYN,chăm_chắm
chăm_chắm,châm_bẩm,SYN,"chăm_chắm,châm_bẩm"
chăm_chú,chuyên_chú,SYN,chuyên_chú
chằm_bặp,chằm_bập,SYN,"chằm_bặp,chằm_bập"
chằm_bặp,chầm_vập,SYN,"chằm_bặp,chầm_vập"
chằm_chằm,châm_bẩm,SYN,châm_bẩm
chằm_chặp,châm_bẩm,SYN,châm_bẩm
chắn,chắn_cạ,SYN,chắn_cạ
chắn_song,chấn_song,SYN,chắn_song
chằng_chịt,dằng_dịt,SYN,dằng_dịt
chẳng,đéo,SYN,đéo
chẳng,đếch,SYN,đếch
chẳng_lẽ,dễ_thường,SYN,dễ_thường
chẳng_mấy_nỗi,mấy_nỗi,SYN,"chẳng_mấy_nỗi,mấy_nỗi"
chẳng_trách,hèn_chi,SYN,hèn_chi
chẳng_trách,hèn_gì,SYN,hèn_gì
chẳng_trách,hèn_nào,SYN,hèn_nào
chẳng_trách,thảo_hèn,SYN,thảo_hèn
chắp,lẹo,SYN,lẹo
chắt_bóp,chắt_lót,SYN,chắt_lót
chặt,chặt_đẹp,SYN,chặt_đẹp
chặt_chẽ,chặt_chịa,SYN,chặt_chịa
chặt_đẹp,chém,SYN,chặt_đẹp
chặt_đẹp,chém_đẹp,SYN,chặt_đẹp
chầm_bập,chằm_bặp,SYN,"chầm_bập,chằm_bặp"
chầm_bập,chầm_vập,SYN,"chầm_bập,chầm_vập"
chầm_chập,chằm_chặp,SYN,chầm_chập
chấm_hỏi,dấu_chấm_hỏi,SYN,chấm_hỏi
chấm_hỏi,dấu_hỏi,SYN,chấm_hỏi
chấm_lửng,dấu_chấm_lửng,SYN,"chấm_lửng,dấu_chấm_lửng"
chấm_phảy,chấm_phẩy,SYN,"chấm_phảy,chấm_phẩy"
chấm_phảy,dấu_chấm_phẩy,SYN,"chấm_phảy,dấu_chấm_phẩy"
chấm_phẩy,dấu_chấm_phẩy,SYN,"chấm_phẩy,dấu_chấm_phẩy"
chấm_than,dấu_chấm_than,SYN,"chấm_than,dấu_chấm_than"
chậm_rì,chậm_rì_rì,SYN,"chậm_rì,chậm_rì_rì"
chân_quì,chân_quỳ,SYN,"chân_quì,chân_quỳ"
chần_chờ,lần_chần,SYN,lần_chần
chần_chờ,lần_khần,SYN,lần_khần
chần_chờ,trù_trừ,SYN,trù_trừ
chần_chừ,lần_chần,SYN,lần_chần
chần_chừ,lần_khần,SYN,lần_khần
chần_chừ,trù_trừ,SYN,trù_trừ
chấp_choá,chập_choạng,SYN,chấp_choá
chấp_choá,nhá_nhem,SYN,chấp_choá
chấp_choá,nhập_nhoạng,SYN,chấp_choá
chấp_chới,dập_dờn,SYN,dập_dờn
chấp_chới,rập_rờn,SYN,rập_rờn
chấp_chới,chớp_chới,SYN,chớp_chới
chấp_nhặt,chấp_nê,SYN,chấp_nê
chập,chập_cheng,SYN,chập_cheng
chập_cheng,chập_mạch,SYN,chập_cheng
chập_chờn,chợp_chờn,SYN,chợp_chờn
chất_ngất,ngất_nghểu,SYN,ngất_nghểu
chầu_Diêm_Vương,chầu_giời,SYN,"chầu_Diêm_Vương,chầu_giời"
chầu_Diêm_Vương,chầu_ông_vải,SYN,"chầu_Diêm_Vương,chầu_ông_vải"
chầu_Diêm_Vương,chầu_trời,SYN,"chầu_Diêm_Vương,chầu_trời"
chầu_giời,chầu_ông_vải,SYN,"chầu_giời,chầu_ông_vải"
chầu_giời,chầu_trời,SYN,"chầu_giời,chầu_trời"
chầu_hẫu,chầu_chẫu,SYN,"chầu_hẫu,chầu_chẫu"
chầu_ông_vải,chầu_trời,SYN,"chầu_ông_vải,chầu_trời"
chẩu,chu,SYN,chẩu
chậu_thau,thau,SYN,chậu_thau
chây_lười,lười_biếng,SYN,chây_lười
chây_lười,lười_nhác,SYN,chây_lười
chè_hạt,chè_hột,SYN,"chè_hạt,chè_hột"
chè_hạt,chè_nụ,SYN,"chè_hạt,chè_nụ"
chè_hột,chè_nụ,SYN,"chè_hột,chè_nụ"
chè_lá,chè_thuốc,SYN,"chè_lá,chè_thuốc"
chèm_nhèm,lem_luốc,SYN,chèm_nhèm
chèm_nhèm,lem_nhem,SYN,chèm_nhèm
chèm_nhèm,nhem_nhuốc,SYN,chèm_nhèm
chèm_nhèm,tèm_lem,SYN,"chèm_nhèm,tèm_lem"
chèn_ép,chèn_lấn,SYN,chèn_lấn
chèo_chống,chống_chèo,SYN,chống_chèo
chèo_lái,chống_chèo,SYN,chống_chèo
chẹt,chịt,SYN,chịt
chế_độ_tư_bản,chủ_nghĩa_tư_bản,SYN,chế_độ_tư_bản
chệch_choạc,chuệnh_choạc,SYN,chuệnh_choạc
chệch_choạc,loạc_choạc,SYN,loạc_choạc
chễm_chệ,chễm_chện,SYN,chễm_chện
chễm_chệ,chĩnh_chện,SYN,chĩnh_chện
chếnh_choáng,chuếnh_choáng,SYN,chuếnh_choáng
chệnh_choạng,chuệnh_choạng,SYN,"chệnh_choạng,chuệnh_choạng"
chệnh_choạng,loạng_choạng,SYN,chệnh_choạng
chệnh_choạng,loạng_quạng,SYN,"chệnh_choạng,loạng_quạng"
chết_chưa,chết_chửa,SYN,chết_chửa
chết_dở,chết_dở_sống_dở,SYN,chết_dở_sống_dở
chết_mê,chết_mê_chết_mệt,SYN,chết_mê
chết_mê,chết_mệt,SYN,"chết_mê,chết_mệt"
chết_mê_chết_mệt,chết_mệt,SYN,chết_mệt
chết_tươi,chết_không_kịp_ngáp,SYN,"chết_tươi,chết_không_kịp_ngáp"
chết_tươi,chết_tốt,SYN,"chết_tươi,chết_tốt"
chi_chít,chíu_chít,SYN,chíu_chít
chi_dùng,chi_dụng,SYN,chi_dụng
chín_mõm,chín_mòm,SYN,"chín_mõm,chín_mòm"
có_mang,có_chửa,SYN,có_chửa
có_nhẽ,có_lẽ,SYN,có_nhẽ
có_thai,có_chửa,SYN,có_chửa
cọ,kì_cọ,SYN,kì_cọ
coi_chừng,nom_dòm,SYN,nom_dòm
còi,đọn,SYN,đọn
cõi_dương,cõi_trần,SYN,cõi_dương
cõi_dương,cõi_tục,SYN,"cõi_dương,cõi_tục"
cõi_dương,dương_gian,SYN,"cõi_dương,dương_gian"
cõi_dương,trần_gian,SYN,cõi_dương
cõi_dương,trần_thế,SYN,cõi_dương
cõi_trần,cõi_tục,SYN,cõi_tục
cõi_trần,dương_gian,SYN,dương_gian
cõi_tục,dương_gian,SYN,"cõi_tục,dương_gian"
cõi_tục,trần_gian,SYN,cõi_tục
cõi_tục,trần_thế,SYN,cõi_tục
chi_thu,thu_chi,SYN,chi_thu
chỉ_mỗi_tội,chỉ_tội,SYN,chỉ_mỗi_tội
chỉ_mỗi_tội,mỗi_tội,SYN,chỉ_mỗi_tội
chỉ_mỗi_tội,phải_cái_tội,SYN,"chỉ_mỗi_tội,phải_cái_tội"
chỉ_mỗi_tội,phải_tội,SYN,chỉ_mỗi_tội
chỉ_tội,phải_cái_tội,SYN,phải_cái_tội
chí_chát,chi_chát,SYN,"chí_chát,chi_chát"
chí_cốt,chí_thân,SYN,chí_thân
chí_cốt,chí_thiết,SYN,chí_thiết
chí_cốt,thiết_cốt,SYN,thiết_cốt
chí_lí,chí_lý,SYN,chí_lí
chí_thân,chí_thiết,SYN,"chí_thân,chí_thiết"
chí_tử,trí_mạng,SYN,trí_mạng
chia_li,chia_ly,SYN,chia_li
chia_li,chia_phôi,SYN,"chia_li,chia_phôi"
chia_li,li_biệt,SYN,"chia_li,li_biệt"
chia_li,ly_biệt_phân_li,SYN,"chia_li,ly_biệt_phân_li"
chia_li,phân_ly,SYN,chia_li
chia_ly,biệt_li,SYN,biệt_li
chia_ly,chia_phôi,SYN,chia_phôi
chia_ly,li_biệt,SYN,li_biệt
chia_ly,phân_li,SYN,phân_li
chia_phôi,biệt_li,SYN,"chia_phôi,biệt_li"
chia_phôi,li_biệt,SYN,"chia_phôi,li_biệt"
chia_phôi,ly_biệt,SYN,chia_phôi
chia_phôi,phân_li,SYN,"chia_phôi,phân_li"
chia_phôi,phân_ly,SYN,chia_phôi
chia_sẻ,chia_sớt,SYN,chia_sớt
chia_sẻ,san_sớt,SYN,san_sớt
chìa,xìa,SYN,xìa
chìa_vặn,cờ_lê,SYN,chìa_vặn
chìa_vít,tua_vít,SYN,"chìa_vít,tua_vít"
chĩa,xom,SYN,xom
chĩa_ba,đinh_ba,SYN,chĩa_ba
chích_choác,tiêm_chích,SYN,chích_choác
chiêm_bao,nằm_mê,SYN,nằm_mê
chiêm_bao,nằm_mộng,SYN,nằm_mộng
chiêm_chiếp,chiếp,SYN,"chiêm_chiếp,chiếp"
chiền_chiện,sơn_ca,SYN,chiền_chiện
chiến_chinh,chinh_chiến,SYN,chiến_chinh
chiến_đấu,chống_chỏi,SYN,chống_chỏi
chiến_hào,hào_chiến_đấu,SYN,hào_chiến_đấu
chiết_áp,phân_thế,SYN,"chiết_áp,phân_thế"
chiếu,chiếu_tướng,SYN,chiếu_tướng
chim_báo_bão,hải_âu,SYN,chim_báo_bão
chim_cút,cun_cút,SYN,cun_cút
chim_gáy,cu_cườm,SYN,"chim_gáy,cu_cườm"
chim_gáy,cu_gáy,SYN,"chim_gáy,cu_gáy"
chim_hát_bội,chim_phường_chèo,SYN,"chim_hát_bội,chim_phường_chèo"
chim_khuyên,vành_khuyên,SYN,chim_khuyên
chim_ngói,cu_ngói,SYN,"chim_ngói,cu_ngói"
chìm_lỉm,chìm_nghỉm,SYN,chìm_lỉm
chỉnh_lí,chỉnh_lý,SYN,chỉnh_lí
chỉnh_tề,tề_chỉnh,SYN,tề_chỉnh
chĩnh_chện,chễm_chện,SYN,"chĩnh_chện,chễm_chện"
chính_cống,chính_tông,SYN,chính_tông
chính_hiệu,chính_tông,SYN,chính_tông
chính_kiến,chủ_kiến,SYN,chủ_kiến
chính_quả,công_quả,SYN,chính_quả
chít,chịt,SYN,chịt
chịt,rịt,SYN,"chịt,rịt"
chịt,riệt,SYN,"chịt,riệt"
chiu_chíu,chíu,SYN,"chiu_chíu,chíu"
chò_hỏ,chồm_chỗm,SYN,"chò_hỏ,chồm_chỗm"
chõ,nồi_chõ,SYN,nồi_chõ
chõ,chõ_miệng,SYN,chõ_miệng
chõ,chõ_mõm,SYN,chõ_mõm
chõ,chõ_mồm,SYN,chõ_mồm
chõ_miệng,chõ_mõm,SYN,"chõ_miệng,chõ_mõm"
chõ_miệng,chõ_mồm,SYN,"chõ_miệng,chõ_mồm"
chõ_mõm,chõ_mồm,SYN,"chõ_mõm,chõ_mồm"
chó_biển,hải_cẩu,SYN,chó_biển
chó_săn,chim_mồi_chó_săn,SYN,chim_mồi_chó_săn
chó_săn,chó_săn_chim_mồi,SYN,chó_săn_chim_mồi
choai,choai_choai,SYN,choai
choài,nhoài,SYN,choài
choãi,doạng,SYN,"choãi,doạng"
choãi,giạng,SYN,"choãi,giạng"
choãi,xoạc,SYN,choãi
choang,choang_choang,SYN,choang_choang
choang_choang,oang_oang,SYN,choang_choang
choắt,quắt,SYN,choắt
chọc,xọc,SYN,xọc
chọc_ghẹo,chòng_ghẹo,SYN,chòng_ghẹo
chọc_léc,thọc_léc,SYN,"chọc_léc,thọc_léc"
chọc_léc,thọc_lét,SYN,"chọc_léc,thọc_lét"
chói_lọi,chói_lói,SYN,chói_lói
chon_von,chót_vót,SYN,chon_von
chòng_ghẹo,trêu_ghẹo,SYN,chòng_ghẹo
chỏng_chơ,chơ_chỏng,SYN,chơ_chỏng
chỏng_gọng,chỏng_vó,SYN,"chỏng_gọng,chỏng_vó"
chỏng_gọng,chổng_gọng,SYN,"chỏng_gọng,chổng_gọng"
chỏng_gọng,chổng_vó,SYN,chỏng_gọng
chỏng_gọng,chổng_kềnh,SYN,"chỏng_gọng,chổng_kềnh"
chóp_chép,nhóp_nhép,SYN,"chóp_chép,nhóp_nhép"
chóp_chép,tóp_tép,SYN,"chóp_chép,tóp_tép"
chổi,thanh_hao,SYN,thanh_hao
chổi_rễ,chổi_sể,SYN,"chổi_rễ,chổi_sể"
chồm,chờm,SYN,chờm
chồm_hổm,chồm_hỗm,SYN,"chồm_hổm,chồm_hỗm"
chồm_hổm,ngồi_chồm_hổm,SYN,"chồm_hổm,ngồi_chồm_hổm"
chồm_hổm,ngồi_chồm_hỗm,SYN,"chồm_hổm,ngồi_chồm_hỗm"
chồm_hỗm,ngồi_chồm_hổm,SYN,"chồm_hỗm,ngồi_chồm_hổm"
chồm_hỗm,ngồi_chồm_hỗm,SYN,"chồm_hỗm,ngồi_chồm_hỗm"
chồng_ngồng,tồng_ngồng,SYN,"chồng_ngồng,tồng_ngồng"
chổng_kềnh,chỏng_kềnh,SYN,"chổng_kềnh,chỏng_kềnh"
chổng_kềnh,lăn_kềnh,SYN,"chổng_kềnh,lăn_kềnh"
chống_chỏi,chống_chọi,SYN,chống_chỏi
chống_chỏi,đương_đầu,SYN,chống_chỏi
chống_đỡ,chống_giữ,SYN,chống_giữ
chơ_chỏng,vất_vưởng,SYN,chơ_chỏng
chớ,đéo,SYN,đéo
chớ,đếch,SYN,đếch
chớ_chi,giá,SYN,chớ_chi
chớ_chi,giá_mà,SYN,chớ_chi
chớ_chi,giá_như,SYN,chớ_chi
chớ_chi,phải_chi,SYN,chớ_chi
chớ_có_trách,đừng_có_trách,SYN,chớ_có_trách
chơi,nhởi,SYN,nhởi
chơi,nhởn,SYN,nhởn
chơi_đùa,chơi_nhởi,SYN,chơi_nhởi
chơi_nhởi,đùa_nghịch,SYN,chơi_nhởi
chơi_với_lửa,đùa_với_lửa,SYN,chơi_với_lửa
chơm_chởm,lởm_chởm,SYN,chơm_chởm
chờm_bờm,lờm_xờm,SYN,"chờm_bờm,lờm_xờm"
chờm_bờm,lù_xù,SYN,"chờm_bờm,lù_xù"
chờn,nhụt,SYN,chờn
chờn_vờn,lẩn_vẩn,SYN,"chờn_vờn,lẩn_vẩn"
chờn_vờn,lởn_vởn,SYN,chờn_vờn
chợn,rợn,SYN,chợn
chợn,sởn,SYN,chợn
chớt_nhả,cợt_nhả,SYN,chớt_nhả
chớt_nhả,nhả_nhớt,SYN,"chớt_nhả,nhả_nhớt"
chợt,sầy,SYN,sầy
chợt,hốt_nhiên,SYN,hốt_nhiên
chrom,crom,SYN,chrom
chu_cha,chui_cha,SYN,"chu_cha,chui_cha"
chu_toàn,chu_tuyền,SYN,chu_tuyền
chủ_mưu,thủ_mưu,SYN,thủ_mưu
chủ_nghĩa_duy_cảm,cảm_giác_luận,SYN,"chủ_nghĩa_duy_cảm,cảm_giác_luận"
chủ_nghĩa_duy_lí,chủ_nghĩa_duy_lý,SYN,"chủ_nghĩa_duy_lí,chủ_nghĩa_duy_lý"
chủ_nghĩa_duy_linh,duy_linh_luận,SYN,"chủ_nghĩa_duy_linh,duy_linh_luận"
chủ_nghĩa_duy_mĩ,chủ_nghĩa_duy_mỹ,SYN,"chủ_nghĩa_duy_mĩ,chủ_nghĩa_duy_mỹ"
chủ_nghĩa_duy_vật,duy_vật_luận,SYN,"chủ_nghĩa_duy_vật,duy_vật_luận"
chủ_nghĩa_hiện_tượng,hiện_tượng_luận,SYN,"chủ_nghĩa_hiện_tượng,hiện_tượng_luận"
chủ_nghĩa_kinh_viện,kinh_viện,SYN,"chủ_nghĩa_kinh_viện,kinh_viện"
chủ_nghĩa_lập_thể,chủ_nghĩa_lập_thể,SYN,"chủ_nghĩa_lập_thể,chủ_nghĩa_lập_thể"
chủ_nghĩa_nhân_đạo,chủ_nghĩa_nhân_văn,SYN,chủ_nghĩa_nhân_đạo
chủ_nghĩa_thần_bí,thuyết_thần_bí,SYN,"chủ_nghĩa_thần_bí,thuyết_thần_bí"
chủ_nghĩa_thực_chứng,thực_chứng_luận,SYN,"chủ_nghĩa_thực_chứng,thực_chứng_luận"
chủ_nghĩa_vị_kỉ,chủ_nghĩa_vị_kỷ,SYN,"chủ_nghĩa_vị_kỉ,chủ_nghĩa_vị_kỷ"
chủ_nghĩa_vị_lai,vị_lai,SYN,"chủ_nghĩa_vị_lai,vị_lai"
chủ_nhật,chúa_nhật,SYN,chúa_nhật
chủ_từ,chủ_ngữ,SYN,"chủ_từ,chủ_ngữ"
chú_mày,chú_mình,SYN,chú_mình
chú_mục,chú_tâm,SYN,chú_mục
chú_tâm,chuyên_chú,SYN,chuyên_chú
chua_lè,chua_lét,SYN,"chua_lè,chua_lét"
chua_lè,chua_loét,SYN,"chua_lè,chua_loét"
chua_lè,chua_ngoét,SYN,"chua_lè,chua_ngoét"
chua_lét,chua_loét,SYN,"chua_lét,chua_loét"
chua_lét,chua_ngoét,SYN,"chua_lét,chua_ngoét"
chua_loen_loét,chua_lè,SYN,"chua_loen_loét,chua_lè"
chua_loen_loét,chua_lét,SYN,"chua_loen_loét,chua_lét"
chua_loen_loét,chua_loét,SYN,"chua_loen_loét,chua_loét"
chua_loen_loét,chua_ngoét,SYN,"chua_loen_loét,chua_ngoét"
chua_loét,chua_ngoét,SYN,"chua_loét,chua_ngoét"
chua_me,chua_me_đất,SYN,"chua_me,chua_me_đất"
chùa,chiền,SYN,chiền
chuẩn_y,duyệt_y,SYN,duyệt_y
chuẩn_y,ưng_chuẩn,SYN,ưng_chuẩn
chúc_mừng,chúc_hạ,SYN,chúc_hạ
chuệch_choạc,loạc_choạc,SYN,loạc_choạc
chuệnh_choạng,loạng_choạng,SYN,chuệnh_choạng
chuệnh_choạng,loạng_quạng,SYN,"chuệnh_choạng,loạng_quạng"
chui_lủi,chui_nhủi,SYN,chui_nhủi
chui_lủi,lẩn_lút,SYN,lẩn_lút
chui_lủi,lẻn_lút,SYN,lẻn_lút
chui_luồn,luồn_cúi,SYN,"chui_luồn,luồn_cúi"
chui_luồn,quị_luỵ,SYN,"chui_luồn,quị_luỵ"
chui_luồn,quỵ_luỵ,SYN,"chui_luồn,quỵ_luỵ"
chui_nhủi,chui_rúc,SYN,chui_nhủi
chui_nhủi,lẩn_lút,SYN,"chui_nhủi,lẩn_lút"
chui_nhủi,lẻn_lút,SYN,"chui_nhủi,lẻn_lút"
chui_rúc,lẩn_lút,SYN,lẩn_lút
chui_rúc,lẻn_lút,SYN,lẻn_lút
chum_chúm,chúm,SYN,"chum_chúm,chúm"
chùm_gửi,tầm_gởi,SYN,"chùm_gửi,tầm_gởi"
chùm_gửi,tầm_gửi,SYN,chùm_gửi
chun_chủn,chủn,SYN,"chun_chủn,chủn"
chùn_chũn,chun_chủn,SYN,"chùn_chũn,chun_chủn"
chùn_chụt,chụt,SYN,chùn_chụt
chung_qui,chung_quy,SYN,chung_qui
chung_qui,chung_qui_lại,SYN,"chung_qui,chung_qui_lại"
chung_qui,chung_quy_lại,SYN,chung_qui
chung_qui_lại,chung_qui_lại,SYN,"chung_qui_lại,chung_qui_lại"
chung_qui_lại,chung_quy,SYN,chung_qui_lại
chung_qui_lại,chung_quy_lại,SYN,chung_qui_lại
chùng_chình,dùng_dằng,SYN,chùng_chình
chùng_chình,dùng_dắng,SYN,"chùng_chình,dùng_dắng"
chủng_chẳng,dấm_da_dấm_dẳn,SYN,"chủng_chẳng,dấm_da_dấm_dẳn"
chủng_chẳng,dấm_dẳn,SYN,"chủng_chẳng,dấm_dẳn"
chủng_chẳng,nhấm_nhẳn,SYN,"chủng_chẳng,nhấm_nhẳn"
chuối_ba_lùn,chuối_lùn,SYN,"chuối_ba_lùn,chuối_lùn"
chuối_tây,chuối_mốc,SYN,"chuối_tây,chuối_mốc"
chuồn,lỉnh,SYN,lỉnh
chuồn,lỏn,SYN,lỏn
chuồng_xí,chuồng_chồ,SYN,"chuồng_xí,chuồng_chồ"
chuồng_xí,chuồng_tiêu,SYN,"chuồng_xí,chuồng_tiêu"
chuồng_xí,nhà_cầu,SYN,"chuồng_xí,nhà_cầu"
chuốt,gọt_dũa,SYN,gọt_dũa
chuột_lang,chuột_tam_thể,SYN,chuột_tam_thể
chuột_lắt,chuột_nhắt,SYN,chuột_lắt
chụp_ếch,vồ_ếch,SYN,chụp_ếch
chuyển_bụng,chuyển_dạ,SYN,chuyển_bụng
chuyển_bụng,trở_dạ,SYN,chuyển_bụng
chuyển_dời,dời_đổi,SYN,dời_đổi
chữ_gothic,chữ_gotic,SYN,"chữ_gothic,chữ_gotic"
chữ_thập_đỏ,hồng_thập_tự,SYN,hồng_thập_tự
chứ_lại,chứ_lị,SYN,chứ_lị
chưa_biết_chừng,chưa_chừng,SYN,chưa_chừng
chưa_chừng,không_biết_chừng,SYN,chưa_chừng
chưa_chừng,không_chừng,SYN,chưa_chừng
chưa_chừng,không_khéo,SYN,chưa_chừng
chửa_hoang,chửa_buộm,SYN,chửa_buộm
chưng_hửng,tâng_hẩng,SYN,tâng_hẩng
chưng_hửng,tưng_hửng,SYN,tưng_hửng
chừng_độ,mức_độ,SYN,chừng_độ
chừng_mực,chừng_đỗi,SYN,chừng_đỗi
chừng_như,tuồng_như,SYN,tuồng_như
chững,sựng,SYN,sựng
chứng_thực,nhận_thực,SYN,nhận_thực
chựng,sựng,SYN,sựng
chước,kế,SYN,chước
chước,mẹo,SYN,chước
chưởng_lí,chưởng_lý,SYN,chưởng_lí
chướng_khí,lam_chướng,SYN,"chướng_khí,lam_chướng"
chướng_khí,lam_khí,SYN,"chướng_khí,lam_khí"
chướng_khí,lam_sơn_chướng_khí,SYN,"chướng_khí,lam_sơn_chướng_khí"
chướng_khí,sơn_lam_chướng_khí,SYN,"chướng_khí,sơn_lam_chướng_khí"
chướng_ngại_vật,vật_chướng_ngại,SYN,vật_chướng_ngại
cò_bợ,cói,SYN,cò_bợ
cỏ_tranh,cỏ_gianh,SYN,cỏ_gianh
có_bề_gì,có_bề_nào,SYN,"có_bề_gì,có_bề_nào"
cóc,đéo,SYN,đéo
cóc,đếch,SYN,đếch
cóc,cóc_khô,SYN,cóc_khô
cóc_ca_cóc_cách,cóc_cách,SYN,"cóc_ca_cóc_cách,cóc_cách"
con_chạy,con_trượt,SYN,con_trượt
còm_nhom,còm_nhỏm,SYN,"còm_nhom,còm_nhỏm"
còm_nhom,cỏm_rỏm,SYN,"còm_nhom,cỏm_rỏm"
cóm_róm,cúm_rúm,SYN,"cóm_róm,cúm_rúm"
cố_hương,cố_quốc,SYN,cố_quốc
cố_nhân,cố_tri,SYN,cố_tri
Cơ_Đốc_giáo,đạo_Kitô,SYN,"Cơ_Đốc_giáo,đạo_Kitô"
Cơ_Đốc_giáo,Kitô_giáo,SYN,"Cơ_Đốc_giáo,Kitô_giáo"
cơ_giới_hoá,cơ_khí_hoá,SYN,cơ_khí_hoá
cơ_hoành,hoành_cách_mô,SYN,hoành_cách_mô
cơ_lỡ,cơ_nhỡ,SYN,cơ_lỡ
con_trai,con_giai,SYN,con_giai
con_trẻ,trẻ_mỏ,SYN,trẻ_mỏ
con_trẻ,trẻ_nít,SYN,trẻ_nít
con_trốt,trốt,SYN,"con_trốt,trốt"
còn_mệt,còn_xơi,SYN,còn_xơi
confetti,hoa_giấy,SYN,confetti
cong_vắt,cong_vút,SYN,cong_vắt
cọng,cuộng,SYN,cuộng
coóc_xê,nịt_vú,SYN,"coóc_xê,nịt_vú"
coóc_xê,xu_chiêng,SYN,"coóc_xê,xu_chiêng"
cóp_nhặt,gom_nhóp,SYN,gom_nhóp
cóp_nhặt,góp_nhóp,SYN,góp_nhóp
corpus,siêu_tập_ngữ_liệu,SYN,"corpus,siêu_tập_ngữ_liệu"
cót_ca_cót_két,cót_két,SYN,"cót_ca_cót_két,cót_két"
cọt_cà_cọt_kẹt,cọt_kẹt,SYN,"cọt_cà_cọt_kẹt,cọt_kẹt"
cô,o,SYN,o
cô_liêu,quạnh_vắng,SYN,"cô_liêu,quạnh_vắng"
cổ_bồng,thắt_cổ_bồng,SYN,"cổ_bồng,thắt_cổ_bồng"
cổ_cồn,cổ_cứng,SYN,cổ_cứng
cổ_địa_lí,cổ_địa_lý,SYN,"cổ_địa_lí,cổ_địa_lý"
cổ_hủ,hủ_lậu,SYN,hủ_lậu
cổ_hủ,thủ_cựu,SYN,thủ_cựu
cổ_lai_hi,cổ_lý_hy,SYN,"cổ_lai_hi,cổ_lý_hy"
cổ_lai_hy,cổ_lai_hi,SYN,cổ_lai_hi
cổ_phong,cổ_thi,SYN,"cổ_phong,cổ_thi"
cổ_truyền,cựu_truyền,SYN,cựu_truyền
cỗ_áo,cỗ_ván,SYN,"cỗ_áo,cỗ_ván"
cỗ_áo,hòm,SYN,cỗ_áo
cỗ_áo,quan_tài,SYN,cỗ_áo
cỗ_ván,hòm,SYN,cỗ_ván
cỗ_ván,quan_tài,SYN,cỗ_ván
cố_chấp,chấp_nhất,SYN,chấp_nhất
cố_chấp,câu_chấp,SYN,câu_chấp
cố_chấp,chấp_nê,SYN,chấp_nê
cố_chết,cố_sống_cố_chết,SYN,cố_sống_cố_chết
cố_chí,quyết_chí,SYN,cố_chí
cố_gắng,cố_kỉnh,SYN,cố_kỉnh
cộc_cằn,cục_súc,SYN,cục_súc
cộc_lốc,cụt_ngủn,SYN,cụt_ngủn
côi_cút,cui_cút,SYN,cui_cút
côi_cút,mồ_côi_mồ_cút,SYN,mồ_côi_mồ_cút
cỗi_rễ,cội_rễ,SYN,cỗi_rễ
cối_cần,cối_chày_đạp,SYN,"cối_cần,cối_chày_đạp"
cội,cỗi,SYN,cỗi
côm_cốp,cốp,SYN,côm_cốp
cồm_cộm,cộm,SYN,cồm_cộm
công_bằng,công_bình,SYN,công_bình
công_chứng_viên,chưởng_khế,SYN,chưởng_khế
công_cốc,công_dã_tràng,SYN,công_dã_tràng
Công_giáo,đạo_Thiên_Chúa,SYN,"Công_giáo,đạo_Thiên_Chúa"
Công_giáo,Thiên_Chúa_giáo,SYN,"Công_giáo,Thiên_Chúa_giáo"
công_khố,công_quĩ,SYN,"công_khố,công_quĩ"
công_khố,công_quỹ,SYN,công_khố
công_lao,công_lênh,SYN,công_lênh
công_lập,quốc_lập,SYN,quốc_lập
công_nghệ_thông_tin,IT,SYN,IT
công_nhân_quí_tộc,công_nhân_quý_tộc,SYN,"công_nhân_quí_tộc,công_nhân_quý_tộc"
công_phu,công_lênh,SYN,công_lênh
công_quĩ,công_quỹ,SYN,công_quĩ
công_thức,công_thức_hoá_học,SYN,công_thức_hoá_học
công_ti_con,công_ty_con,SYN,công_ti_con
công_ti_cổ_phần,công_ty_cổ_phần,SYN,công_ti_cổ_phần
công_ti_mẹ,công_ty_mẹ,SYN,công_ti_mẹ
công_ti_trách_nhiệm_hữu_hạn,công_ty_trách_nhiệm_hữu_hạn,SYN,công_ti_trách_nhiệm_hữu_hạn
công_tơ_tổng,đồng_hồ_tổng,SYN,"công_tơ_tổng,đồng_hồ_tổng"
cống_nạp,cống_nộp,SYN,cống_nộp
cộng,cuộng,SYN,cuộng
cộng_cư,quần_cư,SYN,"cộng_cư,quần_cư"
cốp,hòm_xe,SYN,hòm_xe
cốt,đẵn,SYN,đẵn
cốt_cách,khí_cốt,SYN,khí_cốt
cơ_mưu,mưu_cơ,SYN,"cơ_mưu,mưu_cơ"
cời,khều,SYN,cời
cời,khơi,SYN,cời
cởi,cổi,SYN,cổi
cỡi,cưỡi,SYN,cỡi
cơn_cớ,can_cớ,SYN,"cơn_cớ,can_cớ"
cợt_nhả,cớt_nhả,SYN,cớt_nhả
credit_card,thẻ_tín_dụng,SYN,credit_card
crếp,nhiễu,SYN,crếp
crếp,kếp,SYN,"crếp,kếp"
cu,cu_cu,SYN,cu_cu
cu_cườm,cu_gáy,SYN,"cu_cườm,cu_gáy"
cu_đất,cu_sen,SYN,"cu_đất,cu_sen"
cù_mì,củ_mỉ,SYN,"cù_mì,củ_mỉ"
cù_nèo,cù_ngoéo,SYN,"cù_nèo,cù_ngoéo"
cù_nhầy,cù_nhằng,SYN,cù_nhằng
cù_nhầy,cù_nhây,SYN,cù_nhây
cù_rù,củ_rủ,SYN,"cù_rù,củ_rủ"
củ_cái,củ_mỡ,SYN,"củ_cái,củ_mỡ"
củ_cái,khoai_mỡ,SYN,củ_cái
củ_cái,khoai_tía,SYN,"củ_cái,khoai_tía"
củ_cái,khoai_vạc,SYN,"củ_cái,khoai_vạc"
củ_đao,dong_đao,SYN,"củ_đao,dong_đao"
củ_đao,dong_riềng,SYN,củ_đao
củ_đao,khoai_đao,SYN,"củ_đao,khoai_đao"
củ_khỉ,rau_khủ_khởi,SYN,"củ_khỉ,rau_khủ_khởi"
củ_mài,khoai_mài,SYN,khoai_mài
củ_năn,mã_thầy,SYN,củ_năn
củ_từ,khoai_từ,SYN,"củ_từ,khoai_từ"
cụ_kị,cụ_kỵ,SYN,"cụ_kị,cụ_kỵ"
cua_bấy,cua_dẽ,SYN,"cua_bấy,cua_dẽ"
của_đáng_tội,nói_của_đáng_tội,SYN,"của_đáng_tội,nói_của_đáng_tội"
cúc_bấm,khuy_bấm,SYN,"cúc_bấm,khuy_bấm"
cúc_vạn_thọ,vạn_thọ,SYN,cúc_vạn_thọ
cục,cục_súc,SYN,cục_súc
cục_cằn,cục_súc,SYN,cục_súc
cùi_tay,cùi_chỏ,SYN,cùi_tay
củi_đóm,củi_đuốc,SYN,"củi_đóm,củi_đuốc"
củi_đóm,củi_lửa,SYN,"củi_đóm,củi_lửa"
củi_đóm,củi_rả,SYN,"củi_đóm,củi_rả"
củi_đuốc,củi_lửa,SYN,"củi_đuốc,củi_lửa"
củi_đuốc,củi_rả,SYN,"củi_đuốc,củi_rả"
củi_lửa,củi_rả,SYN,"củi_lửa,củi_rả"
cum_cúp,cùm_cụp,SYN,"cum_cúp,cùm_cụp"
cùn_đời,cùn_đời_mạt_kiếp,SYN,"cùn_đời,cùn_đời_mạt_kiếp"
cung_kéo,vĩ,SYN,cung_kéo
cung_trăng,cung_quế,SYN,cung_quế
cùng_đường,cùng_kiệt,SYN,cùng_kiệt
cũng_quá_tội,quá_tội,SYN,"cũng_quá_tội,quá_tội"
cúng_quải,cúng_quảy,SYN,"cúng_quải,cúng_quảy"
cuốc,đỗ_vũ,SYN,đỗ_vũ
cuốc,tử_quy,SYN,tử_quy
cuốc_bộ,kéo_bộ,SYN,kéo_bộ
cuộc_đời,cuộc_thế,SYN,cuộc_thế
cuộc_đời,thế_cục,SYN,thế_cục
cuống,quýnh_quáng,SYN,quýnh_quáng
cuống_cà_kê,cuống_quít,SYN,"cuống_cà_kê,cuống_quít"
cuống_cà_kê,cuống_quýt,SYN,cuống_cà_kê
cuống_cuồng,choáng_choàng,SYN,choáng_choàng
cuống_quít,cuống_quýt,SYN,cuống_quít
curoa,đai_thuyền,SYN,"curoa,đai_thuyền"
cút,phắn,SYN,phắn
cụt_lủn,cụt_ngủn,SYN,cụt_ngủn
cụt_thun_lủn,cộc_lốc,SYN,cụt_thun_lủn
cụt_thun_lủn,cụt_lủn,SYN,cụt_thun_lủn
cụt_thun_lủn,cụt_ngủn,SYN,"cụt_thun_lủn,cụt_ngủn"
cửa_ải,cửa_quan,SYN,cửa_quan
cửa_biển,cửa_bể,SYN,cửa_bể
cửa_chớp,cửa_lá_sách,SYN,cửa_lá_sách
cửa_Phật,cửa_bụt,SYN,"cửa_Phật,cửa_bụt"
cửa_Phật,cửa_thiền,SYN,"cửa_Phật,cửa_thiền"
cửa_Phật,cửa_từ_bi,SYN,"cửa_Phật,cửa_từ_bi"
cửa_rả,cửa_nẻo,SYN,"cửa_rả,cửa_nẻo"
cựa_quậy,cụ_cựa,SYN,cụ_cựa
cức_bì,da_gai,SYN,"cức_bì,da_gai"
cực,vô_ngần,SYN,vô_ngần
cực_độ,tột_bực,SYN,tột_bực
cực_kì,vô_ngần,SYN,vô_ngần
cực_kỳ,vô_ngần,SYN,vô_ngần
cực_nhục,nhục_nhằn,SYN,"cực_nhục,nhục_nhằn"
cứng_cáp,cứng_cát,SYN,cứng_cát
cứng_còng,cứng_quèo,SYN,"cứng_còng,cứng_quèo"
cứng_họng,cứng_lưỡi,SYN,"cứng_họng,cứng_lưỡi"
cười_nhạt,cười_ruồi,SYN,cười_ruồi
cười_ồ,cười_rộ,SYN,cười_rộ
cưỡi_cổ,cưỡi_đầu_cưỡi_cổ,SYN,"cưỡi_cổ,cưỡi_đầu_cưỡi_cổ"
cưỡi_cổ,đè_đầu_cưỡi_cổ,SYN,"cưỡi_cổ,đè_đầu_cưỡi_cổ"
cưới_cheo,cưới_xin,SYN,cưới_cheo
cương_nghị,kiên_nghị,SYN,kiên_nghị
cường_bạo,hung_bạo,SYN,cường_bạo
cường_giáp,bưới_giáp,SYN,bưới_giáp
cứu_tinh,phúc_tinh,SYN,phúc_tinh
cựu_trào,cựu_triều,SYN,cựu_triều
cybernetic,điều_khiển_học,SYN,cybernetic
da_mồi,da_đồi_mồi,SYN,"da_mồi,da_đồi_mồi"
dạ_dày_cơ,mề,SYN,dạ_dày_cơ
dạ_hương,dạ_lan_hương,SYN,dạ_lan_hương
dạ_hương,dạ_lí_hương,SYN,dạ_lí_hương
dạ_hương,dạ_lý_hương,SYN,dạ_lý_hương
dạ_lan_hương,dạ_lí_hương,SYN,"dạ_lan_hương,dạ_lí_hương"
dạ_lan_hương,dạ_lý_hương,SYN,"dạ_lan_hương,dạ_lý_hương"
dạ_lí_hương,dạ_lý_hương,SYN,"dạ_lí_hương,dạ_lý_hương"
dạ_tiệc,dạ_yến,SYN,dạ_yến
dai_dẳng,dằng_dai,SYN,dằng_dai
dài_đuỗn,đuồn_đuỗn,SYN,"dài_đuỗn,đuồn_đuỗn"
dài_nghêu,dài_ngoằng,SYN,dài_nghêu
dài_nghêu,dài_ngoằng_ngoẵng,SYN,"dài_nghêu,dài_ngoằng_ngoẵng"
dài_nghêu,dài_ngoẵng,SYN,"dài_nghêu,dài_ngoẵng"
dài_ngoằng,dài_ngoằng_ngoẵng,SYN,dài_ngoằng_ngoẵng
dài_ngoằng,dài_ngoẵng,SYN,dài_ngoẵng
dài_ngoằng_ngoẵng,dài_ngoẵng,SYN,"dài_ngoằng_ngoẵng,dài_ngoẵng"
dài_thườn_thượt,dài_thượt,SYN,"dài_thườn_thượt,dài_thượt"
dải_rút,dây_rút,SYN,"dải_rút,dây_rút"
dãi_dầu,dầu_dãi,SYN,"dãi_dầu,dầu_dãi"
dái,đì,SYN,dái
dàn_bài,dàn_ý,SYN,"dàn_bài,dàn_ý"
dãn_nở,giãn_nở,SYN,dãn_nở
dạn_dày,dầy_dạn,SYN,dầy_dạn
dáng_bộ,dáng_điệu,SYN,dáng_bộ
danh_lợi,lợi_danh,SYN,lợi_danh
dao_bào,dao_lam,SYN,dao_bào
dao_búa,đao_búa,SYN,đao_búa
dao_cầu,dao_tể,SYN,"dao_cầu,dao_tể"
dao_díp,dao_nhíp,SYN,"dao_díp,dao_nhíp"
dao_động,sờn_lòng,SYN,sờn_lòng
dao_động,thoái_chí,SYN,thoái_chí
dao_động,thối_chí,SYN,thối_chí
dao_nề,dao_vôi,SYN,"dao_nề,dao_vôi"
dao_nề,dao_xây,SYN,"dao_nề,dao_xây"
dao_vôi,dao_xây,SYN,"dao_vôi,dao_xây"
dát_gái,nhát_gái,SYN,"dát_gái,nhát_gái"
dạt,giạt,SYN,giạt
dàu,dàu_dàu,SYN,"dàu,dàu_dàu"
day_trở,xoay_trở,SYN,day_trở
day_trở,xoay_xoả,SYN,"day_trở,xoay_xoả"
day_trở,xoay_xở,SYN,day_trở
dày_cồm_cộp,dày_cộp,SYN,dày_cồm_cộp
dày_cồm_cộp,dầy_cồm_cộp,SYN,"dày_cồm_cộp,dầy_cồm_cộp"
dày_cộp,dầy_cồm_cộp,SYN,dầy_cồm_cộp
dày_cộp,dầy_cộp,SYN,dầy_cộp
dày_dạn,dầy_dạn,SYN,dầy_dạn
dăm_bào,vỏ_bào,SYN,"dăm_bào,vỏ_bào"
dăn,nhăn,SYN,dăn
dăn_deo,nhăn_nheo,SYN,dăn_deo
dăn_deo,răn_reo,SYN,"dăn_deo,răn_reo"
dăn_dúm,nhăn_nhúm,SYN,dăn_dúm
dằn,đằn,SYN,đằn
dằng_dịt,nhằng_nhịt,SYN,dằng_dịt
dặng_hắng,đằng_hắng,SYN,"dặng_hắng,đằng_hắng"
dặng_hắng,hắng_giọng,SYN,"dặng_hắng,hắng_giọng"
dặng_hắng,tằng_hắng,SYN,"dặng_hắng,tằng_hắng"
dắt_dìu,dìu_dắt,SYN,dắt_dìu
dắt_mối,mối_manh,SYN,mối_manh
dặt_dìu,dập_dìu,SYN,dặt_dìu
dặt_dìu,dìu_dặt,SYN,"dặt_dìu,dìu_dặt"
dâm_dấp,râm_rấp,SYN,"dâm_dấp,râm_rấp"
dâm_dục,dâm_ô,SYN,dâm_dục
dầm_dề,đằm_đìa,SYN,đằm_đìa
dầm_dề,đầm_đầm,SYN,đầm_đầm
dấm_da_dấm_dẳn,dấm_dẳn,SYN,"dấm_da_dấm_dẳn,dấm_dẳn"
dấm_da_dấm_dẳn,nhấm_nhẳn,SYN,"dấm_da_dấm_dẳn,nhấm_nhẳn"
dấm_dẳn,nhấm_nhẳn,SYN,"dấm_dẳn,nhấm_nhẳn"
dấm_dớ,ấm_dớ,SYN,"dấm_dớ,ấm_dớ"
dấm_dứ,nhấp_nhứ,SYN,"dấm_dứ,nhấp_nhứ"
dậm_doạ,doạ_dẫm,SYN,dậm_doạ
dậm_doạ,hù_doạ,SYN,dậm_doạ
dân_thường,dân_đen,SYN,dân_đen
dân_thường,thứ_dân,SYN,thứ_dân
dân_tộc_chủ_thể,dân_tộc_đa_số,SYN,"dân_tộc_chủ_thể,dân_tộc_đa_số"
dẫn_chứng,chứng_dẫn,SYN,chứng_dẫn
dẫn_dắt,dắt_dẫn,SYN,dắt_dẫn
dẫn_thân,dẫn_xác,SYN,"dẫn_thân,dẫn_xác"
dấn,dận,SYN,dận
dấn,giấn,SYN,giấn
dấn_mình,dấn_thân,SYN,dấn_mình
dận,dìm,SYN,dận
dận,giấn,SYN,"dận,giấn"
dận,nhấn,SYN,dận
dận,nhận,SYN,dận
dấp_da_dấp_dính,dấp_dính,SYN,"dấp_da_dấp_dính,dấp_dính"
dấp_giọng,nhấp_giọng,SYN,"dấp_giọng,nhấp_giọng"
dập_dìu,dìu_dặt,SYN,dìu_dặt
dập_dờn,rập_rờn,SYN,"dập_dờn,rập_rờn"
dật_dờ,vật_vờ,SYN,dật_dờ
dâu,dâu_rượu,SYN,dâu_rượu
dâu_da,giâu_gia,SYN,"dâu_da,giâu_gia"
dâu_da_xoan,giâu_gia_xoan,SYN,"dâu_da_xoan,giâu_gia_xoan"
dâu_gia,sui_gia,SYN,dâu_gia
dâu_gia,thông_gia,SYN,dâu_gia
dầu_bạc_hà,dầu_măng,SYN,"dầu_bạc_hà,dầu_măng"
dầu_cao,dầu_con_hổ,SYN,dầu_con_hổ
dầu_cao,dầu_cù_là,SYN,dầu_cù_là
dầu_con_hổ,dầu_cù_là,SYN,"dầu_con_hổ,dầu_cù_là"
dầu_hoả,dầu_hôi,SYN,dầu_hôi
dầu_hoả,dầu_tây,SYN,dầu_tây
dầu_lạc,dầu_phộng,SYN,dầu_phộng
dầu_luyn,dầu_máy,SYN,dầu_luyn
dầu_luyn,dầu_nhờn,SYN,dầu_luyn
dầu_luyn,dầu_nhớt,SYN,dầu_luyn
dẩu,chẩu,SYN,"dẩu,chẩu"
dẩu,chu,SYN,dẩu
dẩu,giảu,SYN,"dẩu,giảu"
dấu_gạch_ngang,gạch_ngang,SYN,"dấu_gạch_ngang,gạch_ngang"
dấu_gạch_nối,gạch_nối,SYN,dấu_gạch_nối
dấu_hai_chấm,hai_chấm,SYN,"dấu_hai_chấm,hai_chấm"
dây,dính_dấp,SYN,dính_dấp
dây_dợ,dây_nhợ,SYN,dây_nhợ
dây_dưa,dính_dấp,SYN,dính_dấp
dây_gắm,gắm,SYN,"dây_gắm,gắm"
dây_kẽm_gai,dây_thép_gai,SYN,dây_kẽm_gai
dây_khoá_kéo,khoá_kéo,SYN,dây_khoá_kéo
dây_khoá_kéo,phéc_mơ_tuya,SYN,"dây_khoá_kéo,phéc_mơ_tuya"
dây_nối_đất,dây_tiếp_địa,SYN,"dây_nối_đất,dây_tiếp_địa"
dầy_cồm_cộp,dầy_cộp,SYN,"dầy_cồm_cộp,dầy_cộp"
dầy_cộp,dày_cồm_cộp,SYN,"dầy_cộp,dày_cồm_cộp"
dè_sẻn,sẻn,SYN,sẻn
dè_sẻn,sẻn_so,SYN,sẻn_so
dè_sẻn,tùng_tiệm,SYN,tùng_tiệm
dẻo_quèo_quẹo,dẻo_quẹo,SYN,"dẻo_quèo_quẹo,dẻo_quẹo"
dễ,dễ_dầu,SYN,dễ_dầu
dễ_thường,có_lẽ,SYN,dễ_thường
dễ_thường,có_nhẽ,SYN,"dễ_thường,có_nhẽ"
dễ_thường,không_lẽ,SYN,dễ_thường
dễ_thường,lẽ_nào,SYN,dễ_thường
dế_dũi,dế_trũi,SYN,"dế_dũi,dế_trũi"
dệ,dệ,SYN,"dệ,dệ"
dệch,nhệch,SYN,"dệch,nhệch"
dềnh_dàng,dàng_dênh,SYN,"dềnh_dàng,dàng_dênh"
dềnh_dàng,dềnh_dang,SYN,"dềnh_dàng,dềnh_dang"
dềnh_dàng,lề_mề,SYN,dềnh_dàng
di_hài,di_hình,SYN,di_hình
di_hài,di_thể,SYN,di_thể
dĩ_vãng,kí_vãng,SYN,kí_vãng
dĩ_vãng,quá_vãng,SYN,quá_vãng
dị_hờm,dị_hợm,SYN,dị_hờm
dích_dắc,zigzag,SYN,zigzag
dịch_nhầy,niêm_dịch,SYN,niêm_dịch
dịch_tả,thổ_tả,SYN,thổ_tả
diếc,giếc,SYN,"diếc,giếc"
diếc_móc,nhiếc_móc,SYN,diếc_móc
diếc_móc,rỉa_rói,SYN,"diếc_móc,rỉa_rói"
diềm,riềm,SYN,riềm
diễm_lệ,diễm_kiều,SYN,diễm_kiều
diếp_cá,giấp_cá,SYN,giấp_cá
diệp_lục,diệp_lục_tố,SYN,diệp_lục_tố
diệt_trùng,khử_trùng,SYN,diệt_trùng
diệt_trùng,sát_trùng,SYN,diệt_trùng
diệt_trùng,vô_trùng,SYN,diệt_trùng
diệt_trừ,trừ_diệt,SYN,trừ_diệt
diệt_vong,tiêu_vong,SYN,tiêu_vong
diệu_huyền,diệu_kì,SYN,"diệu_huyền,diệu_kì"
diệu_huyền,huyền_diệu,SYN,diệu_huyền
diệu_huyền,kì_diệu,SYN,diệu_huyền
diệu_huyền,kỳ_diệu,SYN,diệu_huyền
diệu_huyền,thần_diệu,SYN,diệu_huyền
diệu_huyền,thần_kì,SYN,diệu_huyền
diệu_huyền,thần_kỳ,SYN,diệu_huyền
diệu_huyền,thần_tình,SYN,"diệu_huyền,thần_tình"
diệu_huyền,tuyệt_diệu,SYN,diệu_huyền
diệu_kì,huyền_diệu,SYN,diệu_kì
diệu_kì,kì_diệu,SYN,diệu_kì
diệu_kì,kỳ_diệu,SYN,diệu_kì
diệu_kì,thần_diệu,SYN,diệu_kì
diệu_kì,thần_kì,SYN,diệu_kì
diệu_kì,thần_kỳ,SYN,diệu_kì
diệu_kì,thần_tình,SYN,"diệu_kì,thần_tình"
diệu_kì,tuyệt_diệu,SYN,diệu_kì
diệu_kỳ,diệu_kì,SYN,diệu_kì
dìm,giấn,SYN,giấn
dinh_luỹ,hang_ổ,SYN,dinh_luỹ
dính,dính_dấp,SYN,dính_dấp
dính_dáng,dính_dấp,SYN,dính_dấp
dính_dấp,dính_líu,SYN,dính_dấp
díp,nhíp,SYN,díp
dịt,rịt,SYN,"dịt,rịt"
díu,nhíu,SYN,díu
díu,ríu,SYN,díu
do_dự,lần_chần,SYN,lần_chần
do_dự,lần_khần,SYN,lần_khần
do_dự,trù_trừ,SYN,trù_trừ
dò_dẫm,lò_mò,SYN,lò_mò
doãi,choãi,SYN,"doãi,choãi"
doãi,duỗi,SYN,doãi
doạng,giạng,SYN,"doạng,giạng"
doạng,xoạc,SYN,doạng
doanh_gia,doanh_nhân,SYN,doanh_gia
dọi,giọi,SYN,giọi
dòm_dỏ,nhòm_nhỏ,SYN,"dòm_dỏ,nhòm_nhỏ"
dóm,nhóm,SYN,dóm
dóm,nhúm,SYN,dóm
dọn_dẹp,xếp_dọn,SYN,xếp_dọn
dong,khoai_dong,SYN,khoai_dong
dong_dỏng,thanh_mảnh,SYN,dong_dỏng
dong_dỏng,thon_thả,SYN,dong_dỏng
dong_đao,dong_riềng,SYN,dong_đao
dong_đao,khoai_đao,SYN,"dong_đao,khoai_đao"
dong_riềng,khoai_đao,SYN,khoai_đao
dỏng,giỏng,SYN,"dỏng,giỏng"
dỗ_dành,dỗ_ngon_dỗ_ngọt,SYN,dỗ_ngon_dỗ_ngọt
dôi_dư,dôi_thừa,SYN,dôi_thừa
dối_trá,điêu_trá,SYN,điêu_trá
dối_trá,giả_trá,SYN,giả_trá
dộp,rộp,SYN,dộp
dốt_đặc,dốt_đặc_cán_mai,SYN,"dốt_đặc,dốt_đặc_cán_mai"
dơ_bẩn,dơ_duốc,SYN,dơ_duốc
dơ_bẩn,nhơ_bẩn,SYN,nhơ_bẩn
dơ_duốc,nhơ_bẩn,SYN,"dơ_duốc,nhơ_bẩn"
dơ_duốc,nhơ_nhớp,SYN,dơ_duốc
dơ_duốc,nhơ_nhuốc,SYN,dơ_duốc
dở_dói,giở_giói,SYN,"dở_dói,giở_giói"
dở_hơi,dở_người,SYN,dở_người
dở_hơi,cám_hấp,SYN,cám_hấp
dời_đổi,đổi_dời,SYN,"dời_đổi,đổi_dời"
dợn,gợn,SYN,dợn
dớp,rớp,SYN,rớp
du,đẩn,SYN,đẩn
dụ_dỗ,dỗ_ngon_dỗ_ngọt,SYN,dỗ_ngon_dỗ_ngọt
dúi,nhúi,SYN,nhúi
dún,nhún,SYN,dún
dún,rún,SYN,"dún,rún"
dung_tha,dung_thứ,SYN,dung_tha
dung_tha,tha_thứ,SYN,dung_tha
dùng_dằng,dùng_dắng,SYN,dùng_dắng
dũng_mãnh,kiêu_dũng,SYN,kiêu_dũng
dụng_tâm,chủ_tâm,SYN,dụng_tâm
dụng_tâm,chủ_ý,SYN,dụng_tâm
dụng_tâm,dụng_ý,SYN,dụng_tâm
duỗi,choãi,SYN,choãi
dút_dát,nhút_nhát,SYN,dút_dát
dút_dát,rút_rát,SYN,"dút_dát,rút_rát"
duy_lí,duy_lý,SYN,duy_lí
duy_linh,duy_thần,SYN,duy_thần
duy_mĩ,duy_mỹ,SYN,duy_mĩ
duyên_cớ,duyên_do,SYN,duyên_do
duyên_kì_ngộ,duyên_kỳ_ngộ,SYN,"duyên_kì_ngộ,duyên_kỳ_ngộ"
duyên_nợ,duyên_nghiệp,SYN,duyên_nghiệp
duyệt_y,phê_chuẩn,SYN,duyệt_y
duyệt_y,phê_duyệt,SYN,duyệt_y
dư_âm,dư_ba,SYN,dư_ba
dư_âm,dư_vang,SYN,dư_vang
dư_dứ,như_nhứ,SYN,"dư_dứ,như_nhứ"
dử,ghèn,SYN,ghèn
dữ,tợn,SYN,tợn
dứ,nhứ,SYN,nhứ
dự_phòng,xơ_cua,SYN,xơ_cua
dửng_dưng,dửng_dừng_dưng,SYN,dửng_dừng_dưng
dửng_mỡ,đú_mỡ,SYN,"dửng_mỡ,đú_mỡ"
dửng_mỡ,rửng_mỡ,SYN,"dửng_mỡ,rửng_mỡ"
dựng_tóc_gáy,dửng_tóc_gáy,SYN,dửng_tóc_gáy
dược_điển,dược_thư,SYN,"dược_điển,dược_thư"
dược_học,dược_khoa,SYN,dược_khoa
dược_lí,dược_lý,SYN,dược_lí
dướn,rướn,SYN,dướn
dương_gian,trần_gian,SYN,dương_gian
dương_gian,trần_thế,SYN,dương_gian
dường_như,tuồng_như,SYN,tuồng_như
dyne,đin,SYN,dyne
đa_đa,gà_gô,SYN,"đa_đa,gà_gô"
đa_nguyên_luận,thuyết_đa_nguyên,SYN,"đa_nguyên_luận,thuyết_đa_nguyên"
đa_sự,nhiễu_sự,SYN,"đa_sự,nhiễu_sự"
đa_thần_luận,thuyết_đa_thần,SYN,"đa_thần_luận,thuyết_đa_thần"
đa_tư_lự,đa_tư_đa_lự,SYN,"đa_tư_lự,đa_tư_đa_lự"
đả_đớt,chả_chớt,SYN,"đả_đớt,chả_chớt"
đá_hoa_cương,hoa_cương,SYN,hoa_cương
đá_magma,magma,SYN,"đá_magma,magma"
đai,vòng_đai,SYN,vòng_đai
đai_truyền,curoa,SYN,"đai_truyền,curoa"
đài_nước,tháp_nước,SYN,đài_nước
đái_dắt,đái_láu,SYN,"đái_dắt,đái_láu"
đại,vô_ngần,SYN,vô_ngần
đại_binh,đại_quân,SYN,đại_binh
đại_gian_ác,đại_gian_đại_ác,SYN,"đại_gian_ác,đại_gian_đại_ác"
đại_hoạ,đại_nạn,SYN,đại_nạn
đại_hồi,hồi,SYN,đại_hồi
đại_hồi,hồi_hương,SYN,đại_hồi
đại_khái,phiên_phiến,SYN,phiên_phiến
đại_lượng_không_đổi,hằng_số,SYN,đại_lượng_không_đổi
đại_lượng_tỉ_lệ_nghịch,đại_lượng_tỷ_lệ_nghịch,SYN,"đại_lượng_tỉ_lệ_nghịch,đại_lượng_tỷ_lệ_nghịch"
đại_lượng_tỉ_lệ_thuận,đại_lượng_tỷ_lệ_thuận,SYN,"đại_lượng_tỉ_lệ_thuận,đại_lượng_tỷ_lệ_thuận"
đại_quát,khái_quát,SYN,đại_quát
đại_qui_mô,đại_quy_mô,SYN,"đại_qui_mô,đại_quy_mô"
đại_số,đại_số_học,SYN,đại_số_học
đại_tiện,đi_đồng,SYN,đi_đồng
đại_tiện,ỉa,SYN,ỉa
đại_xá,đặc_xá,SYN,đại_xá
đám_xá,đình_đám,SYN,đám_xá
đan_xen,đan_chen,SYN,đan_chen
đàn_bầu,độc_huyền,SYN,độc_huyền
đàn_nguyệt,đàn_kìm,SYN,đàn_kìm
đàn_nhật,đàn_tàu,SYN,"đàn_nhật,đàn_tàu"
đàn_nhật,đàn_tứ,SYN,"đàn_nhật,đàn_tứ"
đàn_sáo,đàn_địch,SYN,"đàn_sáo,đàn_địch"
đầu_sỏ,trùm_sỏ,SYN,trùm_sỏ
đểnh_đoảng,đoảng,SYN,đểnh_đoảng
đểnh_đoảng,đoảng_vị,SYN,"đểnh_đoảng,đoảng_vị"
đểnh_đoảng,đuểnh_đoảng,SYN,"đểnh_đoảng,đuểnh_đoảng"
đệp,tập,SYN,đệp
đệp,xấp,SYN,đệp
đệp,xếp,SYN,đệp
điêu_ngoa,điêu_toa,SYN,"điêu_ngoa,điêu_toa"
điều,đào_lộn_hột,SYN,đào_lộn_hột
đong_đưa,vung_vảy,SYN,vung_vảy
đòng,đòng_đòng,SYN,đòng_đòng
đỏng_đảnh,nhỏng_nhảnh,SYN,nhỏng_nhảnh
đàn_tàu,đàn_tứ,SYN,"đàn_tàu,đàn_tứ"
đàn_thập_lục,đàn_tranh,SYN,đàn_thập_lục
đàn_tì,đàn_tỳ,SYN,"đàn_tì,đàn_tỳ"
đàn_tì,tì_bà,SYN,"đàn_tì,tì_bà"
đàn_tì,tỳ_bà,SYN,đàn_tì
đàn_tính,tính_tẩu,SYN,tính_tẩu
đàn_tơ_rưng,tơ_rưng,SYN,"đàn_tơ_rưng,tơ_rưng"
đàn_tỳ,tì_bà,SYN,"đàn_tỳ,tì_bà"
đàn_tỳ,tỳ_bà,SYN,đàn_tỳ
đàn_xếp,phong_cầm,SYN,"đàn_xếp,phong_cầm"
đàng_điếm,điếm_đàng,SYN,"đàng_điếm,điếm_đàng"
đàng_điếm,hoang_đàng,SYN,"đàng_điếm,hoang_đàng"
đàng_sá,đường_sá,SYN,đàng_sá
đảng_kì,đảng_kỳ,SYN,"đảng_kì,đảng_kỳ"
đảng_tính,tính_đảng,SYN,"đảng_tính,tính_đảng"
đáng_đời,đáng_kiếp,SYN,"đáng_đời,đáng_kiếp"
đáng_lí,đáng_lý,SYN,đáng_lí
đanh_đá,đanh_đá_cá_cày,SYN,đanh_đá_cá_cày
đành_hanh,lành_chanh,SYN,"đành_hanh,lành_chanh"
đánh_chác,đánh_đấm,SYN,đánh_chác
đánh_chính_diện,đánh_vỗ_mặt,SYN,đánh_chính_diện
đánh_đồng_thiếp,đồng_thiếp,SYN,"đánh_đồng_thiếp,đồng_thiếp"
đánh_đùng_một_cái,đánh_đùng,SYN,"đánh_đùng_một_cái,đánh_đùng"
đánh_giáp_lá_cà,giáp_lá_cà,SYN,đánh_giáp_lá_cà
đánh_hơi,đánh_mùi,SYN,đánh_mùi
đánh_lừa,gạt_gẫm,SYN,gạt_gẫm
đánh_rắm,địt,SYN,"đánh_rắm,địt"
đánh_rắm,trung_tiện,SYN,"đánh_rắm,trung_tiện"
đánh_trống_lảng,nói_lảng,SYN,nói_lảng
đánh_vòng,đánh_vu_hồi,SYN,"đánh_vòng,đánh_vu_hồi"
đao_cung,cung_đao,SYN,"đao_cung,cung_đao"
đao_cung,đao_kiếm,SYN,đao_cung
đao_kiếm,cung_đao,SYN,cung_đao
đào_ngũ,đảo_ngũ,SYN,đảo_ngũ
đảo_chánh,đảo_chính,SYN,đảo_chánh
đạo_Hindu,Ấn_giáo,SYN,"đạo_Hindu,Ấn_giáo"
đạo_Hồi,đạo_Islam,SYN,"đạo_Hồi,đạo_Islam"
đạo_Hồi,Hồi_giáo,SYN,"đạo_Hồi,Hồi_giáo"
đạo_Islam,Hồi_giáo,SYN,"đạo_Islam,Hồi_giáo"
đạo_Khổng,Khổng_giáo,SYN,"đạo_Khổng,Khổng_giáo"
đạo_Kitô,Kitô_giáo,SYN,"đạo_Kitô,Kitô_giáo"
đạo_Lão,Lão_giáo,SYN,"đạo_Lão,Lão_giáo"
đạo_lí,đạo_lý,SYN,đạo_lí
đạo_lí,đạo_nghĩa,SYN,đạo_lí
đạo_Phật,Phật_giáo,SYN,"đạo_Phật,Phật_giáo"
đạo_quân_thứ_năm,đội_quân_thứ_năm,SYN,"đạo_quân_thứ_năm,đội_quân_thứ_năm"
đạo_Thiên_Chúa,Thiên_Chúa_Giáo,SYN,"đạo_Thiên_Chúa,Thiên_Chúa_Giáo"
đay_ấn_Độ,cần_sa,SYN,đay_ấn_Độ
đày_ải,đầy_ải,SYN,đầy_ải
đày_ải,đầy_đoạ,SYN,đầy_đoạ
đày_ải,đoạ_đày,SYN,đoạ_đày
đày_đoạ,đầy_ải,SYN,đầy_ải
đày_đoạ,đầy_đoạ,SYN,đầy_đoạ
đày_đoạ,đoạ_đày,SYN,đoạ_đày
đắc_sách,đắc_kế,SYN,"đắc_sách,đắc_kế"
đặc_kĩ,đặc_kỹ,SYN,"đặc_kĩ,đặc_kỹ"
đăm_chiêu,chiêu_đăm,SYN,chiêu_đăm
đăm_đăm,chăm_chắm,SYN,chăm_chắm
đăm_đăm,đăm_đắm,SYN,đăm_đắm
đăm_đắm,chăm_chăm,SYN,đăm_đắm
đăm_đắm,chăm_chắm,SYN,"đăm_đắm,chăm_chắm"
đằm_thắm,đượm_đà,SYN,đượm_đà
đẵn,đẫn,SYN,đẵn
đẵn,đốn,SYN,đẵn
đắn_đo,lần_chần,SYN,lần_chần
đắn_đo,lần_khần,SYN,lần_khần
đắn_đo,trù_trừ,SYN,trù_trừ
đằng_hắng,hắng_giọng,SYN,"đằng_hắng,hắng_giọng"
đằng_hắng,tằng_hắng,SYN,"đằng_hắng,tằng_hắng"
đẳng_cấp,thứ_bực,SYN,thứ_bực
đắng_ngắt,đắng_nghét,SYN,đắng_nghét
đặt_cọc,kí_cược,SYN,kí_cược
đâm_hông,đâm_họng,SYN,"đâm_hông,đâm_họng"
đầm_đậm,đậm,SYN,đầm_đậm
đầm_đìa,đầm_đầm,SYN,đầm_đầm
đấm,thụi,SYN,thụi
đấm_họng,đấm_mõm,SYN,"đấm_họng,đấm_mõm"
đậm_đà,đượm_đà,SYN,đượm_đà
đần_độn,ngu_đần,SYN,ngu_đần
đần_độn,ngu_si,SYN,ngu_si
đẫn_đờ,đờ_đẫn,SYN,đẫn_đờ
đẫn_đờ,lần_thần,SYN,"đẫn_đờ,lần_thần"
đẫn_đờ,thẫn_thờ,SYN,đẫn_đờ
đẫn_đờ,thờ_thẫn,SYN,"đẫn_đờ,thờ_thẫn"
đất_sét,đất_thó,SYN,đất_thó
đầu_bò,đầu_bò_đầu_bướu,SYN,đầu_bò_đầu_bướu
đầu_đanh,đầu_đinh,SYN,đầu_đanh
đầu_đuôi,đầu_đuôi_xuôi_ngược,SYN,đầu_đuôi_xuôi_ngược
đầu_hàng,hàng_phục,SYN,hàng_phục
đầu_mặt,đầu_mấu,SYN,đầu_mấu
đầu_mối,mối_manh,SYN,mối_manh
đầu_ngắm,đầu_ruồi,SYN,"đầu_ngắm,đầu_ruồi"
đầu_rau,đồ_rau,SYN,"đầu_rau,đồ_rau"
đấu_lí,đấu_lý,SYN,"đấu_lí,đấu_lý"
đấu_trường,trường_đấu,SYN,trường_đấu
đậu,đỗ_[nghĩa_2],SYN,đỗ_[nghĩa_2]
đậu_bắp,mướp_tây,SYN,mướp_tây
đậu_đũa,đậu_dải_áo,SYN,đậu_dải_áo
đậu_hũ,tảo_phở,SYN,tảo_phở
đây_đẩy,đay_đảy,SYN,đay_đảy
đầy_ải,đầy_đoạ,SYN,"đầy_ải,đầy_đoạ"
đầy_ải,đoạ_đày,SYN,"đầy_ải,đoạ_đày"
đầy_đoạ,đoạ_đầy,SYN,"đầy_đoạ,đoạ_đầy"
đầy_vơi,vơi_đầy,SYN,"đầy_vơi,vơi_đầy"
đẩy,đẩn,SYN,đẩn
đe_doạ,đe_loi,SYN,đe_loi
đen_đét,đét,SYN,đen_đét
đen_đủi,xúi_quẩy,SYN,xúi_quẩy
đen_lánh,đen_nhánh,SYN,đen_lánh
đen_lay_láy,đen_láy,SYN,đen_lay_láy
đen_lay_láy,đen_nhay_nháy,SYN,"đen_lay_láy,đen_nhay_nháy"
đen_lay_láy,đen_nháy,SYN,"đen_lay_láy,đen_nháy"
đen_láy,đen_nhay_nháy,SYN,đen_nhay_nháy
đen_láy,đen_nháy,SYN,đen_nháy
đen_nghìn_nghịt,đen_nghịt,SYN,"đen_nghìn_nghịt,đen_nghịt"
đen_nhay_nháy,đen_nháy,SYN,"đen_nhay_nháy,đen_nháy"
đen_nhức,đen_nhưng_nhức,SYN,"đen_nhức,đen_nhưng_nhức"
đen_trùi_trũi,đen_trũi,SYN,"đen_trùi_trũi,đen_trũi"
đèn_ba_cực,tri-ốt,SYN,"đèn_ba_cực,tri-ốt"
đèn_ba_cực,triode,SYN,"đèn_ba_cực,triode"
đèn_bán_dẫn,transistor,SYN,đèn_bán_dẫn
đèn_cù,đèn_kéo_quân,SYN,đèn_cù
đèn_dù,hoả_châu,SYN,"đèn_dù,hoả_châu"
đèn_dù,pháo_sáng,SYN,đèn_dù
đèn_đất,đèn_khí_đá,SYN,"đèn_đất,đèn_khí_đá"
đèn_đóm,đèn_đuốc,SYN,"đèn_đóm,đèn_đuốc"
đèn_hoa_kì,đèn_hoa_kỳ,SYN,"đèn_hoa_kì,đèn_hoa_kỳ"
đèn_huỳnh_quang,đèn_ống,SYN,đèn_ống
đèn_neon,đèn_ống,SYN,đèn_ống
đèn_pin,đèn_bấm,SYN,đèn_bấm
đẹn,cọc,SYN,đẹn
đẽo_gọt,gọt_dũa,SYN,gọt_dũa
đéo,địt,SYN,"đéo,địt"
đéo,đụ,SYN,"đéo,đụ"
đéo,đếch,SYN,"đéo,đếch"
đéo,không,SYN,đéo
đẹp_duyên,đẹp_đôi,SYN,đẹp_duyên
đẹp_giai,đẹp_trai,SYN,đẹp_giai
đẹp_giai,điển_trai,SYN,đẹp_giai
đẹt,đọn,SYN,đọn
đê_hèn,đê_mạt,SYN,đê_mạt
đê_hèn,đớn_hèn,SYN,đớn_hèn
đê_mạt,đê_tiện,SYN,đê_mạt
đê_mạt,đớn_hèn,SYN,"đê_mạt,đớn_hèn"
đê_mê,tê_mê,SYN,tê_mê
đê_tiện,đớn_hèn,SYN,đớn_hèn
đê_tiện,hạ_tiện,SYN,hạ_tiện
đê_tiện,ti_tiện,SYN,ti_tiện
đề,đề_pa,SYN,đề_pa
đề_kháng,để_kháng,SYN,để_kháng
đệ_tử,đồ_đệ,SYN,đồ_đệ
đếch,không,SYN,đếch
đếch,đách,SYN,"đếch,đách"
đêm_ngày,hôm_sớm,SYN,hôm_sớm
đền,đền_rồng,SYN,đền_rồng
đền_đáp,báo_đền,SYN,báo_đền
đền_đáp,đền_bồi,SYN,đền_bồi
đểu_cáng,đểu_giả,SYN,đểu_cáng
đểu_cáng,xỏ_lá,SYN,"đểu_cáng,xỏ_lá"
đểu_giả,xỏ_lá,SYN,xỏ_lá
đi,dận,SYN,dận
đi_bước_nữa,tục_hôn,SYN,tục_hôn
đi_cầu,đi_đồng,SYN,đi_đồng
đi_cầu,ỉa,SYN,ỉa
đi_đại_tiện,đi_đồng,SYN,đi_đồng
đi_đại_tiện,ỉa,SYN,ỉa
đi_đằng_đầu,xin_đi_đằng_đầu,SYN,"đi_đằng_đầu,xin_đi_đằng_đầu"
đi_đồng,đi_ngoài,SYN,đi_đồng
đi_đồng,đi_tiêu,SYN,đi_đồng
đi_đồng,ỉa,SYN,"đi_đồng,ỉa"
đi_đời,đi_đời_nhà_ma,SYN,"đi_đời,đi_đời_nhà_ma"
đi_giải,đi_tiểu,SYN,đi_giải
đi_ngoài,ỉa,SYN,ỉa
đi_rửa,đi_tả,SYN,đi_tả
đi_tả,ỉa_chảy,SYN,đi_tả
đi_tả,tiêu_chảy,SYN,đi_tả
đi_tiêu,ỉa,SYN,ỉa
đì_đẹt,lẹt_đẹt,SYN,đì_đẹt
đĩ,gái_giang_hồ,SYN,gái_giang_hồ
đĩ,kĩ_nữ,SYN,kĩ_nữ
đĩ_bợm,dâm_đãng,SYN,đĩ_bợm
đĩ_bợm,đĩ_thoã,SYN,"đĩ_bợm,đĩ_thoã"
đĩ_điếm,đĩ_bợm,SYN,"đĩ_điếm,đĩ_bợm"
đĩ_thoã,dâm_đãng,SYN,đĩ_thoã
đỉa_hẹ,đỉa_mén,SYN,"đỉa_hẹ,đỉa_mén"
đỉa_mén,đĩa_hẹ,SYN,"đỉa_mén,đĩa_hẹ"
địa_chánh,địa_chính,SYN,địa_chánh
địa_chấn_kí,địa_chấn_ký,SYN,"địa_chấn_kí,địa_chấn_ký"
địa_chí,dư_địa_chí,SYN,dư_địa_chí
địa_lí_học,địa_lý_học,SYN,"địa_lí_học,địa_lý_học"
địa_lí_kinh_tế,địa_lý_kinh_tế,SYN,địa_lí_kinh_tế
địa_lí_tự_nhiên,địa_lý_tự_nhiên,SYN,địa_lí_tự_nhiên
địa_tĩnh,vệ_tinh_địa_tĩnh,SYN,"địa_tĩnh,vệ_tinh_địa_tĩnh"
địa_vật_lí,địa_vật_lý,SYN,địa_vật_lí
đích_thị,chính_thị,SYN,chính_thị
đích_thực,đích_thật,SYN,đích_thật
điếc,nặng_tai,SYN,nặng_tai
điếc,nghễnh_ngãng,SYN,nghễnh_ngãng
điếc_đặc,điếc_lòi,SYN,"điếc_đặc,điếc_lòi"
điếm_nhục,nhục_nhã,SYN,điếm_nhục
điên_cuồng,cuồng_điên,SYN,cuồng_điên
điên_rồ,cuồng_điên,SYN,cuồng_điên
điên_tiết,lộn_máu,SYN,lộn_máu
điên_tiết,lộn_tiết,SYN,lộn_tiết
điện_li,điện_ly,SYN,"điện_li,điện_ly"
điện_sinh_lí_học,điện_sinh_lý_học,SYN,"điện_sinh_lí_học,điện_sinh_lý_học"
điệp_trùng,trập_trùng,SYN,điệp_trùng
điệp_trùng,trùng_điệp,SYN,điệp_trùng
điệp_trùng,trùng_trùng,SYN,điệp_trùng
điều_tiếng,miệng_tiếng,SYN,miệng_tiếng
điệu_này,điệu_này_thì,SYN,"điệu_này,điệu_này_thì"
đinh_ấn,đinh_rệp,SYN,"đinh_ấn,đinh_rệp"
đinh_tai,inh_tai,SYN,inh_tai
đinh_tán,ri_vê,SYN,ri_vê
định_ảnh,định_hình,SYN,định_ảnh
định_kì,thường_kì,SYN,thường_kì
định_kỳ,thường_kì,SYN,thường_kì
định_lí,định_lý,SYN,định_lí
định_mệnh_luận,thuyết_định_mệnh,SYN,"định_mệnh_luận,thuyết_định_mệnh"
định_tâm,chủ_tâm,SYN,định_tâm
định_thần,định_tâm,SYN,định_tâm
địt,đụ,SYN,"địt,đụ"
địt_mẹ,đù_mẹ,SYN,"địt_mẹ,đù_mẹ"
địt_mẹ,đụ_mẹ,SYN,"địt_mẹ,đụ_mẹ"
đìu_hiu,quạnh_hiu,SYN,quạnh_hiu
đìu_hiu,quạnh_vắng,SYN,quạnh_vắng
đỏ_chon_chót,đỏ_chót,SYN,đỏ_chon_chót
đỏ_đen,đen_đỏ,SYN,đen_đỏ
đỏ_đọc,đỏ_nọc,SYN,"đỏ_đọc,đỏ_nọc"
đỏ_đòng_đọc,đỏ_đọc,SYN,"đỏ_đòng_đọc,đỏ_đọc"
đỏ_hoen_hoét,đỏ_hoét,SYN,"đỏ_hoen_hoét,đỏ_hoét"
đỏ_hon_hỏn,đỏ_hỏn,SYN,đỏ_hon_hỏn
đỏ_quạch,đỏ_quành_quạch,SYN,đỏ_quành_quạch
đoạ_đày,đầy_đoạ,SYN,"đoạ_đày,đầy_đoạ"
Đoan_Ngọ,Đoan_Dương,SYN,"Đoan_Ngọ,Đoan_Dương"
Đoan_Ngọ,Đoan_Ngũ,SYN,"Đoan_Ngọ,Đoan_Ngũ"
đoản_trình,đường_đoản_trình,SYN,"đoản_trình,đường_đoản_trình"
đoản_trình,đường_trắc_địa,SYN,"đoản_trình,đường_trắc_địa"
đoảng,đoảng_vị,SYN,đoảng_vị
đoảng,đuểnh_đoảng,SYN,đuểnh_đoảng
đoảng_vị,đuểnh_đoảng,SYN,"đoảng_vị,đuểnh_đoảng"
đòn_vọt,roi_vọt,SYN,đòn_vọt
đọng,ứ,SYN,ứ
đổ_dồn,đổ_hồi,SYN,đổ_hồi
đổ_điêu,đổ_vấy,SYN,đổ_điêu
đổ_điêu,đổ_vấy_đổ_vá,SYN,"đổ_điêu,đổ_vấy_đổ_vá"
đổ_đom_đóm,đổ_hào_quang,SYN,"đổ_đom_đóm,đổ_hào_quang"
đổ_vấy,đổ_vấy_đổ_vá,SYN,đổ_vấy_đổ_vá
đỗ,đậu_[nghĩa_2],SYN,đậu_[nghĩa_2]
độ_pH,chỉ_số_hydrogen,SYN,"độ_pH,chỉ_số_hydrogen"
độ_vong,độ_hồn,SYN,"độ_vong,độ_hồn"
đốc_chứng,giở_chứng,SYN,đốc_chứng
đốc_chứng,trở_chứng,SYN,đốc_chứng
độc_bình,lục_bình,SYN,độc_bình
độc_mồm,độc_mồm_độc_miệng,SYN,"độc_mồm,độc_mồm_độc_miệng"
độc_thần_luận,nhất_thần_luận,SYN,"độc_thần_luận,nhất_thần_luận"
độc_thần_luận,thuyết_nhất_thần,SYN,"độc_thần_luận,thuyết_nhất_thần"
đồi_bại,đồi_tệ,SYN,đồi_tệ
đồi_não,đồi_thị,SYN,"đồi_não,đồi_thị"
đối_đáp,ứng_đáp,SYN,ứng_đáp
đồn,đồn_đãi,SYN,đồn_đãi
đồn,phao_đồn,SYN,phao_đồn
đồn_bót,đồn_bốt,SYN,đồn_bót
đồn_đãi,đồn_đại,SYN,đồn_đãi
đồn_đãi,phao,SYN,đồn_đãi
đồn_đãi,phao_đồn,SYN,"đồn_đãi,phao_đồn"
đồn_đại,phao_đồn,SYN,phao_đồn
đốn_đời,đốn_kiếp,SYN,"đốn_đời,đốn_kiếp"
đốn_đời,đốn_mạt,SYN,đốn_đời
đốn_kiếp,đốn_mạt,SYN,đốn_kiếp
đông_đặc,đông_nghìn_nghịt,SYN,đông_nghìn_nghịt
đông_nghẹt,đông_nghìn_nghịt,SYN,đông_nghìn_nghịt
đông_nghìn_nghịt,đông_nghịt,SYN,đông_nghìn_nghịt
đồng_bọn,đồng_đảng,SYN,đồng_đảng
đồng_chất,đồng_tính,SYN,đồng_chất
đồng_đảng,đồng_loã,SYN,đồng_đảng
đồng_điếu,đồng_đỏ,SYN,"đồng_điếu,đồng_đỏ"
đồng_điếu,đồng_mắt_cua,SYN,"đồng_điếu,đồng_mắt_cua"
đồng_đỏ,đồng_mắt_cua,SYN,"đồng_đỏ,đồng_mắt_cua"
đồng_la,phèng_la,SYN,"đồng_la,phèng_la"
đồng_la,thanh_la,SYN,đồng_la
đồng_loã,đồng_mưu,SYN,đồng_mưu
đồng_niên,đồng_canh,SYN,đồng_canh
đồng_qui,đồng_quy,SYN,"đồng_qui,đồng_quy"
đồng_ruộng,đồng_điền,SYN,đồng_điền
động_dục,động_đực,SYN,động_đực
động_dục,động_hớn,SYN,động_hớn
động_đực,động_hớn,SYN,"động_đực,động_hớn"
động_lòng,động_tâm,SYN,động_tâm
đốp,độp,SYN,độp
độp_một_cái,đùng_một_cái,SYN,độp_một_cái
đột_nhiên,hốt_nhiên,SYN,hốt_nhiên
đơ,đừ,SYN,đừ
đờ,đừ,SYN,đừ
đờ_đẫn,lần_thần,SYN,lần_thần
đờ_đẫn,thờ_thẫn,SYN,thờ_thẫn
đời_đời,đời_đời_kiếp_kiếp,SYN,đời_đời_kiếp_kiếp
đời_thủa,đời_thuở,SYN,"đời_thủa,đời_thuở"
đới_địa_lí,đới_địa_lý,SYN,"đới_địa_lí,đới_địa_lý"
đơn_chiếc,neo_người,SYN,neo_người
đơn_nguyên,đơn_tử,SYN,đơn_tử
đơn_tiết,độc_âm,SYN,"đơn_tiết,độc_âm"
đơn_tiết,đơn_âm,SYN,"đơn_tiết,đơn_âm"
đơn_tử_diệp,một_lá_mầm,SYN,"đơn_tử_diệp,một_lá_mầm"
đơn_vị_học_trình,học_trình,SYN,"đơn_vị_học_trình,học_trình"
đớn_hèn,hèn_đớn,SYN,"đớn_hèn,hèn_đớn"
đớn_hèn,ươn_hèn,SYN,"đớn_hèn,ươn_hèn"
đớp,tợp,SYN,tợp
đớp,tọng,SYN,tọng
đớp,xực,SYN,xực
đu_đưa,vung_vảy,SYN,vung_vảy
đù_đà_đù_đờ,đù_đờ,SYN,"đù_đà_đù_đờ,đù_đờ"
đù_đà_đù_đờ,ngù_ngờ,SYN,"đù_đà_đù_đờ,ngù_ngờ"
đù_đờ,ngù_ngờ,SYN,"đù_đờ,ngù_ngờ"
đù_mẹ,đụ_mẹ,SYN,"đù_mẹ,đụ_mẹ"
đú_đa_đú_đởn,đú_đởn,SYN,"đú_đa_đú_đởn,đú_đởn"
đú_mỡ,rửng_mỡ,SYN,"đú_mỡ,rửng_mỡ"
đua_đòi,theo_đòi,SYN,theo_đòi
đua_tranh,đua_ganh,SYN,đua_ganh
đùa,bỡn,SYN,bỡn
đùa_bỡn,đùa_cợt,SYN,đùa_bỡn
đùa_giỡn,nô_giỡn,SYN,nô_giỡn
đũa_cả,xêu,SYN,xêu
đun_nấu,thổi_nấu,SYN,thổi_nấu
đùn_đẩy,đun_đẩy,SYN,đun_đẩy
đung_đưa,vung_vảy,SYN,vung_vảy
đùng_đình,đủng_đỉnh,SYN,đùng_đình
đủng_đa_đủng_đỉnh,đủng_đà_đủng_đỉnh,SYN,"đủng_đa_đủng_đỉnh,đủng_đà_đủng_đỉnh"
đủng_đỉnh,thủng_thỉnh,SYN,thủng_thỉnh
đuôi_gà,tóc_đuôi_gà,SYN,tóc_đuôi_gà
đuôi_từ,vĩ_tố,SYN,"đuôi_từ,vĩ_tố"
đuỗn,thuỗn,SYN,"đuỗn,thuỗn"
đứng_bóng,tròn_bóng,SYN,tròn_bóng
đườn_đưỡn,đưỡn,SYN,"đườn_đưỡn,đưỡn"
đương_qui,đương_quy,SYN,đương_qui
đường_bệ,oai_vệ,SYN,đường_bệ
đường_đoản_trình,đường_trắc_địa,SYN,"đường_đoản_trình,đường_trắc_địa"
đường_trắc_địa,đường_trắc_địa,SYN,"đường_trắc_địa,đường_trắc_địa"
đường_xoáy_ốc,đường_xoắn_ốc,SYN,"đường_xoáy_ốc,đường_xoắn_ốc"
đứt_đuôi,đứt_đuôi_con_nòng_nọc,SYN,"đứt_đuôi,đứt_đuôi_con_nòng_nọc"
đứt_ruột,đứt_ruột_đứt_gan,SYN,đứt_ruột_đứt_gan
đứt_ruột_đứt_gan,rứt_ruột,SYN,đứt_ruột_đứt_gan
e,ngại,SYN,e
e,sợ,SYN,e
è,trằn,SYN,"è,trằn"
eo_sèo,ỉ_eo,SYN,"eo_sèo,ỉ_eo"
ê,tẽn,SYN,"ê,tẽn"
êm_ru,êm_ro,SYN,êm_ro
ễnh,phưỡn,SYN,"ễnh,phưỡn"
Fahrenheit,nhiệt_độ_Fahrenheit,SYN,"Fahrenheit,nhiệt_độ_Fahrenheit"
Fahrenheit,thang_nhiệt_độ_Fahrenheit,SYN,"Fahrenheit,thang_nhiệt_độ_Fahrenheit"
fát_xít,phát_xít,SYN,fát_xít
fula,phu_la,SYN,"fula,phu_la"
fuy,phuy,SYN,fuy
gà_gật,ngủ_gà_ngủ_gật,SYN,ngủ_gà_ngủ_gật
gà_tồ,gà_cồ,SYN,"gà_tồ,gà_cồ"
gả,gả_bán,SYN,gả_bán
gạch_hoa,gạch_bông,SYN,"gạch_hoa,gạch_bông"
gạch_lỗ,gạch_thông_tâm,SYN,"gạch_lỗ,gạch_thông_tâm"
gái_điếm,gái_giang_hồ,SYN,gái_giang_hồ
gái_điếm,kĩ_nữ,SYN,kĩ_nữ
gái_nhảy,ca_ve,SYN,ca_ve
gại,liếc,SYN,gại
gan_cóc_tía,gan_chí_mề,SYN,"gan_cóc_tía,gan_chí_mề"
gan_lì,gan_liền,SYN,gan_liền
gang_tấc,tấc_gang,SYN,tấc_gang
gangster,găngxtơ,SYN,găngxtơ
ganh_đua,đua_ganh,SYN,đua_ganh
gảnh,ghểnh,SYN,"gảnh,ghểnh"
gạo_cẩm,nếp_cẩm,SYN,gạo_cẩm
gàu_bốc,gàu_ngoạm,SYN,"gàu_bốc,gàu_ngoạm"
gảy,khảy,SYN,khảy
gắng_công,gắng_sức,SYN,gắng_công
gầm_ghè,gầm_gừ,SYN,gầm_ghè
gầm_ghè,hằm_hè,SYN,"gầm_ghè,hằm_hè"
gầm_ghè,hầm_hè,SYN,"gầm_ghè,hầm_hè"
gầm_gừ,hằm_hè,SYN,hằm_hè
gầm_gừ,hầm_hè,SYN,hầm_hè
gập_ghềnh,khấp_khểnh,SYN,khấp_khểnh
gấu_Bắc_Cực,gấu_trắng,SYN,gấu_Bắc_Cực
gây_gấy,ngây_ngấy,SYN,"gây_gấy,ngây_ngấy"
gây_hấn,khai_hấn,SYN,khai_hấn
gây_hấn,khiêu_hấn,SYN,khiêu_hấn
gây_hấn,khởi_hấn,SYN,khởi_hấn
gầy_đét,gầy_guộc,SYN,gầy_đét
gầy_đét,ốm_nhách,SYN,"gầy_đét,ốm_nhách"
gầy_đét,tong_teo,SYN,gầy_đét
gầy_nhom,ốm_nhom,SYN,ốm_nhom
gấy_sốt,ngấy_sốt,SYN,"gấy_sốt,ngấy_sốt"
GDP,tổng_sản_phẩm_quốc_nội,SYN,GDP
ghé,kẹ,SYN,kẹ
ghé_lưng,ngả_lưng,SYN,ghé_lưng
ghẹ,kẹ,SYN,kẹ
ghèn,nhử,SYN,ghèn
ghép_nối,nối_ghép,SYN,nối_ghép
ghê_rợn,kinh_rợn,SYN,kinh_rợn
ghế_dựa,ghế_tựa,SYN,ghế_dựa
ghếch,ghệch,SYN,"ghếch,ghệch"
ghếch,nghếch,SYN,"ghếch,nghếch"
ghếch,vếch,SYN,"ghếch,vếch"
ghi_tạc,ghi_lòng_tạc_dạ,SYN,"ghi_tạc,ghi_lòng_tạc_dạ"
ghi_tạc,khắc_cốt_ghi_tâm,SYN,ghi_tạc
ghi_tạc,khắc_cốt_ghi_xương,SYN,"ghi_tạc,khắc_cốt_ghi_xương"
gia_phả,tộc_phả,SYN,tộc_phả
gia_sản,gia_bản,SYN,gia_bản
gia_sản,gia_tư,SYN,gia_tư
gia_thế,thế_gia,SYN,thế_gia
già_cả,già_lão,SYN,già_lão
già_câng,già_cấc,SYN,"già_câng,già_cấc"
già_cốc_đế,già_khú_đế,SYN,"già_cốc_đế,già_khú_đế"
già_đời,lọc_lõi,SYN,già_đời
già_đời,lõi_đời,SYN,"già_đời,lõi_đời"
già_mồm,già_họng,SYN,"già_mồm,già_họng"
giả_danh,mạo_xưng,SYN,mạo_xưng
giả_dối,giả_trá,SYN,giả_trá
giả_sử,giả_thử,SYN,giả_thử
giả_sử,giả_tỉ,SYN,giả_tỉ
giả_sử,ví_thử,SYN,ví_thử
giả_vờ,giả_đò,SYN,giả_đò
giả_vờ,giả_tảng,SYN,giả_tảng
giá_trị_thặng_dư,thặng_dư_giá_trị,SYN,thặng_dư_giá_trị
giải_đông,xả_đông,SYN,"giải_đông,xả_đông"
giải_nghĩa,giảng_nghĩa,SYN,giảng_nghĩa
giải_phẫu_học,cơ_thể_học,SYN,cơ_thể_học
giải_sầu,giải_phiền,SYN,giải_phiền
giải_thuật,thuật_toán,SYN,giải_thuật
giãi_bày,đãi_đằng,SYN,đãi_đằng
giãi_bày,giãi_tỏ,SYN,giãi_tỏ
giam_cầm,giam_cấm,SYN,giam_cấm
gian_dâm,tà_dâm,SYN,"gian_dâm,tà_dâm"
gian_dâm,thông_dâm,SYN,"gian_dâm,thông_dâm"
gian_dâm,tư_thông,SYN,gian_dâm
gian_giảo,gian_trá,SYN,gian_giảo
gian_giảo,gian_xảo,SYN,gian_giảo
gian_giảo,giảo_hoạt,SYN,"gian_giảo,giảo_hoạt"
gian_giảo,giảo_quyệt,SYN,"gian_giảo,giảo_quyệt"
gian_giảo,man_trá,SYN,"gian_giảo,man_trá"
gian_giảo,quỉ_quyệt,SYN,"gian_giảo,quỉ_quyệt"
gian_giảo,quỷ_quyệt,SYN,gian_giảo
gian_giảo,xảo_quyệt,SYN,gian_giảo
gian_giảo,xảo_trá,SYN,gian_giảo
gian_trá,giảo_hoạt,SYN,giảo_hoạt
gian_trá,giảo_quyệt,SYN,giảo_quyệt
gian_trá,man_trá,SYN,man_trá
gian_trá,quỉ_quyệt,SYN,quỉ_quyệt
gian_xảo,giảo_hoạt,SYN,giảo_hoạt
gian_xảo,giảo_quyệt,SYN,giảo_quyệt
gian_xảo,man_trá,SYN,man_trá
gian_xảo,quỉ_quyệt,SYN,quỉ_quyệt
gián_thu,thuế_gián_thu,SYN,"gián_thu,thuế_gián_thu"
giang_mai,tim_la,SYN,tim_la
giang_sơn,giang_san,SYN,giang_san
giàng_giàng,guột,SYN,"giàng_giàng,guột"
giàng_thun,ná_thun,SYN,"giàng_thun,ná_thun"
giáng_hạ,giáng_thế,SYN,"giáng_hạ,giáng_thế"
giáng_hạ,hạ_giáng,SYN,"giáng_hạ,hạ_giáng"
giáng_thế,giáng_trần,SYN,giáng_thế
giạng,xoạc,SYN,giạng
giao_hảo,giao_hiếu,SYN,giao_hiếu
giao_thông_hào,hào_giao_thông,SYN,hào_giao_thông
giảo_hoạt,giảo_quyệt,SYN,"giảo_hoạt,giảo_quyệt"
giảo_hoạt,man_trá,SYN,"giảo_hoạt,man_trá"
giảo_hoạt,quỉ_quyệt,SYN,"giảo_hoạt,quỉ_quyệt"
giảo_hoạt,quỷ_quyệt,SYN,giảo_hoạt
giảo_hoạt,xảo_quyệt,SYN,giảo_hoạt
giảo_hoạt,xảo_trá,SYN,giảo_hoạt
giảo_quyệt,man_trá,SYN,"giảo_quyệt,man_trá"
giảo_quyệt,quỉ_quyệt,SYN,"giảo_quyệt,quỉ_quyệt"
giảo_quyệt,quỷ_quyệt,SYN,giảo_quyệt
giảo_quyệt,xảo_quyệt,SYN,giảo_quyệt
giảo_quyệt,xảo_trá,SYN,giảo_quyệt
giáo_giở,giở_mặt,SYN,"giáo_giở,giở_mặt"
giáo_giở,lật_lọng,SYN,giáo_giở
giáo_giở,tráo_trở,SYN,giáo_giở
giáo_giở,trở_mặt,SYN,giáo_giở
giáo_lí,giáo_lý,SYN,giáo_lí
giáp_hạt,giáp_vụ,SYN,giáp_vụ
giáp_trạng,tuyến_giáp_trạng,SYN,tuyến_giáp_trạng
giàu_mạnh,giầu_mạnh,SYN,giầu_mạnh
giàu_sang,giầu_sang,SYN,giầu_sang
giàu_sang,sang_giàu,SYN,sang_giàu
giàu_sụ,giầu_sụ,SYN,giầu_sụ
giày_đạp,giày_xéo,SYN,giày_đạp
giày_đạp,giầy_xéo,SYN,"giày_đạp,giầy_xéo"
giày_vò,giầy_vò,SYN,giầy_vò
giày_xéo,giầy_xéo,SYN,giầy_xéo
giãy,giẫy,SYN,giẫy
giãy_giụa,giẫy_giụa,SYN,giẫy_giụa
giãy_nảy,giẫy_nẩy,SYN,giẫy_nẩy
giặt_giũ,giặt_gịa,SYN,giặt_gịa
giậm_giật,rậm_rật,SYN,"giậm_giật,rậm_rật"
giần_giật,rần_rật,SYN,"giần_giật,rần_rật"
giấn,nhấn,SYN,giấn
giấn,nhận,SYN,giấn
giật_mình,giật_thột,SYN,giật_thột
giật_nóng,giật_lửa,SYN,"giật_nóng,giật_lửa"
giầu_sang,sang_giàu,SYN,"giầu_sang,sang_giàu"
giấy_carbon,giấy_than,SYN,"giấy_carbon,giấy_than"
giấy_chặm,giấy_dậm,SYN,"giấy_chặm,giấy_dậm"
giấy_chặm,giấy_thấm,SYN,giấy_chặm
giấy_dậm,giấy_thấm,SYN,giấy_dậm
giấy_đánh_máy,pơluya,SYN,"giấy_đánh_máy,pơluya"
giấy_nến,giấy_sáp,SYN,"giấy_nến,giấy_sáp"
giấy_nhám,giấy_ráp,SYN,"giấy_nhám,giấy_ráp"
giấy_tờ,giấy_má,SYN,giấy_má
gièm,gièm_pha,SYN,gièm
gièm,sàm,SYN,"gièm,sàm"
gieo_neo,gian_nan,SYN,gieo_neo
giếng_khơi,giếng_thơi,SYN,giếng_thơi
gió_mùa_đông-bắc,gió_bấc,SYN,gió_mùa_đông-bắc
giòn_tan,giòn_rụm,SYN,giòn_rụm
giối_già,trối_già,SYN,"giối_già,trối_già"
giôn_giốt,nhôn_nhốt,SYN,"giôn_giốt,nhôn_nhốt"
giống_hệt,y_sì,SYN,y_sì
giơ,xìa,SYN,xìa
giờ_GMT,giờ_quốc_tế,SYN,"giờ_GMT,giờ_quốc_tế"
giở_dạ,trở_dạ,SYN,giở_dạ
giở_giời,trở_trời,SYN,giở_giời
giở_mặt,lật_lọng,SYN,giở_mặt
giở_mặt,tráo_trở,SYN,giở_mặt
giở_mặt,trở_mặt,SYN,giở_mặt
giở_quẻ,đốc_chứng,SYN,"giở_quẻ,đốc_chứng"
giở_quẻ,giở_chứng,SYN,giở_quẻ
giở_quẻ,trở_chứng,SYN,giở_quẻ
giở_quẻ,trở_quẻ,SYN,"giở_quẻ,trở_quẻ"
giới_luật,pháp_giới,SYN,pháp_giới
giỡn,rỡn,SYN,rỡn
giủi,nhủi,SYN,"giủi,nhủi"
giun_móc,giun_móc_câu,SYN,giun_móc_câu
giữ_gìn,giữ_giàng,SYN,giữ_giàng
giữ_kẽ,giữ_ý_giữ_tứ,SYN,giữ_ý_giữ_tứ
giữ_ý,giữ_ý_giữ_tứ,SYN,giữ_ý_giữ_tứ
glaucoma,thiên_đầu_thống,SYN,"glaucoma,thiên_đầu_thống"
GNP,tổng_sản_phẩm_quốc_gia,SYN,"GNP,tổng_sản_phẩm_quốc_gia"
gõ,khỏ,SYN,khỏ
gom_góp,tom_góp,SYN,tom_góp
gom_nhặt,gom_nhóp,SYN,gom_nhóp
gom_nhặt,góp_nhóp,SYN,góp_nhóp
gom_nhóp,góp_nhặt,SYN,gom_nhóp
gom_nhóp,góp_nhóp,SYN,"gom_nhóp,góp_nhóp"
góp_nhặt,góp_nhóp,SYN,góp_nhóp
gorilla,khỉ_độc,SYN,khỉ_độc
gọt_dũa,gọt_giũa,SYN,gọt_dũa
gọt_dũa,mài_dũa,SYN,gọt_dũa
gọt_dũa,mài_giũa,SYN,gọt_dũa
gọt_dũa,trau_chuốt,SYN,gọt_dũa
gỗ_vang,tô_mộc,SYN,"gỗ_vang,tô_mộc"
gốc_rễ,cỗi_rễ,SYN,cỗi_rễ
gông_cùm,gông_xiềng,SYN,"gông_cùm,gông_xiềng"
gông_xiềng,xiềng_gông,SYN,"gông_xiềng,xiềng_gông"
gồng_gánh,gánh_gồng,SYN,gánh_gồng
gởi_gắm,gửi_gắm,SYN,gởi_gắm
gớm_ghiếc,gớm_guốc,SYN,gớm_guốc
GPS,hệ_thống_định_vị_toàn_cầu,SYN,GPS
granite,hoa_cương,SYN,hoa_cương
graphite,than_chì,SYN,graphite
gùn,gút,SYN,gùn
gượm,hượm,SYN,"gượm,hượm"
gương_tày_liếp,gương_tầy_liếp,SYN,"gương_tày_liếp,gương_tầy_liếp"
hà_hiếp,hiếp,SYN,hà_hiếp
hà_hiếp,ức_hiếp,SYN,hà_hiếp
hà_mã,trâu_nước,SYN,trâu_nước
hà_thủ_ô_nam,hà_thủ_ô_trắng,SYN,"hà_thủ_ô_nam,hà_thủ_ô_trắng"
hà_tiện,hà_tằn_hà_tiện,SYN,hà_tằn_hà_tiện
hả_dạ,hả_lòng,SYN,hả_lòng
hả_dạ,hởi_dạ,SYN,hởi_dạ
hả_dạ,hởi_lòng,SYN,hởi_lòng
hả_giận,lại_gan,SYN,lại_gan
hách,oách,SYN,hách
hách_dịch,hách,SYN,hách
hạch,hạch_lạc,SYN,hạch_lạc
hạch,hặc,SYN,hặc
hạch_sách,hạch_lạc,SYN,hạch_lạc
hạch_sách,hoạnh_hoẹ,SYN,hoạnh_hoẹ
hai_lá_mầm,song_tử_diệp,SYN,"hai_lá_mầm,song_tử_diệp"
hải_li,hải_ly,SYN,hải_li
hải_lí,hải_lý,SYN,hải_lí
hải_quan,thương_chính,SYN,thương_chính
hải_quân_đánh_bộ,hải_quân_lục_chiến,SYN,"hải_quân_đánh_bộ,hải_quân_lục_chiến"
hải_quân_đánh_bộ,lính_thuỷ_đánh_bộ,SYN,hải_quân_đánh_bộ
hải_quân_lục_chiến,lính_thuỷ_đánh_bộ,SYN,hải_quân_lục_chiến
hải_quì,hải_quỳ,SYN,"hải_quì,hải_quỳ"
hái,ngứt,SYN,ngứt
ham_chuộng,ưa_chuộng,SYN,ham_chuộng
hàm,hàm_cấp,SYN,hàm_cấp
hàm_hồ,hồ_đồ,SYN,hàm_hồ
hàm_ơn,hàm_ân,SYN,"hàm_ơn,hàm_ân"
hãm,hãm_tài,SYN,hãm_tài
hàn_hơi,hàn_xì,SYN,hàn_hơi
hàn_huyên,hàn_ôn,SYN,hàn_ôn
hạn,hạn_vận,SYN,hạn_vận
hàng_phục,quy_phục,SYN,hàng_phục
hành,hành_ta,SYN,hành_ta
hành_dinh,hành_doanh,SYN,"hành_dinh,hành_doanh"
hành_hạ,hành_tội,SYN,hành_tội
hành_lang,nhà_cầu,SYN,nhà_cầu
hành_lang_pháp_lí,hành_lang_pháp_lý,SYN,hành_lang_pháp_lí
hành_quân,hành_binh,SYN,hành_binh
háo_danh,hiếu_danh,SYN,hiếu_danh
háo_khí,hiếu_khí,SYN,"háo_khí,hiếu_khí"
háo_sắc,hiếu_sắc,SYN,hiếu_sắc
hát_bắc,hát_khách,SYN,"hát_bắc,hát_khách"
hát_bộ,hát_bội,SYN,hát_bộ
hát_bộ,hát_tuồng,SYN,hát_bộ
hát_bộ,tuồng,SYN,hát_bộ
hát_hò,hát_hỏng,SYN,hát_hỏng
hát_hò,hát_hổng,SYN,hát_hổng
hát_hỏng,hát_hổng,SYN,"hát_hỏng,hát_hổng"
hát_rong,hát_dạo,SYN,hát_dạo
háu_đói,xấu_đói,SYN,"háu_đói,xấu_đói"
hay_ho,hay_hớm,SYN,hay_hớm
hắc_ín,dầu_hắc,SYN,dầu_hắc
hắc_tinh_tinh,tinh_tinh,SYN,hắc_tinh_tinh
hằm_hằm,lầm_lầm,SYN,lầm_lầm
hằm_hè,hầm_hè,SYN,"hằm_hè,hầm_hè"
hẳm,hoáy,SYN,hẳm
hẳm,hoắm,SYN,"hẳm,hoắm"
hẳn_hoi,hẳn_hòi,SYN,hẳn_hòi
hắn,y,SYN,y
hăng_máu,hăng_tiết,SYN,hăng_tiết
hăng_máu_vịt,hăng_tiết_vịt,SYN,"hăng_máu_vịt,hăng_tiết_vịt"
hắng_giọng,tằng_hắng,SYN,"hắng_giọng,tằng_hắng"
hắt_hơi,hắt_xì_hơi,SYN,hắt_xì_hơi
hắt_hơi,nhảy_mũi,SYN,nhảy_mũi
hầm_hầm,lầm_lầm,SYN,lầm_lầm
hầm_hập,hập,SYN,hập
hẩm,hẩm_hiu,SYN,hẩm
hận_thù,cừu_hận,SYN,cừu_hận
hận_thù,hận_cừu,SYN,hận_cừu
hẩng,hửng,SYN,hẩng
hiệp_định,hiệp_nghị,SYN,hiệp_nghị
hôi_hám,hôi_rình,SYN,hôi_rình
huệ_tây,hoa_loa_kèn,SYN,huệ_tây
huệ_tây,loa_kèn,SYN,huệ_tây
hũm,hõm,SYN,hũm
hun_đúc,nung_đúc,SYN,nung_đúc
hun_đúc,un_đúc,SYN,un_đúc
hun_hút,tun_hút,SYN,tun_hút
hấp_háy,hấp_hay,SYN,"hấp_háy,hấp_hay"
hấp_him,hấp_hem,SYN,"hấp_him,hấp_hem"
hậu_duệ,di_duệ,SYN,di_duệ
hậu_đãi,khoản_đãi,SYN,khoản_đãi
hậu_đãi,trọng_đãi,SYN,trọng_đãi
hậu_kì,mạt_kì,SYN,mạt_kì
hậu_sản,sản_hậu,SYN,sản_hậu
hây_hẩy,hây_hây,SYN,"hây_hẩy,hây_hây"
hé_răng,rỉ_răng,SYN,rỉ_răng
héc,hertz,SYN,hertz
hecta,công_mẫu,SYN,công_mẫu
hèn_chi,hèn_gì,SYN,"hèn_chi,hèn_gì"
hèn_chi,hèn_nào,SYN,"hèn_chi,hèn_nào"
hèn_chi,không_trách,SYN,hèn_chi
hèn_chi,thảo_hèn,SYN,"hèn_chi,thảo_hèn"
hèn_chi,thảo_nào,SYN,hèn_chi
hèn_gì,hèn_nào,SYN,"hèn_gì,hèn_nào"
hèn_gì,không_trách,SYN,hèn_gì
hèn_gì,thảo_hèn,SYN,"hèn_gì,thảo_hèn"
hèn_gì,thảo_nào,SYN,hèn_gì
hèn_hạ,hèn_mạt,SYN,hèn_mạt
hèn_kém,kém_hèn,SYN,kém_hèn
hèn_nào,không_trách,SYN,hèn_nào
hèn_nào,thảo_hèn,SYN,"hèn_nào,thảo_hèn"
hèn_nào,thảo_nào,SYN,hèn_nào
hèn_yếu,yếu_hèn,SYN,"hèn_yếu,yếu_hèn"
hẹn_ước,ước_hẹn,SYN,ước_hẹn
hét_lác,thét_lác,SYN,"hét_lác,thét_lác"
Hệ_Mặt_Trời,Thái_Dương_Hệ,SYN,"Hệ_Mặt_Trời,Thái_Dương_Hệ"
hệ_miễn_dịch,hệ_miễn_nhiễm,SYN,hệ_miễn_nhiễm
hệ_trọng,can_hệ,SYN,can_hệ
hết_đời,rồi_đời,SYN,rồi_đời
hết_đời,xong_đời,SYN,xong_đời
hết_hồn,hết_hồn_hết_vía,SYN,hết_hồn_hết_vía
hết_hồn,hết_vía,SYN,hết_vía
hết_lẽ,hết_nhẽ,SYN,"hết_lẽ,hết_nhẽ"
hết_lòng,hết_dạ,SYN,hết_dạ
hết_sức,vô_ngần,SYN,vô_ngần
hết_ý,hết_sảy,SYN,hết_sảy
hệt,y,SYN,y
hí_hoáy,nghí_ngoáy,SYN,nghí_ngoáy
hí_hởn,hí_hửng,SYN,hí_hởn
hí_hởn,tí_tởn,SYN,"hí_hởn,tí_tởn"
hí_hửng,tí_tởn,SYN,tí_tởn
hiềm_khích,hiềm_thù,SYN,hiềm_thù
hiềm_nghi,hoài_nghi,SYN,hiềm_nghi
hiềm_nghi,hồ_nghi,SYN,hiềm_nghi
hiểm_yếu,trọng_yếu,SYN,hiểm_yếu
hiểm_yếu,xung_yếu,SYN,hiểm_yếu
hiên,hoa_hiên,SYN,hoa_hiên
hiện_thực_khách_quan,thực_tại_khách_quan,SYN,"hiện_thực_khách_quan,thực_tại_khách_quan"
hiếp,hiếp_đáp,SYN,hiếp_đáp
hiếu_hỉ,hiếu_hỷ,SYN,hiếu_hỷ
hiếu_thảo,hiếu_hạnh,SYN,hiếu_hạnh
hiệu_đính,hiệu_chính,SYN,hiệu_chính
hiệu_ứng_lồng_kính,hiệu_ứng_nhà_kính,SYN,hiệu_ứng_lồng_kính
hình_dáng,hình_trạng,SYN,hình_trạng
hình_dạng,hình_trạng,SYN,hình_trạng
hình_dung,mường_tưởng,SYN,mường_tưởng
hình_như,tuồng_như,SYN,tuồng_như
hình_thái_học,từ_pháp,SYN,từ_pháp
hình_vị,từ_tố,SYN,"hình_vị,từ_tố"
hỉnh,hểnh,SYN,hểnh
hiu_hắt,hắt_hiu,SYN,hắt_hiu
hiu_hắt,heo_hắt,SYN,heo_hắt
hiu_quạnh,quạnh_hiu,SYN,quạnh_hiu
hiu_quạnh,quạnh_vắng,SYN,quạnh_vắng
ho_he,hó_hé,SYN,hó_hé
hò_hét,hò_la,SYN,hò_la
hò_la,la_hét,SYN,hò_la
hoa,khuơ,SYN,khuơ
hoa_lí,hoa_lý,SYN,"hoa_lí,hoa_lý"
hoa_lí,lí,SYN,hoa_lí
hoa_lí,lý,SYN,hoa_lí
hoa_lí,thiên_lí,SYN,"hoa_lí,thiên_lí"
hoa_lí,thiên_lý,SYN,hoa_lí
hoa_lơ,súp_lơ,SYN,hoa_lơ
hoa_lợi,huê_lợi,SYN,huê_lợi
hoa_lý,lí,SYN,hoa_lý
hoa_lý,lý,SYN,hoa_lý
hoa_lý,thiên_lí,SYN,"hoa_lý,thiên_lí"
hoa_lý,thiên_lý,SYN,hoa_lý
hoa_mép_dê,hom_mõm_chó,SYN,"hoa_mép_dê,hom_mõm_chó"
hoa_mép_dê,hoa_mõm_sói,SYN,"hoa_mép_dê,hoa_mõm_sói"
hoa_mõm_chó,hoa_mép_dê,SYN,"hoa_mõm_chó,hoa_mép_dê"
hoa_mõm_chó,hoa_mõm_sói,SYN,"hoa_mõm_chó,hoa_mõm_sói"
hoa_tai,trằm,SYN,trằm
hoa_tiên,tờ_hoa,SYN,"hoa_tiên,tờ_hoa"
hoa_tigôn,tigôn,SYN,"hoa_tigôn,tigôn"
hoà_giải,điều_giải,SYN,điều_giải
hoà_giải,giải_hoà,SYN,giải_hoà
hoà_tấu,hợp_tấu,SYN,hợp_tấu
hoà_thuận,hoà_mục,SYN,hoà_mục
hoả_châu,pháo_sáng,SYN,hoả_châu
hoá_lí,hoá_lý,SYN,hoá_lí
hoá_mĩ_phẩm,hoá_mỹ_phẩm,SYN,hoá_mĩ_phẩm
hoá_sinh_học,sinh_hoá_học,SYN,"hoá_sinh_học,sinh_hoá_học"
hoá_xương,cốt_hoá,SYN,"hoá_xương,cốt_hoá"
hoạ,tai_vạ,SYN,tai_vạ
hoạ_chăng,hoạ_may,SYN,"hoạ_chăng,hoạ_may"
hoạ_chăng,may_ra,SYN,hoạ_chăng
hoạ_may,may_ra,SYN,hoạ_may
hoài_phí,phí_hoài,SYN,hoài_phí
hoài_phí,uổng_phí,SYN,hoài_phí
hoài_vọng,ước_vọng,SYN,hoài_vọng
hoan_nghênh,hoan_nghinh,SYN,hoan_nghinh
hoàn_công,hồi_công,SYN,hồi_công
hoàn_mĩ,hoàn_mỹ,SYN,hoàn_mĩ
hoãn,trằm,SYN,trằm
hoang,hoang_toàng,SYN,hoang_toàng
hoang_đàng,điếm_đàng,SYN,"hoang_đàng,điếm_đàng"
hoang_phí,hoang_toàng,SYN,hoang_toàng
hoang_tưởng,huyễn_tưởng,SYN,huyễn_tưởng
hoàng_lan,ngọc_lan_tây,SYN,ngọc_lan_tây
hoàng_tinh,huỳnh_tinh,SYN,huỳnh_tinh
hoàng_tộc,hoàng_phái,SYN,hoàng_phái
hoàng_tộc,tôn_thất,SYN,tôn_thất
hoáy,hoắm,SYN,hoắm
hóc_búa,hắc_búa,SYN,hắc_búa
học_đòi,theo_đòi,SYN,theo_đòi
học_lỏm,học_lóm,SYN,học_lóm
hỏi_vợ,cầu_thân,SYN,cầu_thân
hom_hem,nhom_nhem,SYN,nhom_nhem
hooligan,hô-li-gân,SYN,hô-li-gân
hóp,lóp,SYN,lóp
hót,ton_hót,SYN,ton_hót
hô,vổ,SYN,vổ
hồ_li_tinh,hồ_ly_tinh,SYN,hồ_li_tinh
hổ,kễnh,SYN,kễnh
hổ_chúa,hổ_trâu,SYN,hổ_trâu
hổ_mang,mang_bành,SYN,mang_bành
hổ_thẹn,hổ_ngươi,SYN,hổ_ngươi
hố_tiêu,hố_xí,SYN,hố_tiêu
hộ_lí,hộ_lý,SYN,hộ_lí
hộ_mạng,hộ_mệnh,SYN,hộ_mạng
hộ_sinh,bảo_sanh,SYN,bảo_sanh
hộ_sinh,cô_mụ,SYN,cô_mụ
hốc,tọng,SYN,tọng
hốc,xực,SYN,xực
hối_cải,cải_hối,SYN,cải_hối
hôm_qua,bữa_qua,SYN,bữa_qua
hôm_sớm,hôm_mai,SYN,"hôm_sớm,hôm_mai"
hôm_sớm,ngày_đêm,SYN,hôm_sớm
hôm_sớm,sớm_hôm,SYN,hôm_sớm
hồn_vía,hồn_phách,SYN,hồn_phách
hổn_hển,hào_hển,SYN,hào_hển
hỗn_hào,hỗn_xược,SYN,hỗn_xược
hỗn_hào,láo_xược,SYN,láo_xược
hỗn_láo,hỗn_xược,SYN,hỗn_xược
hỗn_láo,láo_xược,SYN,láo_xược
hỗn_xược,láo_xược,SYN,"hỗn_xược,láo_xược"
hồng_bì,quất_hồng_bì,SYN,"hồng_bì,quất_hồng_bì"
hồng_cầu,hồng_huyết_cầu,SYN,hồng_huyết_cầu
hồng_điều,hồng_đơn,SYN,"hồng_điều,hồng_đơn"
hồng_xiêm,xa_bô_chê,SYN,xa_bô_chê
hộp_chữa_cháy,tủ_chữa_cháy,SYN,"hộp_chữa_cháy,tủ_chữa_cháy"
hộp_số,hộp_tốc_độ,SYN,hộp_tốc_độ
hơ_hải,hớt_hải,SYN,hơ_hải
hơi_hướng,hơi_hám,SYN,hơi_hám
hởi_dạ,hả_lòng,SYN,"hởi_dạ,hả_lòng"
hởi_dạ,hởi_lòng,SYN,"hởi_dạ,hởi_lòng"
hỡi_ôi,hỡi_ơi,SYN,hỡi_ơi
hợm,hợm_hĩnh,SYN,hợm
hợm,hợm_mình,SYN,"hợm,hợm_mình"
hợm_hĩnh,hợm_mình,SYN,hợm_mình
hớp,hụm,SYN,hụm
hợp_lí_hoá,hợp_lý_hoá,SYN,hợp_lí_hoá
hợp_tan,tan_hợp,SYN,tan_hợp
hợp_tuyển,tuyển_tập,SYN,hợp_tuyển
hớt_lẻo,mách_lẻo,SYN,hớt_lẻo
HTML,ngôn_ngữ_đánh_dấu_siêu_văn_bản,SYN,"HTML,ngôn_ngữ_đánh_dấu_siêu_văn_bản"
hú_tim,ú_tim,SYN,hú_tim
húng_chó,húng_dổi,SYN,"húng_chó,húng_dổi"
húng_hắng,khúng_khắng,SYN,khúng_khắng
húng_hắng,thúng_thắng,SYN,thúng_thắng
huống_gì,huống_nữa,SYN,huống_nữa
huơ,khuơ,SYN,khuơ
hụp,ngụp,SYN,hụp
huyên_thuyên,huyên_thiên,SYN,huyên_thiên
huyên_thuyên,huyên_thuyên_xích_đế,SYN,huyên_thuyên_xích_đế
huyên_thuyên,luyên_thuyên,SYN,luyên_thuyên
huyền_diệu,thần_tình,SYN,thần_tình
huyết_thống,huyết_hệ,SYN,huyết_hệ
huyết_thống,huyết_tộc,SYN,huyết_tộc
huyết_tộc,huyết_hệ,SYN,"huyết_tộc,huyết_hệ"
huýt_sáo,huýt_gió,SYN,huýt_gió
hư_từ,từ_hư,SYN,"hư_từ,từ_hư"
hứa_hão,hứa_hươu_hứa_vượn,SYN,hứa_hươu_hứa_vượn
hực,hừng_hực,SYN,hực
hưng_vong,hưng_phế,SYN,"hưng_vong,hưng_phế"
hương_khói,lửa_hương,SYN,lửa_hương
hương_sen,gương_sen,SYN,gương_sen
hướng_động,tính_hướng,SYN,"hướng_động,tính_hướng"
hữu_thần_luận,thuyết_hữu_thần,SYN,"hữu_thần_luận,thuyết_hữu_thần"
hữu_tỉ,hữu_tỷ,SYN,"hữu_tỉ,hữu_tỷ"
hữu_tỉ,số_hữu_tỉ,SYN,"hữu_tỉ,số_hữu_tỉ"
hữu_tỉ,số_hữu_tỷ,SYN,"hữu_tỉ,số_hữu_tỷ"
hữu_tỷ,số_hữu_tỉ,SYN,"hữu_tỷ,số_hữu_tỉ"
hữu_tỷ,số_hữu_tỷ,SYN,"hữu_tỷ,số_hữu_tỷ"
ì,lì,SYN,ì
ì_oạp,oàm_oạp,SYN,"ì_oạp,oàm_oạp"
í_ới,ơi_ới,SYN,ơi_ới
ị,phị,SYN,"ị,phị"
ị,xị,SYN,ị
IC,mạch_tích_hợp,SYN,IC
ích_kỉ,vị_kỉ,SYN,vị_kỉ
ích_kỷ,vị_kỉ,SYN,vị_kỉ
im_re,im_thít,SYN,im_thít
in_ấn,ấn_loát,SYN,ấn_loát
ình_oàng,ùng_oàng,SYN,"ình_oàng,ùng_oàng"
ít_ỏi,ít_oi,SYN,ít_oi
javel,nước_javel,SYN,"javel,nước_javel"
javel,nước_javen,SYN,"javel,nước_javen"
joule,joule,SYN,"joule,joule"
kè_nhè,lè_nhè,SYN,kè_nhè
ké,kẹ,SYN,kẹ
kẹ,lép,SYN,kẹ
kem_cân,kem_kí,SYN,"kem_cân,kem_kí"
kem_kí,kem_ký,SYN,"kem_kí,kem_ký"
kem_que,kem_cây,SYN,"kem_que,kem_cây"
kèm_nhèm,lèm_nhèm,SYN,"kèm_nhèm,lèm_nhèm"
kèn_bầu,kèn_bóp,SYN,"kèn_bầu,kèn_bóp"
keo_kiệt,keo_kiết,SYN,keo_kiết
keo_xỉn,ki_bo,SYN,keo_xỉn
kèo_nèo,lèo_nhèo,SYN,"kèo_nèo,lèo_nhèo"
kèo_nhèo,nhì_nhèo,SYN,"kèo_nhèo,nhì_nhèo"
kéo_bè_kéo_cánh,kéo_bè_kết_đảng,SYN,"kéo_bè_kéo_cánh,kéo_bè_kết_đảng"
kế,phương_kế,SYN,phương_kế
kệ,kệ_thây,SYN,kệ_thây
kệ,thây_kệ,SYN,thây_kệ
kệ_nệ,khệ_nệ,SYN,kệ_nệ
kệ_nệ,lễ_mễ,SYN,"kệ_nệ,lễ_mễ"
kên_kên,kền_kền,SYN,kên_kên
kềnh,khềnh,SYN,khềnh
kếp,nhiễu,SYN,kếp
khai_mào,khơi_mào,SYN,khai_mào
khai_trường,khai_học,SYN,khai_học
kham_khổ,khem_khổ,SYN,khem_khổ
khảng_khái,khí_khái,SYN,khí_khái
khánh_kiệt,khánh_tận,SYN,khánh_tận
kháu,kháu_khỉnh,SYN,kháu
khắc_kỉ,khắc_kỷ,SYN,"khắc_kỉ,khắc_kỷ"
khặc_khừ,khật_khừ,SYN,"khặc_khừ,khật_khừ"
khẳng_khiu,khẳng_kheo,SYN,khẳng_kheo
khẳng_khiu,ngẳng_nghiu,SYN,ngẳng_nghiu
khắt_khe,khe_khắt,SYN,khe_khắt
khấn,khấn_khứa,SYN,khấn_khứa
khập_khiễng,khập_khễnh,SYN,khập_khễnh
khật_khưỡng,ngật_ngưỡng,SYN,"khật_khưỡng,ngật_ngưỡng"
khẽ_khàng,sẽ_sàng,SYN,sẽ_sàng
khéo,khéo_léo#,SYN,khéo_léo#
khéo_mồm,khéo_miệng,SYN,"khéo_mồm,khéo_miệng"
khéo_mồm,khéo_mồm_khéo_miệng,SYN,"khéo_mồm,khéo_mồm_khéo_miệng"
khệ_nệ,lễ_mễ,SYN,lễ_mễ
khệnh_khạng,kệ_nệ,SYN,kệ_nệ
khệnh_khạng,khụng_khiệng,SYN,khụng_khiệng
khều,kều,SYN,kều
khều,quèo,SYN,quèo
khỉ_đột,khỉ_độc,SYN,khỉ_độc
khỉ_gió,khí_gió,SYN,"khỉ_gió,khí_gió"
khí_huyết,huyết_khí,SYN,huyết_khí
khí_khái,khẳng_khái,SYN,khí_khái
khiêm_nhường,khiêm_nhượng,SYN,khiêm_nhượng
khiếp_đảm,khiếp_đởm,SYN,khiếp_đởm
khiếp_đảm,thất_đảm,SYN,thất_đảm
khiếp_vía,hết_vía,SYN,hết_vía
khiếp_vía,khiếp_vía_kinh_hồn,SYN,khiếp_vía_kinh_hồn
khiếp_vía,mất_vía,SYN,mất_vía
khinh_binh,khinh_quân,SYN,"khinh_binh,khinh_quân"
khinh_khi,khi_dể,SYN,"khinh_khi,khi_dể"
khinh_khi,khinh_rẻ,SYN,khinh_khi
khinh_rẻ,khi_dể,SYN,khi_dể
khinh_rẻ,rẻ_khinh,SYN,rẻ_khinh
khít_khao,khít_khịt,SYN,"khít_khao,khít_khịt"
khít_khao,khít_rịt,SYN,"khít_khao,khít_rịt"
khít_rịt,khít_khịt,SYN,"khít_rịt,khít_khịt"
khó_tính,khó_tính_khó_nết,SYN,khó_tính_khó_nết
khoa,hươ,SYN,hươ
khoa,khuơ,SYN,khuơ
khoá_kéo,phéc_mơ_tuya,SYN,phéc_mơ_tuya
khoá_nòng,qui_lát,SYN,"khoá_nòng,qui_lát"
khoá_nòng,quy_lát,SYN,"khoá_nòng,quy_lát"
khoác_lác,khuếch_khoác,SYN,khuếch_khoác
khoác_lác,phách_lác,SYN,phách_lác
khoác_lác,phét_lác,SYN,phét_lác
khoái_cảm_thẩm_mĩ,khoái_cảm_thẩm_mỹ,SYN,"khoái_cảm_thẩm_mĩ,khoái_cảm_thẩm_mỹ"
khoái_chí,thích_chí,SYN,thích_chí
khoan_dung,khoan_thứ,SYN,khoan_thứ
khoản_đãi,trọng_đãi,SYN,"khoản_đãi,trọng_đãi"
khoảng_âm,quãng,SYN,khoảng_âm
khoáng_đãng,thoáng_đãng,SYN,khoáng_đãng
khoáng_đãng,thoáng_đạt,SYN,khoáng_đãng
khoằm,khoăm,SYN,khoăm
khoằm,khoặm,SYN,khoặm
khoèo,kều,SYN,kều
khoèo,quèo,SYN,quèo
khôn_cùng,vô_ngần,SYN,vô_ngần
khôn_thiêng,linh_thiêng,SYN,khôn_thiêng
khôn_xiết,vô_ngần,SYN,vô_ngần
khốn_một_nỗi,khổ_một_nỗi,SYN,"khốn_một_nỗi,khổ_một_nỗi"
khốn_nỗi,khổ_một_nỗi,SYN,khổ_một_nỗi
khốn_nỗi,khốn_một_nỗi,SYN,khốn_một_nỗi
không_ít_thì_nhiều,không_nhiều_thì_ít,SYN,không_nhiều_thì_ít
không_tài_nào,không_tài_gì,SYN,không_tài_gì
không_trách,thảo_hèn,SYN,thảo_hèn
khống_chỉ,lưu_không,SYN,khống_chỉ
khơi,khươi,SYN,khươi
khởi_xướng,thủ_xướng,SYN,thủ_xướng
khới,gặm,SYN,khới
khớp,khuýp,SYN,khuýp
khua,khuơ,SYN,khuơ
khuất_khúc,khúc_khuỷu,SYN,khuất_khúc
khuây,khuây_khoả,SYN,khuây
khúc_khích,khinh_khích,SYN,khinh_khích
khung,khuông,SYN,khuông
khuỵ,khuỵu,SYN,khuỵ
khuỵ,quị,SYN,"khuỵ,quị"
khuỵ,quỵ,SYN,khuỵ
khuyên_giáo,quyên_giáo,SYN,"khuyên_giáo,quyên_giáo"
khuyên_nhủ,khuyên_lơn,SYN,khuyên_lơn
khuỵu,quị,SYN,quị
khựng,sựng,SYN,sựng
ki_cóp,kí_cóp,SYN,"ki_cóp,kí_cóp"
kì,kì_cọ,SYN,kì_cọ
kì_cùng,kỳ_cùng,SYN,kì_cùng
kì_diệu,thần_tình,SYN,thần_tình
kì_đà,kỳ_đà,SYN,kì_đà
kì_đài,kỳ_đài,SYN,kì_đài
kì_giông,cá_cóc,SYN,"kì_giông,cá_cóc"
kì_giông,kỳ_nhông,SYN,kì_giông
kì_khôi,kỳ_khôi,SYN,"kì_khôi,kỳ_khôi"
kì_lân,kỳ_lân,SYN,kì_lân
kì_nhông,kỳ_nhông,SYN,kì_nhông
kì_phiếu,kỳ_phiếu,SYN,kì_phiếu
kì_tài,kỳ_tài,SYN,kì_tài
kì_tập,kỳ_tập,SYN,"kì_tập,kỳ_tập"
kì_thủ,kỳ_thủ,SYN,kì_thủ
kỉ_cương,kỷ_cương,SYN,kỉ_cương
kỉ_yếu,kỷ_yếu,SYN,kỉ_yếu
kí_âm,ký_âm,SYN,"kí_âm,ký_âm"
kí_âm_pháp,ký_âm_pháp,SYN,"kí_âm_pháp,ký_âm_pháp"
kí_chủ,ký_chủ,SYN,kí_chủ
kí_chủ,vật_chủ,SYN,kí_chủ
kí_gửi,ký_gửi,SYN,kí_gửi
kí_hiệu_học,ký_hiệu_học,SYN,"kí_hiệu_học,ký_hiệu_học"
kí_hoạ,ký_hoạ,SYN,kí_hoạ
kí_quĩ,kí_quỹ,SYN,kí_quĩ
kí_quĩ,ký_quỹ,SYN,kí_quĩ
kí_sự,ký_sự,SYN,kí_sự
kí_tắt,ký_tắt,SYN,kí_tắt
kí_thác,ký_thác,SYN,kí_thác
kị_binh,kị_mã,SYN,"kị_binh,kị_mã"
kị_binh,kỵ_binh,SYN,kị_binh
kị_binh,kỵ_mã,SYN,"kị_binh,kỵ_mã"
kị_binh_bay,kỵ_binh_bay,SYN,"kị_binh_bay,kỵ_binh_bay"
kị_khí,kỵ_thí,SYN,"kị_khí,kỵ_thí"
kị_khí,yếm_khí,SYN,kị_khí
kị_mã,kỵ_binh,SYN,kị_mã
kị_mã,kỵ_mã,SYN,"kị_mã,kỵ_mã"
kị_nước,kỵ_nước,SYN,"kị_nước,kỵ_nước"
kị_rơ,kỵ_rơ,SYN,"kị_rơ,kỵ_rơ"
kiên_tâm,quyết_tâm,SYN,kiên_tâm
kiến_giảng,kiến_tập,SYN,kiến_giảng
kiến_lập,tạo_dựng,SYN,kiến_lập
kiến_lập,tạo_lập,SYN,kiến_lập
kiến_trúc_thượng_tầng,thượng_tầng_kiến_trúc,SYN,"kiến_trúc_thượng_tầng,thượng_tầng_kiến_trúc"
kiếng_mát,kính_mát,SYN,kiếng_mát
kiết_lị,kiết_lỵ,SYN,kiết_lị
kiệt_sức,kiệt_lực,SYN,kiệt_lực
kiều_diễm,diễm_kiều,SYN,diễm_kiều
kim_cổ,cổ_lai,SYN,cổ_lai
kim_đan,que_đan,SYN,"kim_đan,que_đan"
kim_đan,kim_đơn,SYN,"kim_đan,kim_đơn"
kim_đan,linh_đan,SYN,kim_đan
kim_đơn,linh_đan,SYN,kim_đơn
kim_sinh_học,sinh_khoáng_học,SYN,"kim_sinh_học,sinh_khoáng_học"
kinh_hãi,hãi_kinh,SYN,hãi_kinh
kinh_Thánh,Thánh_kinh,SYN,"kinh_Thánh,Thánh_kinh"
kinh_tởm,tởm_lợm,SYN,tởm_lợm
kỳ_diệu,thần_tình,SYN,thần_tình
kỳ_giông,cá_cóc,SYN,"kỳ_giông,cá_cóc"
kỳ_giông,kì_nhông,SYN,"kỳ_giông,kì_nhông"
kỵ_binh,kỵ_mã,SYN,kỵ_mã
kỵ_khí,kị_thí,SYN,kị_thí
la_đà,là_đà,SYN,la_đà
lả_lơi,lơi_lả,SYN,lơi_lả
lả_tả,lở_tở,SYN,lở_tở
lá_cẩm,mảnh_cộng,SYN,"lá_cẩm,mảnh_cộng"
lách_chách,lách_nhách,SYN,"lách_chách,lách_nhách"
lạch_bạch,lạch_đạch,SYN,"lạch_bạch,lạch_đạch"
lải_nhải,lài_nhài,SYN,lài_nhài
lải_nhải,nhai_nhải,SYN,nhai_nhải
lại_mâm,lại_quả,SYN,lại_mâm
làm_bộ,làm_bộ_làm_tịch,SYN,làm_bộ_làm_tịch
làm_bộ,giả_tảng,SYN,giả_tảng
làm_dáng,làm_đỏm,SYN,làm_đỏm
làm_già,làm_tới,SYN,làm_già
làm_mai,mối_manh,SYN,mối_manh
làm_mối,mối_manh,SYN,mối_manh
làm_phản,phản_nghịch,SYN,phản_nghịch
làm_phúc,làm_phước,SYN,làm_phước
LAN,mạng_cục_bộ,SYN,LAN
làn_lạt,nhàn_nhạt,SYN,làn_lạt
lang_bạt,lang_bạt_kì_hồ,SYN,lang_bạt_kì_hồ
lang_sói,sài_lang,SYN,"lang_sói,sài_lang"
lang_sói,sói_lang,SYN,"lang_sói,sói_lang"
làng_nhàng,nhàng_nhàng,SYN,nhàng_nhàng
làng_xóm,thôn_ấp,SYN,thôn_ấp
làng_xóm,xóm_thôn,SYN,xóm_thôn
lãng_phí,phung_phá,SYN,phung_phá
lãng_phí,vung_phí,SYN,vung_phí
láng_máng,mang_máng,SYN,láng_máng
lạng,lạng_ta,SYN,lạng_ta
lanh_chanh,lau_chau,SYN,"lanh_chanh,lau_chau"
lanh_lẹn,nhanh_nhẹn,SYN,lanh_lẹn
lanh_lợi,linh_lợi,SYN,linh_lợi
lành_lặn,lành_lẽ,SYN,lành_lẽ
lảnh_lót,lánh_lót,SYN,lánh_lót
lãnh_hội,lĩnh_hội,SYN,lãnh_hội
lãnh_thổ,cương_vực,SYN,cương_vực
lánh_né,né_tránh,SYN,lánh_né
lánh_né,tránh_né,SYN,lánh_né
lạnh_ngắt,giá_ngắt,SYN,giá_ngắt
lao_động,cần_lao,SYN,cần_lao
lao_nhao,nhao_nhao,SYN,lao_nhao
lào_quào,láo_quáo,SYN,"lào_quào,láo_quáo"
lào_thào,lào_phào,SYN,"lào_thào,lào_phào"
lào_thào,phều_phào,SYN,"lào_thào,phều_phào"
lào_xào,xào_xạc,SYN,lào_xào
lảo_đảo,lểu_đểu,SYN,lểu_đểu
láo,láo_lếu,SYN,láo_lếu
láo,lếu,SYN,lếu
láo,lếu_láo,SYN,lếu_láo
láo_liên,lấc_láo,SYN,"láo_liên,lấc_láo"
lạo_xạo,xào_xạo,SYN,xào_xạo
lát,nhát_[nghĩa_1],SYN,nhát_[nghĩa_1]
lạt_lẽo,nhạt_nhẽo,SYN,lạt_lẽo
lạt_lẽo,nhạt_phèo,SYN,"lạt_lẽo,nhạt_phèo"
lạt_lẽo,nhạt_thếch,SYN,lạt_lẽo
lau_láu,liến_láu,SYN,"lau_láu,liến_láu"
làu,lầu,SYN,làu
làu_bà_làu_bàu,lầu_bà_lầu_bầu,SYN,"làu_bà_làu_bàu,lầu_bà_lầu_bầu"
làu_bà_làu_bàu,làu_nhà_làu_nhàu,SYN,"làu_bà_làu_bàu,làu_nhà_làu_nhàu"
làu_bà_làu_bàu,lầu_nhà_lầu_nhầu,SYN,"làu_bà_làu_bàu,lầu_nhà_lầu_nhầu"
làu_bàu,lảu_bảu,SYN,"làu_bàu,lảu_bảu"
làu_bàu,lạu_bạu,SYN,"làu_bàu,lạu_bạu"
làu_bàu,lầu_bầu,SYN,làu_bàu
làu_bàu,làu_nhàu,SYN,"làu_bàu,làu_nhàu"
làu_bàu,lầu_nhầu,SYN,"làu_bàu,lầu_nhầu"
làu_bàu,lẩu_bẩu,SYN,"làu_bàu,lẩu_bẩu"
làu_nhà_làu_nhàu,lầu_nhà_lầu_nhầu,SYN,"làu_nhà_làu_nhàu,lầu_nhà_lầu_nhầu"
làu_nhà_làu_nhàu,lầu_bà_lầu_bầu,SYN,"làu_nhà_làu_nhàu,lầu_bà_lầu_bầu"
làu_nhàu,lảu_bảu,SYN,"làu_nhàu,lảu_bảu"
làu_nhàu,lạu_bạu,SYN,"làu_nhàu,lạu_bạu"
làu_nhàu,lầu_bầu,SYN,làu_nhàu
làu_nhàu,lầu_nhầu,SYN,"làu_nhàu,lầu_nhầu"
làu_nhàu,lẩu_bẩu,SYN,"làu_nhàu,lẩu_bẩu"
lảu_bảu,lạu_bạu,SYN,"lảu_bảu,lạu_bạu"
lảu_bảu,lầu_bầu,SYN,lảu_bảu
lảu_bảu,lầu_nhầu,SYN,"lảu_bảu,lầu_nhầu"
lảu_bảu,lẩu_bẩu,SYN,"lảu_bảu,lẩu_bẩu"
láu_cá,láu_tôm_láu_cá,SYN,láu_tôm_láu_cá
lạu_bạu,lầu_bầu,SYN,lạu_bạu
lạu_bạu,lầu_nhầu,SYN,"lạu_bạu,lầu_nhầu"
lạu_bạu,lẩu_bẩu,SYN,"lạu_bạu,lẩu_bẩu"
lay_chuyển,chuyển_lay,SYN,chuyển_lay
lay_lắt,lắt_lay,SYN,lắt_lay
lạy_lục,lạy_van,SYN,"lạy_lục,lạy_van"
lạy_lục,van_lạy,SYN,"lạy_lục,van_lạy"
lạy_tạ,bái_tạ,SYN,"lạy_tạ,bái_tạ"
lăm_le,hăm_he,SYN,hăm_he
lăm_le,rắp_ranh,SYN,rắp_ranh
lăm_tăm,lăn_tăn,SYN,lăm_tăm
lắm_mồm,lắm_mồm_lắm_miệng,SYN,lắm_mồm_lắm_miệng
lắm_mồm,mồm_năm_miệng_mười,SYN,mồm_năm_miệng_mười
lăn_đùng,lăn_đùng_ngã_ngửa,SYN,lăn_đùng_ngã_ngửa
lăn_tăn,lăn_phăn,SYN,lăn_phăn
lặn,hụp,SYN,hụp
lăng_trì,tùng_xẻo,SYN,"lăng_trì,tùng_xẻo"
lằng_nhằng,lùng_nhùng,SYN,lùng_nhùng
lằng_nhằng,nhì_nhằng,SYN,nhì_nhằng
lằng_nhằng,lẳng_nhẳng,SYN,lẳng_nhẳng
lằng_nhằng,xì_xằng,SYN,xì_xằng
lẵng_nhẵng,nhằng_nhẵng,SYN,"lẵng_nhẵng,nhằng_nhẵng"
lắng_nghe,lắng_tai,SYN,lắng_tai
lắp_xắp,lấp_xấp,SYN,"lắp_xắp,lấp_xấp"
lắt_lẻo,vắt_vẻo,SYN,lắt_lẻo
lấc_cấc,lấc_xấc,SYN,"lấc_cấc,lấc_xấc"
lấc_cấc,xấc_lấc,SYN,"lấc_cấc,xấc_lấc"
lâm_li,lâm_ly,SYN,"lâm_li,lâm_ly"
lâm_râm,lâm_thâm,SYN,lâm_thâm
lâm_râm,ngâm_ngẩm,SYN,ngâm_ngẩm
lầm_lạc,lỡ_lầm,SYN,lỡ_lầm
lầm_lỡ,lỡ_lầm,SYN,lỡ_lầm
lầm_lỡ,nhầm_nhỡ,SYN,nhầm_nhỡ
lẩm_cẩm,lẫn_cẫn,SYN,lẫn_cẫn
lẩm_nhẩm,nhâm_nhẩm,SYN,nhâm_nhẩm
lấm,lấm_láp,SYN,lấm_láp
lấm_chấm,lấm_tấm,SYN,lấm_chấm
lấm_chấm,lốm_đốm,SYN,lấm_chấm
lấm_lét,len_lét,SYN,len_lét
lần_chần,lần_khần,SYN,"lần_chần,lần_khần"
lần_chần,lưỡng_lự,SYN,lần_chần
lần_chần,ngần_ngừ,SYN,lần_chần
lần_chần,phân_vân,SYN,lần_chần
lần_chần,trù_trừ,SYN,"lần_chần,trù_trừ"
lần_khân,lần_lữa,SYN,lần_khân
lần_khần,lưỡng_lự,SYN,lần_khần
lần_khần,ngần_ngừ,SYN,lần_khần
lần_khần,phân_vân,SYN,lần_khần
lần_khần,trù_trừ,SYN,"lần_khần,trù_trừ"
lần_thần,thẫn_thờ,SYN,lần_thần
lần_thần,thờ_thẫn,SYN,"lần_thần,thờ_thẫn"
lẩn,lỉnh,SYN,lỉnh
lẩn,lỏn,SYN,lỏn
lẩn_lút,lẻn_lút,SYN,"lẩn_lút,lẻn_lút"
lẩn_mẩn,tẩn_mẩn,SYN,"lẩn_mẩn,tẩn_mẩn"
lẩn_quất,quanh_quẩn,SYN,lẩn_quất
lẩn_quất,quẩn_quanh,SYN,lẩn_quất
lẫn_lộn,lộn_lạo,SYN,lộn_lạo
lấn_cấn,cấn_cá,SYN,cấn_cá
lấp_lánh,nhấp_nhánh,SYN,nhấp_nhánh
lấp_láy,lập_loè,SYN,"lấp_láy,lập_loè"
lấp_láy,nhấp_nháy,SYN,lấp_láy
lấp_láy,nhập_nhoè,SYN,"lấp_láy,nhập_nhoè"
lấp_loá,nhấp_nhoá,SYN,"lấp_loá,nhấp_nhoá"
lấp_loáng,nhấp_nhoáng,SYN,"lấp_loáng,nhấp_nhoáng"
lò_dò,lò_mò,SYN,lò_mò
lò_mổ,lò_sát_sinh,SYN,lò_sát_sinh
lọ_lem,nhọ_nhem,SYN,nhọ_nhem
lọ_nghẹ,lọ_nồi,SYN,"lọ_nghẹ,lọ_nồi"
lọ_nồi,nhọ_nồi,SYN,lọ_nồi
loà_nhoà,loè_nhoè,SYN,"loà_nhoà,loè_nhoè"
loà_nhoà,nhập_nhoà,SYN,"loà_nhoà,nhập_nhoà"
loà_xoà,loã_xoã,SYN,"loà_xoà,loã_xoã"
loà_xoà,loè_xoè,SYN,"loà_xoà,loè_xoè"
loã_lồ,trần_truồng,SYN,loã_lồ
loã_xoã,loè_xoè,SYN,"loã_xoã,loè_xoè"
lục_đục,lục_sục,SYN,lục_sục
lục_lạo,lục_lọi,SYN,lục_lạo
lùi_lũi,lùi_lụi,SYN,"lùi_lũi,lùi_lụi"
lủi,lỉnh,SYN,lỉnh
lủi,lỏn,SYN,lỏn
lưu_điện,UPS,SYN,UPS
lưu_huỳnh,diêm_sinh,SYN,diêm_sinh
lập_bập,lặp_bặp,SYN,lặp_bặp
lập_loè,nhấp_nháy,SYN,lập_loè
lập_loè,nhập_nhoè,SYN,"lập_loè,nhập_nhoè"
lập_mưu,lập_kế,SYN,lập_kế
lất_phất,phơ_phất,SYN,phơ_phất
lất_phất,lay_phay,SYN,lay_phay
lật_bật,lẩy_bẩy,SYN,lật_bật
lâu_la,lâu_lắc,SYN,lâu_lắc
lầu_bà_lầu_bầu,lầu_nhà_lầu_nhầu,SYN,"lầu_bà_lầu_bầu,lầu_nhà_lầu_nhầu"
lầu_bầu,lầu_nhầu,SYN,lầu_nhầu
lầu_bầu,lẩu_bẩu,SYN,lẩu_bẩu
lầu_nhầu,lẩu_bẩu,SYN,"lầu_nhầu,lẩu_bẩu"
lây_nhây,lay_nhay,SYN,"lây_nhây,lay_nhay"
lây_nhây,lây_dây,SYN,"lây_nhây,lây_dây"
lầy_lội,lầm_lội,SYN,lầm_lội
lấy_có,lấy_rồi,SYN,lấy_có
LC,thư_tín_dụng,SYN,LC
le_te,te_tái,SYN,"le_te,te_tái"
le_te,xăng_xái,SYN,le_te
lem_lẻm,nhem_nhẻm,SYN,"lem_lẻm,nhem_nhẻm"
lem_luốc,tèm_lem,SYN,tèm_lem
lem_nhem,tèm_lem,SYN,tèm_lem
lẻm,lủm,SYN,"lẻm,lủm"
len_lách,len_lỏi,SYN,len_lách
lẻn,lỉnh,SYN,lỉnh
leng_keng,leng_reng,SYN,leng_reng
lẻng_xẻng,xủng_xẻng,SYN,"lẻng_xẻng,xủng_xẻng"
lẻng_xẻng,xủng_xoảng,SYN,"lẻng_xẻng,xủng_xoảng"
léng_phéng,chàng_màng,SYN,chàng_màng
leo_lét,leo_lắt,SYN,leo_lắt
lèo_lá,lươn_lẹo,SYN,"lèo_lá,lươn_lẹo"
lèo_tèo,leo_heo,SYN,leo_heo
lèo_tèo,leo_teo,SYN,leo_teo
lẻo,thẻo,SYN,thẻo
lẻo_khoẻo,leo_kheo,SYN,"lẻo_khoẻo,leo_kheo"
lẻo_khoẻo,leo_khoeo,SYN,"lẻo_khoẻo,leo_khoeo"
lẻo_khoẻo,lèo_khoèo,SYN,"lẻo_khoẻo,lèo_khoèo"
léo_nhéo,nheo_nhéo,SYN,"léo_nhéo,nheo_nhéo"
lép_kẹp,lép_xẹp,SYN,lép_xẹp
lép_nhép,nhem_nhép,SYN,"lép_nhép,nhem_nhép"
lẹp_kẹp,lẹp_xẹp,SYN,"lẹp_kẹp,lẹp_xẹp"
lề_mề,dềnh_dang,SYN,dềnh_dang
lễ,lỡi,SYN,lỡi
lễ_nghi,lễ_thức,SYN,lễ_thức
lệ,châu_lệ,SYN,châu_lệ
lếch_thếch,lốc_thốc,SYN,lốc_thốc
lên_gân,lên_gân_lên_cốt,SYN,lên_gân_lên_cốt
lênh_khênh,lêu_đêu,SYN,lêu_đêu
lênh_khênh,lêu_nghêu,SYN,lêu_nghêu
lềnh_bềnh,lều_bều,SYN,lều_bều
lềnh_bềnh,lều_phều,SYN,lều_phều
lềnh_phềnh,lều_bều,SYN,lều_bều
lềnh_phềnh,lều_phều,SYN,lều_phều
lệnh,lịnh,SYN,lịnh
lết_bết,lệt_bệt,SYN,"lết_bết,lệt_bệt"
lệt_sệt,sền_sệt,SYN,lệt_sệt
lêu_đêu,lêu_nghêu,SYN,"lêu_đêu,lêu_nghêu"
lêu_lổng,lêu_bêu,SYN,lêu_bêu
lêu_lổng,lêu_têu,SYN,lêu_têu
lêu_nghêu,lều_khều,SYN,"lêu_nghêu,lều_khều"
lêu_nghêu,lều_nghều,SYN,"lêu_nghêu,lều_nghều"
lêu_têu,lêu_bêu,SYN,"lêu_têu,lêu_bêu"
lều_bều,lều_phều,SYN,"lều_bều,lều_phều"
lếu_láo,láo_lếu,SYN,"lếu_láo,láo_lếu"
li_biệt,ly_biệt,SYN,li_biệt
li_biệt,phân_li,SYN,"li_biệt,phân_li"
li_biệt,phân_ly,SYN,li_biệt
li_gián,ly_gián,SYN,"li_gián,ly_gián"
li_tán,ly_tán,SYN,li_tán
li_tâm,ly_tâm,SYN,li_tâm
li_ti,lí_tí,SYN,lí_tí
lí,thiên_lí,SYN,thiên_lí
lí_liệu_pháp,lý_liệu_pháp,SYN,"lí_liệu_pháp,lý_liệu_pháp"
lí_liệu_pháp,vật_lí_trị_liệu,SYN,"lí_liệu_pháp,vật_lí_trị_liệu"
lí_liệu_pháp,vật_lý_trị_liệu,SYN,lí_liệu_pháp
lí_luận,lí_sự,SYN,lí_sự
lí_nhí,nhi_nhí,SYN,nhi_nhí
lí_số,lí_số,SYN,"lí_số,lí_số"
lí_sự,lý_sự,SYN,lí_sự
lí_sự_cùn,lý_sự_cùn,SYN,"lí_sự_cùn,lý_sự_cùn"
lí_thuyết_tập_hợp,lý_thuyết_tập_hợp,SYN,"lí_thuyết_tập_hợp,lý_thuyết_tập_hợp"
lí_thuyết_thông_tin,lý_thuyết_thông_tin,SYN,"lí_thuyết_thông_tin,lý_thuyết_thông_tin"
lí_thuyết_tương_đối,lý_thuyết_tương_đối,SYN,lí_thuyết_tương_đối
lí_thuyết_xác_suất,lý_thuyết_xác_suất,SYN,"lí_thuyết_xác_suất,lý_thuyết_xác_suất"
lí_tính,lý_tính,SYN,lí_tính
lí_tưởng_hoá,lý_tưởng_hoá,SYN,"lí_tưởng_hoá,lý_tưởng_hoá"
lích_chích,lích_rích,SYN,"lích_chích,lích_rích"
lích_kích,lỉnh_kỉnh,SYN,lích_kích
lích_kích,lủng_củng,SYN,lích_kích
lịch_duyệt,lịch_lãm,SYN,lịch_duyệt
liếm,liếm_láp,SYN,liếm_láp
liệm,tẩm_liệm,SYN,tẩm_liệm
liên_kết,kết_liên,SYN,kết_liên
liền_tù_tì,tù_tì,SYN,tù_tì
liến,liến_láu,SYN,"liến,liến_láu"
liến_thoắng,tía_lia,SYN,tía_lia
liểng_xiểng,xiểng_liểng,SYN,xiểng_liểng
liệt_giường,liệt_giường_liệt_chiếu,SYN,liệt_giường_liệt_chiếu
liệu,liệu_chừng,SYN,liệu_chừng
liệu_hồn,giờ_hồn,SYN,"liệu_hồn,giờ_hồn"
liệu_hồn,liệu_cái_thần_hồn,SYN,"liệu_hồn,liệu_cái_thần_hồn"
liệu_hồn,liệu_chừng,SYN,"liệu_hồn,liệu_chừng"
liệu_hồn,liệu_thần_hồn,SYN,"liệu_hồn,liệu_thần_hồn"
linh_cảm,linh_giác,SYN,linh_giác
lỉnh,lỏn,SYN,"lỉnh,lỏn"
lỉnh,nhót,SYN,lỉnh
lính_thuỷ,thuỷ_binh,SYN,"lính_thuỷ,thuỷ_binh"
lính_thuỷ,thuỷ_quân,SYN,lính_thuỷ
líu_díu,líu_ríu,SYN,líu_díu
líu_lo,lăng_líu,SYN,lăng_líu
líu_lo,líu_lô,SYN,líu_lô
líu_quýu,luống_cuống,SYN,líu_quýu
líu_quýu,luýnh_quýnh,SYN,"líu_quýu,luýnh_quýnh"
líu_ríu,líu_nhíu,SYN,líu_nhíu
líu_tíu,tíu_tít,SYN,líu_tíu
lo_liệu,tính_liệu,SYN,tính_liệu
lo_lót,luồn_lót,SYN,luồn_lót
loạc_choạc,chuệnh_choạc,SYN,"loạc_choạc,chuệnh_choạc"
loạn,loàn,SYN,loàn
loạn_lạc,tao_loạn,SYN,tao_loạn
loạn_li,loạn_ly,SYN,"loạn_li,loạn_ly"
loạn_luân,loạn_dâm,SYN,loạn_dâm
loạn_ngôn,lộng_ngôn,SYN,loạn_ngôn
loạn_sắc,mù_màu,SYN,loạn_sắc
loạn_trí,loạn_óc,SYN,"loạn_trí,loạn_óc"
loạn_xạ,loạn_xị,SYN,loạn_xị
loang_loáng,nhoang_nhoáng,SYN,nhoang_nhoáng
loảng_xoảng,xủng_xoảng,SYN,xủng_xoảng
loáng,nhoáng,SYN,nhoáng
loạng_choạng,loạng_quạng,SYN,loạng_quạng
loạt,xê_ri,SYN,xê_ri
loạt_soạt,sột_soạt,SYN,loạt_soạt
loăn_xoăn,loăn_quăn,SYN,"loăn_xoăn,loăn_quăn"
loằng_ngoằng,ngùng_ngoằng,SYN,ngùng_ngoằng
lóc_cóc,lốc_cốc,SYN,lốc_cốc
lóc_ngóc,lóp_ngóp,SYN,lóc_ngóc
lọc_lõi,lõi_đời,SYN,lõi_đời
lọc_xọc,lóc_xóc,SYN,"lọc_xọc,lóc_xóc"
lòi,tòi,SYN,tòi
lòi_xỉ,lộ_xỉ,SYN,"lòi_xỉ,lộ_xỉ"
lom_khom,lòm_khòm,SYN,lòm_khòm
lom_khom,lum_khum,SYN,lum_khum
lõm_bõm,lỗ_mỗ,SYN,"lõm_bõm,lỗ_mỗ"
lọm_cọm,lụm_cụm,SYN,"lọm_cọm,lụm_cụm"
lọm_khọm,lụm_cụm,SYN,"lọm_khọm,lụm_cụm"
lon_ton,lon_xon,SYN,lon_xon
lon_ton,ton_ton,SYN,ton_ton
lòn,luồn,SYN,lòn
lọn,đọn,SYN,đọn
long_lóc,lông_lốc,SYN,"long_lóc,lông_lốc"
lòng_đen,tròng_đen,SYN,lòng_đen
lòng_đỏ,tròng_đỏ,SYN,tròng_đỏ
lòng_trắng,tròng_trắng,SYN,tròng_trắng
lỏng_chỏng,lơ_thơ,SYN,lỏng_chỏng
lỏng_chỏng,lưa_thưa,SYN,lỏng_chỏng
lóng_cóng,lóng_ngóng,SYN,lóng_cóng
lóng_lánh,nhấp_nhánh,SYN,nhấp_nhánh
lóng_nhóng,lóng_ngóng,SYN,lóng_nhóng
lót_dạ,dằn_bụng,SYN,dằn_bụng
lót_dạ,lót_lòng,SYN,lót_lòng
lô_nhô,lô_xô,SYN,lô_xô
lổ_đổ,lốm_đốm,SYN,lổ_đổ
lổ_đổ,lỗ_chỗ,SYN,lổ_đổ
lỗ_đít,hậu_môn,SYN,lỗ_đít
lỗ_lãi,lờ_lãi,SYN,lờ_lãi
lố_bịch,lố_lỉnh,SYN,lố_lỉnh
lốc_lịch,blốc,SYN,lốc_lịch
lồm_cồm,lồm_ngồm,SYN,lồm_ngồm
lộn_bậy,lộn_bậy_lộn_bạ,SYN,"lộn_bậy,lộn_bậy_lộn_bạ"
lộn_nhào,lộn_phèo,SYN,lộn_phèo
lộn_nhèo,lộn_phèo,SYN,"lộn_nhèo,lộn_phèo"
lộn_phèo,lộn_tùng_phèo,SYN,"lộn_phèo,lộn_tùng_phèo"
lộn_tiết,lộn_máu,SYN,"lộn_tiết,lộn_máu"
lộn_tùng_phèo,tùng_phèo,SYN,"lộn_tùng_phèo,tùng_phèo"
lông_bông,bông_lông,SYN,bông_lông
lông_bông,lang_bang,SYN,lang_bang
lông_bông,lăng_băng,SYN,lăng_băng
lông_lốc,trọc_lốc,SYN,"lông_lốc,trọc_lốc"
lông_mi,lông_nheo,SYN,lông_nheo
lông_quặm,lông_cặm,SYN,"lông_quặm,lông_cặm"
lông_tơ,lông_măng,SYN,lông_măng
lổng_chổng,lỏng_chỏng,SYN,"lổng_chổng,lỏng_chỏng"
lốp_bốp,lốp_đốp,SYN,"lốp_bốp,lốp_đốp"
lộp_bộp,lộp_độp,SYN,"lộp_bộp,lộp_độp"
lơ_mơ,tơ_mơ,SYN,tơ_mơ
lơ_thơ,lơ_phơ,SYN,lơ_phơ
lờ_đờ,lờ_ngờ,SYN,lờ_ngờ
lờ_lãi,lời_lỗ,SYN,lờ_lãi
lờ_mờ,lù_mù,SYN,lù_mù
lỡ,lỡ_ra,SYN,lỡ_ra
lỡ,nhỡ_ra,SYN,nhỡ_ra
lỡ_ra,nhỡ,SYN,lỡ_ra
lỡ_ra,nhỡ_ra,SYN,"lỡ_ra,nhỡ_ra"
lỡ_thì,lỡ_thời,SYN,lỡ_thời
lớ_xớ,xớ_rớ,SYN,"lớ_xớ,xớ_rớ"
lời_lãi,lãi_lờ,SYN,lãi_lờ
lời_lãi,lờ_lãi,SYN,lờ_lãi
lời_lẽ,nhời_nhẽ,SYN,nhời_nhẽ
lờm_xờm,lù_xù,SYN,"lờm_xờm,lù_xù"
lờn_bơn,thờn_bơn,SYN,"lờn_bơn,thờn_bơn"
lờn_lợt,nhờn_nhợt,SYN,"lờn_lợt,nhờn_nhợt"
lởn_vởn,lẩn_vẩn,SYN,lẩn_vẩn
lớn_bồng,lớn_bổng,SYN,"lớn_bồng,lớn_bổng"
lớn_bồng,lớn_phổng,SYN,"lớn_bồng,lớn_phổng"
lớn_bổng,lớn_phổng,SYN,"lớn_bổng,lớn_phổng"
lợn_cà,lợn_dái,SYN,"lợn_cà,lợn_dái"
lợn_cà,lợn_hạch,SYN,"lợn_cà,lợn_hạch"
lợn_dái,lợn_hạch,SYN,"lợn_dái,lợn_hạch"
lợn_ỉ,lợn_ỷ,SYN,"lợn_ỉ,lợn_ỷ"
lớp_lang,trình_tự,SYN,lớp_lang
lớp_nhớp,nhớp_nháp,SYN,lớp_nhớp
lớp_nhớp,nhớp_nhúa,SYN,"lớp_nhớp,nhớp_nhúa"
lớt_phớt,phơn_phớt,SYN,"lớt_phớt,phơn_phớt"
lợt,nhợt,SYN,lợt
lợt_lạt,nhợt_nhạt,SYN,lợt_lạt
lù_đù,lù_khù,SYN,"lù_đù,lù_khù"
lù_đù,lù_rù,SYN,"lù_đù,lù_rù"
lù_đù,rù_rờ,SYN,"lù_đù,rù_rờ"
lù_khù,lù_rù,SYN,"lù_khù,lù_rù"
lù_lù,thù_lù,SYN,thù_lù
lù_mù,tù_mù,SYN,lù_mù
lù_rù,rù_rờ,SYN,"lù_rù,rù_rờ"
lú_lẫn,lú_lấp,SYN,lú_lấp
lú_lấp,lấp_lú,SYN,"lú_lấp,lấp_lú"
lúa_ma,lúa_trời,SYN,"lúa_ma,lúa_trời"
lúa_nương,lúa_rẫy,SYN,lúa_rẫy
luân_lí,luân_lý,SYN,luân_lí
luật_sư,trạng_sư,SYN,trạng_sư
lúc_nhúc,nhung_nhúc,SYN,nhung_nhúc
lúi_húi,lụi_hụi,SYN,lụi_hụi
lúi_xùi,lùi_xùi,SYN,"lúi_xùi,lùi_xùi"
lụi,lụn,SYN,lụn
lũn_cũn,lũn_chũn,SYN,"lũn_cũn,lũn_chũn"
lùng_thùng,lụng_thụng,SYN,"lùng_thùng,lụng_thụng"
lùng_thùng,thùng_thình,SYN,lùng_thùng
lúng_búng,lụng_bụng,SYN,"lúng_búng,lụng_bụng"
lụng_thụng,thùng_thình,SYN,lụng_thụng
luôn_thể,luôn_tiện,SYN,luôn_tiện
luồn_cúi,quị_luỵ,SYN,"luồn_cúi,quị_luỵ"
luồn_cúi,quỵ_luỵ,SYN,"luồn_cúi,quỵ_luỵ"
luỗng,ruỗng,SYN,"luỗng,ruỗng"
luống_cuống,luýnh_quýnh,SYN,luýnh_quýnh
lừ_đừ,lừ_thừ,SYN,lừ_thừ
lừ_đừ,lử_đử,SYN,lử_đử
lừ_thừ,lử_thử,SYN,"lừ_thừ,lử_thử"
lử_khử,lừ_khừ,SYN,"lử_khử,lừ_khừ"
lừa_đảo,lường_đảo,SYN,lường_đảo
lừa_gạt,lường_gạt,SYN,lường_gạt
lừa_lọc,lọc_lừa,SYN,lọc_lừa
lừa_phỉnh,lừa_mị,SYN,lừa_mị
lưng_vốn,dấn_vốn,SYN,dấn_vốn
lừng,lựng,SYN,lựng
lừng_chừng,lần_khần,SYN,"lừng_chừng,lần_khần"
lừng_chừng,lừng_khừng,SYN,lừng_chừng
lừng_danh,nức_danh,SYN,nức_danh
lừng_khừng,lần_chần,SYN,lần_chần
lừng_khừng,lần_khần,SYN,lần_khần
lững_lờ,lờ_lững,SYN,lờ_lững
lững_thững,thủng_thỉnh,SYN,thủng_thỉnh
lựng,rựng,SYN,"lựng,rựng"
lược_bí,lược_dày,SYN,"lược_bí,lược_dày"
lương_bổng,lương_hướng,SYN,lương_hướng
lưỡng_lự,trù_trừ,SYN,trù_trừ
lưỡng_thê,lưỡng_cư,SYN,lưỡng_thê
lượng_thứ,miễn_thứ,SYN,"lượng_thứ,miễn_thứ"
lượng_thứ,tha_thứ,SYN,lượng_thứ
lượng_thứ,thứ_lỗi,SYN,lượng_thứ
lướt_thướt,lượt_thượt,SYN,"lướt_thướt,lượt_thượt"
lưu_li,lưu_ly,SYN,lưu_li
lựu,thạch_lựu,SYN,thạch_lựu
ly_biệt,biệt_li,SYN,biệt_li
ly_biệt,chia_li,SYN,chia_li
ly_biệt,phân_li,SYN,phân_li
lý,thiên_lí,SYN,thiên_lí
lý_liệu_pháp,vật_lí_trị_liệu,SYN,"lý_liệu_pháp,vật_lí_trị_liệu"
lý_liệu_pháp,vật_lý_trị_liệu,SYN,lý_liệu_pháp
lý_số,lý_số,SYN,"lý_số,lý_số"
ma_giáo,ma_mị,SYN,ma_giáo
ma_lanh,tinh_ranh,SYN,ma_lanh
ma_quỉ,ma_quỷ,SYN,ma_quỉ
ma_thuật,yêu_thuật,SYN,yêu_thuật
má,u,SYN,u
mạ,u,SYN,u
mai_mối,mối_manh,SYN,mối_manh
mái_hắt,ô_văng,SYN,mái_hắt
man_di,mọi,SYN,man_di
man_rợ,mọi_rợ,SYN,mọi_rợ
man_trá,quỉ_quyệt,SYN,"man_trá,quỉ_quyệt"
man_trá,quỷ_quyệt,SYN,man_trá
man_trá,xảo_quyệt,SYN,man_trá
man_trá,xảo_trá,SYN,man_trá
màn_gió,ri_đô,SYN,"màn_gió,ri_đô"
mãn_kiếp,mãn_đời,SYN,"mãn_kiếp,mãn_đời"
mang_tiếng,mang_tai_mang_tiếng,SYN,mang_tai_mang_tiếng
màng,màng_màng,SYN,màng_màng
màng,tơ_màng,SYN,tơ_màng
màng_lưới,màng_võng,SYN,"màng_lưới,màng_võng"
màng_màng,váng,SYN,màng_màng
mạng_lưới,màng_lưới,SYN,màng_lưới
mạng_nhện,màng_nhện,SYN,màng_nhện
manh_tâm,rắp_tâm,SYN,manh_tâm
mặt_mẹt,mặt_mo,SYN,"mặt_mẹt,mặt_mo"
mỉa_mai,mai_mỉa,SYN,mai_mỉa
mica,đá_vân_mẫu,SYN,đá_vân_mẫu
mạnh_khoẻ,mạnh_giỏi,SYN,mạnh_giỏi
mao_mạch,mao_quản,SYN,mao_quản
mạo_danh,mạo_xưng,SYN,mạo_xưng
mạo_từ,quán_từ,SYN,"mạo_từ,quán_từ"
mát_lòng,mát_dạ,SYN,mát_dạ
mát_lòng,mát_ruột,SYN,mát_ruột
mát_mặt,mát_mày_mát_mặt,SYN,mát_mày_mát_mặt
mát_rợi,mát_rượi,SYN,mát_rợi
mạt_chược,mà_chược,SYN,"mạt_chược,mà_chược"
mạt_cưa,mạt_cưa,SYN,"mạt_cưa,mạt_cưa"
mạt_kiếp,mạt_đời,SYN,"mạt_kiếp,mạt_đời"
mau_mồm,mau_mồm_mau_miệng,SYN,"mau_mồm,mau_mồm_mau_miệng"
màu_mè,mầu_mè,SYN,mầu_mè
mày_mò,mầy_mò,SYN,mầy_mò
máy_quay_đĩa,máy_hát,SYN,máy_quay_đĩa
máy_tính_cá_nhân,PC,SYN,PC
máy_tính_điện_tử,máy_điện_toán,SYN,máy_điện_toán
mắc_mứu,vướng_mắc,SYN,mắc_mứu
mặc,mặc_thây,SYN,mặc_thây
mặc_kệ,kệ_thây,SYN,kệ_thây
mặc_kệ,kệ_xác,SYN,kệ_xác
mặc_kệ,mặc_thây,SYN,mặc_thây
mặc_kệ,mặc_xác,SYN,mặc_xác
mặc_kệ,thây_kệ,SYN,thây_kệ
mặc_sức,mặc_tình,SYN,mặc_tình
mằn_mặn,măn_mẳn,SYN,măn_mẳn
mằn_thắn,mì_thánh,SYN,"mằn_thắn,mì_thánh"
mằn_thắn,vằn_thắn,SYN,"mằn_thắn,vằn_thắn"
măng_tô,bành_tô,SYN,bành_tô
mắng_mỏ,quở_mắng,SYN,quở_mắng
mắng_nhiếc,nhiếc_mắng,SYN,nhiếc_mắng
mắt_hột,trachoma,SYN,"mắt_hột,trachoma"
mặt_dày,mặt_dạn_mày_dày,SYN,"mặt_dày,mặt_dạn_mày_dày"
mặt_dày,mặt_dày_mày_dạn,SYN,"mặt_dày,mặt_dày_mày_dạn"
mặt_mày,mày_mặt,SYN,mày_mặt
mầm,mậm,SYN,mậm
mẫm,mập,SYN,mẫm
mậm,mống,SYN,mậm
mẫn_cảm,nhậy_cảm,SYN,nhậy_cảm
mấp_mô,khấp_khểnh,SYN,khấp_khểnh
mập_ù,mập_ú,SYN,mập_ù
mất_công,mắc_công,SYN,mắc_công
mất_dạy,vô_giáo_dục,SYN,vô_giáo_dục
mẫu,mẫu_ta,SYN,mẫu_ta
mẹ,nạ,SYN,nạ
mẹ,u,SYN,u
méo_xệch,méo_xẹo,SYN,méo_xẹo
mê_hồn,mê_li,SYN,mê_li
mê_li,mê_ly,SYN,mê_li
mế,u,SYN,u
mệ,u,SYN,u
mềm_lũn,mềm_nhũn,SYN,mềm_lũn
mênh_mông,minh_mông,SYN,minh_mông
mênh_mông,mông_mênh,SYN,mông_mênh
mệt_lử,lử_cò_bợ,SYN,lử_cò_bợ
mệt_lử,mệt_lử_cò_bợ,SYN,mệt_lử_cò_bợ
mì_thánh,vằn_thắn,SYN,"mì_thánh,vằn_thắn"
mĩ_cảm,mỹ_cảm,SYN,mĩ_cảm
mĩ_dục,mỹ_dục,SYN,"mĩ_dục,mỹ_dục"
mĩ_học,mỹ_học,SYN,mĩ_học
mĩ_kí,mỹ_kí,SYN,"mĩ_kí,mỹ_kí"
mĩ_lệ,mỹ_lệ,SYN,mĩ_lệ
mĩ_nghệ,mỹ_nghệ,SYN,mĩ_nghệ
mĩ_nhân_kế,mỹ_nhân_kế,SYN,mĩ_nhân_kế
mĩ_thuật_công_nghiệp,mỹ_thuật_công_nghiệp,SYN,mĩ_thuật_công_nghiệp
mĩ_tục,mỹ_tục,SYN,mĩ_tục
mĩ_viện,mỹ_viện,SYN,mĩ_viện
mĩ_viện,thẩm_mĩ_viện,SYN,"mĩ_viện,thẩm_mĩ_viện"
mĩ_viện,thẩm_mỹ_viện,SYN,mĩ_viện
miễn_thứ,tha_thứ,SYN,miễn_thứ
miểng,mẻ,SYN,miểng
miểng,miếng,SYN,miểng
miệng_tiếng,miệng_thế,SYN,"miệng_tiếng,miệng_thế"
miệt_mài,mài_miệt,SYN,mài_miệt
mít_dai,mít_ráo,SYN,"mít_dai,mít_ráo"
mít_mật,mít_ướt,SYN,mít_mật
mịt,mù,SYN,mịt
mỏ_ác,ức,SYN,mỏ_ác
mó_máy,máy_mó,SYN,"mó_máy,máy_mó"
mó_máy,táy_máy,SYN,mó_máy
moi_móc,xói_móc,SYN,xói_móc
mọi,mọi_rợ,SYN,mọi_rợ
mọn,nhỏ_mọn,SYN,mọn
mong,nhóng,SYN,nhóng
mỏng_dính,mỏng_tanh,SYN,mỏng_tanh
mỏng_tang,mỏng_tanh,SYN,mỏng_tanh
morasse,bông,SYN,morasse
mô,ụ,SYN,ụ
mốc,mốc_xì,SYN,mốc_xì
mỗi_tội,phải_cái_tội,SYN,phải_cái_tội
mối_lái,mối_manh,SYN,mối_manh
mối_manh,mối_manh,SYN,"mối_manh,mối_manh"
mông_lung,mung_lung,SYN,mung_lung
mống,mống_cụt,SYN,mống_cụt
một_thể,luôn_tiện,SYN,luôn_tiện
mơ_màng,mơ_mòng,SYN,mơ_mòng
mở_cờ,mở_cờ_trong_bụng,SYN,mở_cờ
mỡ_lá,mỡ_sa,SYN,"mỡ_lá,mỡ_sa"
mới_tinh,mới_coong,SYN,mới_coong
mụ,mụ_mẫm,SYN,mụ_mẫm
múa_mép,múa_mỏ,SYN,"múa_mép,múa_mỏ"
mục,trang_mục,SYN,trang_mục
mùi_gì,mùi_mẽ_gì,SYN,mùi_mẽ_gì
mũi,mũi_đất,SYN,mũi_đất
mũi_đất,mũi_[nghĩa_5],SYN,"mũi_đất,mũi_[nghĩa_5]"
mủm_mỉm,tủm_tỉm,SYN,mủm_mỉm
mùn_cưa,mạt_cưa,SYN,mạt_cưa
muôn_ngàn,muôn_nghìn,SYN,muôn_nghìn
muôn_vàn,muôn_nghìn,SYN,muôn_nghìn
múp_míp,chút_chít,SYN,"múp_míp,chút_chít"
múp_míp,chụt_chịt,SYN,"múp_míp,chụt_chịt"
mừng_quýnh,mừng_cuống,SYN,"mừng_quýnh,mừng_cuống"
mừng_rơn,mừng_húm,SYN,"mừng_rơn,mừng_húm"
mường_tượng,mường_tưởng,SYN,mường_tưởng
mướp,bướp,SYN,bướp
mướp,tướp,SYN,tướp
mướt,tướt,SYN,tướt
mướt,tướt_bơ,SYN,tướt_bơ
mưu_chước,mưu_kế,SYN,mưu_chước
mưu_chước,mưu_mẹo,SYN,mưu_chước
mỹ_viện,thẩm_mĩ_viện,SYN,thẩm_mĩ_viện
na_mô,nam_mô,SYN,"na_mô,nam_mô"
na_mô,nam_vô,SYN,"na_mô,nam_vô"
nài_ép,ép_nài,SYN,"nài_ép,ép_nài"
nài_nỉ,nằn_nì,SYN,nằn_nì
nài_nỉ,vật_nài,SYN,vật_nài
nài_xin,van_nài,SYN,nài_xin
nài_xin,van_xin,SYN,nài_xin
nam_mô,nam_vô,SYN,"nam_mô,nam_vô"
nam_sài_hồ,sài_hồ,SYN,nam_sài_hồ
nản_chí,sờn_lòng,SYN,sờn_lòng
nản_chí,thoái_chí,SYN,thoái_chí
nản_chí,thối_chí,SYN,thối_chí
nản_lòng,sờn_lòng,SYN,sờn_lòng
nản_lòng,thoái_chí,SYN,thoái_chí
nản_lòng,thối_chí,SYN,thối_chí
nạn,nàn,SYN,nàn
nanh_ác,nanh_nọc,SYN,nanh_ác
nạnh,suy_bì,SYN,"nạnh,suy_bì"
nạnh,tị,SYN,nạnh
nạnh,tị_nạnh,SYN,nạnh
nao_núng,sờn_lòng,SYN,sờn_lòng
nao_núng,thoái_chí,SYN,thoái_chí
nao_núng,thối_chí,SYN,thối_chí
não_nề,não_nùng,SYN,não_nùng
não_nề,não_nuột,SYN,não_nuột
não_nùng,não_nuột,SYN,"não_nùng,não_nuột"
náo_nức,nao_nức,SYN,nao_nức
nát_nước,nát_óc,SYN,nát_nước
náu,nấp,SYN,náu
náu,núp,SYN,náu
náu,trốn,SYN,náu
nạy,nậy,SYN,nậy
nặc,nồng_nặc,SYN,nặc
nặc,sặc_sụa,SYN,nặc
năn_nỉ,nằn_nì,SYN,nằn_nì
nặng_tai,nghễnh_ngãng,SYN,"nặng_tai,nghễnh_ngãng"
nấm_mỡ,nấm_sò,SYN,nấm_mỡ
nẫn,lẳn,SYN,nẫn
nẫn,nây,SYN,"nẫn,nây"
nấp_bóng,núp_bóng,SYN,nấp_bóng
nẫu_ruột,nẫu_ruột_nẫu_gan,SYN,"nẫu_ruột,nẫu_ruột_nẫu_gan"
nẫu_ruột,nẫu_ruột_nhầu_gan,SYN,"nẫu_ruột,nẫu_ruột_nhầu_gan"
nấu_nướng,thổi_nấu,SYN,thổi_nấu
né,nánh,SYN,nánh
nhà_chứa,thanh_lâu,SYN,thanh_lâu
nhà_giam,ngục_thất,SYN,ngục_thất
nhà_hát,hí_trường,SYN,hí_trường
nhà_hát,hí_viện,SYN,hí_viện
nhà_nông,nông_gia,SYN,nông_gia
nhiếc,diếc,SYN,"nhiếc,diếc"
nhiếc_móc,rỉa_rói,SYN,rỉa_rói
nhiễm_sắc_thể,thể_nhiễm_sắc,SYN,thể_nhiễm_sắc
nhút_nhát,rút_rát,SYN,rút_rát
nhuỵ,nhị_cái,SYN,nhị_cái
nhuyễn,nhiễn,SYN,nhiễn
nem_nép,len_lét,SYN,"nem_nép,len_lét"
nem_rế,chả_giò_rế,SYN,"nem_rế,chả_giò_rế"
neo,neo_bấn,SYN,neo_bấn
neo_đơn,neo_người,SYN,neo_người
nể_nang,nể_nả,SYN,nể_nả
nể_trọng,trọng_nể,SYN,trọng_nể
nến_đánh_lửa,buji,SYN,"nến_đánh_lửa,buji"
ngả_nghiêng,sờn_lòng,SYN,sờn_lòng
ngả_nghiêng,thoái_chí,SYN,thoái_chí
ngả_nghiêng,thối_chí,SYN,thối_chí
ngạch_bậc,ngạch_trật,SYN,ngạch_trật
ngàn_ngạt,ngồn_ngột,SYN,"ngàn_ngạt,ngồn_ngột"
ngàn_thu,nghìn_thu,SYN,"ngàn_thu,nghìn_thu"
ngàn_trùng,nghìn_trùng,SYN,ngàn_trùng
ngàn_xưa,nghìn_xưa,SYN,nghìn_xưa
ngang_ngược,ngạo_ngược,SYN,ngạo_ngược
ngang_ngược,ngược_ngạo,SYN,ngược_ngạo
ngang_ngược,tai_ngược,SYN,tai_ngược
ngảnh,ngoảnh,SYN,ngảnh
ngào_ngạt,ngạt_ngào,SYN,ngạt_ngào
ngáo,ngoáo,SYN,"ngáo,ngoáo"
ngáo_ộp,ngoáo_ộp,SYN,ngoáo_ộp
ngạo_ngược,tai_ngược,SYN,"ngạo_ngược,tai_ngược"
ngát,ngạt_ngào,SYN,ngạt_ngào
ngày_tiết,tiết,SYN,ngày_tiết
ngắc_ngứ,ấp_úng,SYN,ngắc_ngứ
ngắm_nghía,nhắm_nhía,SYN,nhắm_nhía
ngằn_ngặt,cằn_cặt,SYN,cằn_cặt
ngắn_tun_hủn,tun_hủn,SYN,"ngắn_tun_hủn,tun_hủn"
ngắt,ngứt,SYN,ngứt
ngặt_nghẽo,ngặt_nghẹo,SYN,ngặt_nghẹo
ngấc,ngẩng,SYN,ngấc
ngấc,ngửng,SYN,"ngấc,ngửng"
ngâm,ngâm_tôm,SYN,ngâm_tôm
ngâm_vịnh,ngâm_ngợi,SYN,"ngâm_vịnh,ngâm_ngợi"
ngần_ngừ,trù_trừ,SYN,trù_trừ
ngẩn,ớ,SYN,ớ
ngẩng,ngửng,SYN,ngửng
ngất,chết_giả,SYN,chết_giả
ngất,chết_giấc,SYN,chết_giấc
ngất_ngư,ngất_ngưởng,SYN,ngất_ngư
ngất_ngưởng,ngất_nghểu,SYN,ngất_nghểu
ngấu_nghiến,nghiến_ngấu,SYN,nghiến_ngấu
ngấu_nghiến,ngốn_ngấu,SYN,ngốn_ngấu
ngậu,ngậu_xị,SYN,"ngậu,ngậu_xị"
nghe_lỏm,nghe_lóm,SYN,nghe_lóm
nghèo_xác_xơ,nghèo_xác,SYN,"nghèo_xác_xơ,nghèo_xác"
nghèo_xác_xơ,nghèo_xác_nghèo_xơ,SYN,"nghèo_xác_xơ,nghèo_xác_nghèo_xơ"
nghèo_xác_xơ,nghèo_xơ_nghèo_xác,SYN,"nghèo_xác_xơ,nghèo_xơ_nghèo_xác"
nghẻo,ngoẻo,SYN,"nghẻo,ngoẻo"
nghẻo,ngỏm,SYN,"nghẻo,ngỏm"
nghẻo,ngủm,SYN,"nghẻo,ngủm"
nghẻo,tịch,SYN,nghẻo
nghẻo,toi,SYN,nghẻo
nghẹo,ngoẹo,SYN,"nghẹo,ngoẹo"
nghếch,vếch,SYN,"nghếch,vếch"
nghệch,nghệt,SYN,"nghệch,nghệt"
nghển,nghểnh,SYN,"nghển,nghểnh"
nghi_ngút,ngun_ngút,SYN,ngun_ngút
nghi_thức,nghi_tiết,SYN,nghi_tiết
nghi_trượng,nghi_vệ,SYN,"nghi_trượng,nghi_vệ"
nghĩa_địa,tha_ma,SYN,tha_ma
nghĩa_lí,nghĩa_lý_Or_nghĩa_lí,SYN,"nghĩa_lí,nghĩa_lý_Or_nghĩa_lí"
nghĩa_lý,nghĩa_lý_Or_nghĩa_lí,SYN,nghĩa_lý_Or_nghĩa_lí
nghĩa_quân,nghĩa_binh,SYN,nghĩa_binh
nghiêm_ngặt,nghiêm_nhặt,SYN,nghiêm_nhặt
nghiêng_ngó,nghiêng_nghé,SYN,"nghiêng_ngó,nghiêng_nghé"
nghiêng_ngó,ngó_nghiêng,SYN,nghiêng_ngó
nghiêng_ngửa,ngửa_nghiêng,SYN,"nghiêng_ngửa,ngửa_nghiêng"
ngo_ngoe,ngọ_nguậy,SYN,ngo_ngoe
ngó_ngoáy,ngọ_ngoạy,SYN,"ngó_ngoáy,ngọ_ngoạy"
ngó_ngoáy,ngọ_nguậy,SYN,ngó_ngoáy
ngọ_ngoạy,ngọ_nguậy,SYN,ngọ_ngoạy
ngoác,hệch,SYN,hệch
ngoác,hoác,SYN,hoác
ngoác,ngoạc,SYN,ngoạc
ngoái,đoái,SYN,đoái
ngoại_tỉ,ngoại_tỷ,SYN,"ngoại_tỉ,ngoại_tỷ"
ngoại_tình,bắt_bồ,SYN,bắt_bồ
ngoay_ngoảy,nguây_nguẩy,SYN,"ngoay_ngoảy,nguây_nguẩy"
ngoay_ngoảy,ngúng_nguẩy,SYN,ngoay_ngoảy
ngoay_ngoảy,quầy_quậy,SYN,ngoay_ngoảy
ngoặc_tay,ngoéo_tay,SYN,"ngoặc_tay,ngoéo_tay"
ngoằn_ngoèo,ngòng_ngoèo,SYN,ngòng_ngoèo
ngoằn_ngoèo,ngoắt_ngoéo,SYN,ngoắt_ngoéo
ngoằn_ngoèo,oằn_èo,SYN,oằn_èo
ngoằn_ngoèo,vằn_vèo,SYN,vằn_vèo
ngoắt_ngoéo,lắt_léo,SYN,ngoắt_ngoéo
ngoắt_ngoéo,ngòng_ngoèo,SYN,"ngoắt_ngoéo,ngòng_ngoèo"
ngóc,ngỏng,SYN,ngỏng
ngọc_ngà,ngà_ngọc,SYN,ngà_ngọc
ngoe_ngoảy,ngoe_nguẩy,SYN,"ngoe_ngoảy,ngoe_nguẩy"
ngoe_ngoảy,ve_vẩy,SYN,"ngoe_ngoảy,ve_vẩy"
ngoe_nguẩy,ve_vẩy,SYN,"ngoe_nguẩy,ve_vẩy"
ngoẻo,ngỏm,SYN,"ngoẻo,ngỏm"
ngoẻo,ngủm,SYN,"ngoẻo,ngủm"
ngoẻo,tịch,SYN,ngoẻo
ngoẻo,toi,SYN,ngoẻo
ngoi,nhoi,SYN,nhoi
ngói_mấu,ngói_móc,SYN,"ngói_mấu,ngói_móc"
ngỏm,ngủm,SYN,"ngỏm,ngủm"
ngỏm,tịch,SYN,ngỏm
ngỏm,toi,SYN,ngỏm
ngóm,ngỏm,SYN,"ngóm,ngỏm"
ngon_ăn,ngon_xơi,SYN,ngon_xơi
ngọn_ngành,ngành_ngọn,SYN,ngành_ngọn
ngọn_nguồn,ngành_ngọn,SYN,ngành_ngọn
ngỏng,ngẩng,SYN,ngỏng
ngóng,nhóng,SYN,nhóng
ngọt_lừ,ngọt_lự,SYN,"ngọt_lừ,ngọt_lự"
ngồi_bệt,ngồi_phệt,SYN,ngồi_phệt
ngồi_bó_gối,ngồi_bó_giò,SYN,ngồi_bó_giò
ngồi_chồm_hổm,ngồi_chồm_hỗm,SYN,"ngồi_chồm_hổm,ngồi_chồm_hỗm"
ngồi_không,ngồi_dưng,SYN,ngồi_dưng
ngồi_thiền,toạ_thiền,SYN,toạ_thiền
ngồi_xếp_bằng,ngồi_xếp_bằng_tròn,SYN,"ngồi_xếp_bằng,ngồi_xếp_bằng_tròn"
ngồi_xổm,ngồi_chồm_hổm,SYN,ngồi_chồm_hổm
ngồi_xổm,ngồi_chồm_hỗm,SYN,ngồi_chồm_hỗm
ngôn_ngữ_lập_trình,ngôn_ngữ_máy,SYN,ngôn_ngữ_máy
ngôn_ngữ_văn_hoá,ngôn_ngữ_văn_học,SYN,"ngôn_ngữ_văn_hoá,ngôn_ngữ_văn_học"
ngốn,tọng,SYN,tọng
ngốn,xực,SYN,xực
ngốn_ngấu,nghiến_ngấu,SYN,"ngốn_ngấu,nghiến_ngấu"
ngồng,nhồng,SYN,"ngồng,nhồng"
ngốt,ngớp,SYN,"ngốt,ngớp"
ngơ_ngác,ngờ_ngạc,SYN,ngờ_ngạc
ngớ,ớ,SYN,ớ
ngời_ngời,ngời_ngợi,SYN,ngời_ngợi
ngu_đần,ngu_độn,SYN,"ngu_đần,ngu_độn"
ngu_muội,ngu_tối,SYN,"ngu_muội,ngu_tối"
ngu_ngơ,nghô_nghê,SYN,nghô_nghê
ngủ_nghê,ngủ_ngáy,SYN,ngủ_nghê
nguây_nguẩy,ngúng_nguẩy,SYN,nguây_nguẩy
nguây_nguẩy,quầy_quậy,SYN,nguây_nguẩy
nguệch_ngoạc,nguếch_ngoác,SYN,nguếch_ngoác
nguệch_ngoạc,quệch_quạc,SYN,quệch_quạc
ngủm,tịch,SYN,ngủm
ngủm,toi,SYN,ngủm
ngụm,hụm,SYN,hụm
ngụm,tợp,SYN,tợp
ngùn_ngụt,ngun_ngút,SYN,ngun_ngút
ngủng_nghỉnh,khủng_khỉnh,SYN,"ngủng_nghỉnh,khủng_khỉnh"
ngủng_nghỉnh,ngủng_ngẳng,SYN,"ngủng_nghỉnh,ngủng_ngẳng"
nguôi,khuây,SYN,khuây
nguội_ngắt,nguội_tanh,SYN,"nguội_ngắt,nguội_tanh"
nguội_ngắt,nguội_tanh_nguội_ngắt,SYN,"nguội_ngắt,nguội_tanh_nguội_ngắt"
nguồn_cơn,ngành_ngọn,SYN,ngành_ngọn
ngút_ngàn,ngút_ngát,SYN,ngút_ngát
nguỵ_trang,nghi_trang,SYN,nghi_trang
nguyên_do,căn_do,SYN,căn_do
nguyên_do,duyên_do,SYN,duyên_do
nguyên_lành,nguyên_vẹn,SYN,nguyên_lành
nguyên_tố,nguyên_tố_hoá_học,SYN,nguyên_tố_hoá_học
ngữ_cảnh,văn_cảnh,SYN,văn_cảnh
ngữ_hệ,ngữ_tộc,SYN,"ngữ_hệ,ngữ_tộc"
ngứa_gan,ngứa_tiết,SYN,"ngứa_gan,ngứa_tiết"
ngứa_miệng,ngứa_mồm,SYN,"ngứa_miệng,ngứa_mồm"
ngước,ngấc,SYN,ngấc
ngượng_mặt,ê_mặt,SYN,ngượng_mặt
ngượng_mặt,sạn_mặt,SYN,"ngượng_mặt,sạn_mặt"
ngượng_mặt,sượng_mặt,SYN,"ngượng_mặt,sượng_mặt"
ngứt,rứt,SYN,ngứt
ngứt,vặt,SYN,ngứt
nhà_trẻ,vườn_trẻ,SYN,vườn_trẻ
nhà_tù,ngục_thất,SYN,ngục_thất
nhà_xí,nhà_cầu,SYN,"nhà_xí,nhà_cầu"
nhà_xí,nhà_tiêu,SYN,nhà_xí
nhạc_lí,nhạc_lý,SYN,nhạc_lí
nhãi,nhãi_con,SYN,"nhãi,nhãi_con"
nhãi,nhãi_nhép,SYN,"nhãi,nhãi_nhép"
nhãi,nhãi_ranh,SYN,"nhãi,nhãi_ranh"
nhãi,ranh,SYN,nhãi
nhãi_con,nhãi_ranh,SYN,"nhãi_con,nhãi_ranh"
nhãi_con,oắt_con,SYN,"nhãi_con,oắt_con"
nhãi_con,trẻ_ranh,SYN,"nhãi_con,trẻ_ranh"
nhãi_nhép,nhãi_ranh,SYN,"nhãi_nhép,nhãi_ranh"
nhãi_nhép,trẻ_ranh,SYN,"nhãi_nhép,trẻ_ranh"
nhãi_ranh,nhóc_con,SYN,nhãi_ranh
nhãi_ranh,trẻ_ranh,SYN,"nhãi_ranh,trẻ_ranh"
nham_hiểm,hiểm_sâu,SYN,hiểm_sâu
nham_hiểm,thâm_hiểm,SYN,thâm_hiểm
nham_nhở,lôm_nhôm,SYN,lôm_nhôm
nham_nhở,nhôm_nhoam,SYN,nhôm_nhoam
nham_nhở,nhơm_nhở,SYN,nhơm_nhở
nhảm,nhăng,SYN,nhăng
nhãn_lực,nhỡn_lực,SYN,"nhãn_lực,nhỡn_lực"
nhãn_quan,nhãn_lực,SYN,nhãn_lực
nhãn_quan,nhãn_quang,SYN,nhãn_quang
nhãn_tiền,nhỡn_tiền,SYN,nhỡn_tiền
nháng,nhoáng,SYN,"nháng,nhoáng"
nhanh_nhảu_đoảng,nhanh_nhẩu_đoảng,SYN,"nhanh_nhảu_đoảng,nhanh_nhẩu_đoảng"
nhão_nhoét,nhão_nhoẹt,SYN,nhão_nhoẹt
nháo,nháo_nhào,SYN,nháo
nháo_nhác,táo_tác,SYN,táo_tác
nháo_nhác,xáo_xác,SYN,xáo_xác
nhát_gan,non_gan,SYN,non_gan
nhạt,lợt,SYN,lợt
nhạt_nhẽo,nhạt_phèo,SYN,nhạt_phèo
nhạt_phèo,nhạt_thếch,SYN,nhạt_phèo
nhạt_thếch,nhạt_hoét,SYN,nhạt_hoét
nhàu,nhầu,SYN,nhầu
nhàu_nát,nhầu_nát,SYN,nhầu_nát
nhày_nhụa,nhầy_nhụa,SYN,nhày_nhụa
nhảy_bổ,nhẩy_xổ,SYN,nhẩy_xổ
nhảy_bổ,nhẩy_bổ,SYN,nhẩy_bổ
nhảy_cà_tưng,nhảy_cà_tửng,SYN,"nhảy_cà_tưng,nhảy_cà_tửng"
nhảy_cà_tưng,nhảy_cẫng,SYN,nhảy_cà_tưng
nhảy_cà_tưng,nhảy_cỡn,SYN,"nhảy_cà_tưng,nhảy_cỡn"
nhảy_cà_tửng,nhảy_cẫng,SYN,nhảy_cà_tửng
nhảy_cà_tửng,nhảy_cỡn,SYN,"nhảy_cà_tửng,nhảy_cỡn"
nhảy_cà_tửng,nhẩy_cẫng,SYN,"nhảy_cà_tửng,nhẩy_cẫng"
nhảy_cao,nhẩy_cao,SYN,nhẩy_cao
nhảy_cẫng,nhảy_cỡn,SYN,nhảy_cỡn
nhảy_cẫng,nhẩy_cẫng,SYN,nhẩy_cẫng
nhảy_cầu,nhẩy_cầu,SYN,nhẩy_cầu
nhảy_cóc,nhẩy_cóc,SYN,nhẩy_cóc
nhảy_cỡn,nhẩy_cẫng,SYN,"nhảy_cỡn,nhẩy_cẫng"
nhảy_dây,nhẩy_dây,SYN,nhẩy_dây
nhảy_dựng,nhẩy_dựng,SYN,"nhảy_dựng,nhẩy_dựng"
nhảy_múa,nhẩy_múa,SYN,nhẩy_múa
nhảy_nhót,nhẩy_nhót,SYN,nhẩy_nhót
nhảy_ổ,nhẩy_ổ,SYN,"nhảy_ổ,nhẩy_ổ"
nhảy_sào,nhẩy_sào,SYN,nhẩy_sào
nhảy_vọt,nhẩy_vọt,SYN,nhẩy_vọt
nhảy_xa,nhẩy_xa,SYN,nhẩy_xa
nhảy_xổ,nhảy_bổ,SYN,nhảy_xổ
nháy_đúp,nháy_kép,SYN,"nháy_đúp,nháy_kép"
nhạy_bén,nhậy_bén,SYN,nhậy_bén
nhạy_cảm,nhậy_cảm,SYN,nhậy_cảm
nhắc,nhắc_nhỏm,SYN,nhắc_nhỏm
nhắm_mắt,nhắm_mắt_nhắm_mũi,SYN,nhắm_mắt_nhắm_mũi
nhặm,rặm,SYN,"nhặm,rặm"
nhăn_nheo,răn_reo,SYN,răn_reo
nhẵn_lì,nhẵn_thín,SYN,"nhẵn_lì,nhẵn_thín"
nhắn,nhắn_nhe,SYN,nhắn_nhe
nhăng,nhăng_nhít,SYN,nhăng
nhăng,nhằng,SYN,"nhăng,nhằng"
nhằng,lằng_nhằng,SYN,nhằng
nhắng,nhắng_nhít,SYN,nhắng_nhít
nhặng,ruồi_lằng,SYN,ruồi_lằng
nhặng,ruồi_xanh,SYN,ruồi_xanh
nhặng,nhặng_xị,SYN,nhặng_xị
nhặng_xị,nhặng_bộ,SYN,"nhặng_xị,nhặng_bộ"
nhấm_nháp,nhắm_nháp,SYN,nhắm_nháp
nhân_gian,dương_gian,SYN,dương_gian
nhân_nghĩa,nhân_ngãi,SYN,nhân_ngãi
nhân_ngôn,thạch_tín,SYN,nhân_ngôn
nhân_tài,nhân_kiệt,SYN,nhân_kiệt
nhân_tài,tuấn_kiệt,SYN,tuấn_kiệt
nhần_nhận,nhân_nhẩn,SYN,"nhần_nhận,nhân_nhẩn"
nhẩn_nha,xa_xẩn,SYN,xa_xẩn
nhâng_nháo,lâng_láo,SYN,"nhâng_nháo,lâng_láo"
nhâng_nháo,trâng_tráo,SYN,"nhâng_nháo,trâng_tráo"
nhấp_nhánh,óng_ánh,SYN,nhấp_nhánh
nhấp_nháy,nhập_nhoè,SYN,nhập_nhoè
nhấp_nhổm,nhấp_nhỏm,SYN,nhấp_nhỏm
nhập_ngũ,tòng_ngũ,SYN,tòng_ngũ
nhập_nhèm,lù_mù,SYN,lù_mù
nhập_nhoà,loè_nhoè,SYN,"nhập_nhoà,loè_nhoè"
nhất_loạt,nhất_tề,SYN,nhất_tề
nhất_nguyên_luận,thuyết_nhất_nguyên,SYN,"nhất_nguyên_luận,thuyết_nhất_nguyên"
nhất_thần_luận,thuyết_nhất_thần,SYN,"nhất_thần_luận,thuyết_nhất_thần"
nhây_nhớt,nhây_nhớp,SYN,"nhây_nhớt,nhây_nhớp"
nhẩy_bổ,nhẩy_xổ,SYN,"nhẩy_bổ,nhẩy_xổ"
nhẩy_cẫng,nhảy_cà_tưng,SYN,"nhẩy_cẫng,nhảy_cà_tưng"
nhẹ_bỗng,nhẹ_bẫng,SYN,nhẹ_bỗng
nhẹ_bỗng,nhẹ_hẫng,SYN,"nhẹ_bỗng,nhẹ_hẫng"
nhẹ_bỗng,nhẹ_tênh,SYN,nhẹ_bỗng
nhẹ_bỗng,nhẹ_thênh,SYN,"nhẹ_bỗng,nhẹ_thênh"
nhẹ_tênh,nhẹ_thênh,SYN,nhẹ_thênh
nhem_nhuốc,tèm_lem,SYN,tèm_lem
nhen_nhóm,nhen_nhúm,SYN,nhen_nhúm
nhếch,nhách,SYN,nhách
nhện,dện,SYN,dện
nhếu_nháo,nhệu_nhạo,SYN,"nhếu_nháo,nhệu_nhạo"
nhì_nhằng,nhùng_nhằng,SYN,nhì_nhằng
nhì_nhằng,xì_xằng,SYN,"nhì_nhằng,xì_xằng"
nhị,nhị_đực,SYN,nhị_đực
nhị_nguyên_luận,thuyết_nhị_nguyên,SYN,"nhị_nguyên_luận,thuyết_nhị_nguyên"
nhiệt_độ_Celsius,thang_nhiệt_độ_Celsius,SYN,"nhiệt_độ_Celsius,thang_nhiệt_độ_Celsius"
nhiệt_độ_Fahrenheit,thang_nhiệt_độ_Fahrenheit,SYN,"nhiệt_độ_Fahrenheit,thang_nhiệt_độ_Fahrenheit"
nhiệt_kế,nhiệt_biểu,SYN,nhiệt_biểu
nhím,dím,SYN,dím
nhịp_điệu,tiết_điệu,SYN,tiết_điệu
nho_giáo,đạo_nho,SYN,đạo_nho
nho_nhoe,ti_toe,SYN,"nho_nhoe,ti_toe"
nhỏ_dại,bé_dại,SYN,bé_dại
nhọ_mặt_người,chạng_vạng,SYN,nhọ_mặt_người
nhọ_mặt_người,nhá_nhem,SYN,nhọ_mặt_người
nhọ_mặt_người,nhập_nhoạng,SYN,nhọ_mặt_người
nhọ_mặt_người,tranh_tối_tranh_sáng,SYN,nhọ_mặt_người
nhoài,toài,SYN,toài
nhoáng,thoáng,SYN,nhoáng
nhóc,oắt_con,SYN,oắt_con
nhoe_nhoét,loe_loét,SYN,"nhoe_nhoét,loe_loét"
nhoe_nhoét,toe_toét,SYN,nhoe_nhoét
nhoét,nhoẹt,SYN,"nhoét,nhoẹt"
nhói,lói,SYN,lói
nhón,rón,SYN,rón
nhong_nhong,long_nhong,SYN,"nhong_nhong,long_nhong"
nhóng,trông,SYN,nhóng
nhồm_nhoàm,ngồm_ngoàm,SYN,"nhồm_nhoàm,ngồm_ngoàm"
nhộn_nhịp,nờm_nợp,SYN,nờm_nợp
nhộn_nhịp,rộn_rịch,SYN,rộn_rịch
nhông,lông_nhông,SYN,lông_nhông
nhơ_bẩn,nhơ_nhớp,SYN,nhơ_bẩn
nhơ_bẩn,nhơ_nhuốc,SYN,nhơ_bẩn
nhỡ,2],SYN,2]
nhỡ,nhỡ_ra,SYN,nhỡ_ra
nhớ_tiếc,nuối_tiếc,SYN,nhớ_tiếc
nhớ_tiếc,tiếc_nuối,SYN,nhớ_tiếc
nhởi,nhởn,SYN,"nhởi,nhởn"
nhởn_nhơ,nhởn_nha,SYN,nhởn_nha
nhớn_nhác,sớn_sác,SYN,"nhớn_nhác,sớn_sác"
nhớp_nháp,nhớp_nhúa,SYN,nhớp_nhúa
nhuần_nhị,nhuần_nhuỵ,SYN,"nhuần_nhị,nhuần_nhuỵ"
nhun_nhũn,nhùn_nhũn,SYN,"nhun_nhũn,nhùn_nhũn"
nhũn_nhặn,nhún_nhường,SYN,nhũn_nhặn
nhún,rún,SYN,rún
nhún,nhún_mình,SYN,nhún_mình
nhún_mình,nhún_nhường,SYN,nhún_mình
nhún_nhảy,nhún_nhẩy,SYN,nhún_nhẩy
nhún_nhảy,rún_rẩy,SYN,rún_rẩy
nhún_nhẩy,rún_rẩy,SYN,"nhún_nhẩy,rún_rẩy"
nhừ_đòn,nhừ_tử,SYN,nhừ_đòn
nhức,rức,SYN,rức
nhức_nhối,nhức_nhói,SYN,nhức_nhói
nhưng_nhức,rưng_rức,SYN,nhưng_nhức
nhướn,nhướng,SYN,"nhướn,nhướng"
nhường_nhịn,nhịn_nhường,SYN,nhịn_nhường
nhượng_địa,tô_giới,SYN,"nhượng_địa,tô_giới"
ni_cô,sư_ni,SYN,sư_ni
niềng_niễng,niễng,SYN,"niềng_niễng,niễng"
niết_bàn,nát_bàn,SYN,nát_bàn
nịt_vú,xu_chiêng,SYN,"nịt_vú,xu_chiêng"
nitrogen,azot,SYN,azot
nỏ_mồm,nỏ_miệng,SYN,"nỏ_mồm,nỏ_miệng"
nó,y,SYN,y
nói_bóng_gió,nói_bóng,SYN,nói_bóng
nói_bóng_gió,nói_gần_nói_xa,SYN,nói_gần_nói_xa
nói_bóng_gió,nói_xa_nói_gần,SYN,nói_xa_nói_gần
nói_cạnh,nói_cạnh_nói_khoé,SYN,"nói_cạnh,nói_cạnh_nói_khoé"
nói_cạnh,nói_kháy,SYN,"nói_cạnh,nói_kháy"
nói_cạnh,nói_khía_nói_cạnh,SYN,"nói_cạnh,nói_khía_nói_cạnh"
nói_kháy,nói_cạnh_nói_khoé,SYN,"nói_kháy,nói_cạnh_nói_khoé"
nói_kháy,nói_khía_nói_cạnh,SYN,"nói_kháy,nói_khía_nói_cạnh"
nói_kháy,nói_móc,SYN,"nói_kháy,nói_móc"
nói_khoác,khoác_lác,SYN,nói_khoác
nói_khoác,nói_phét,SYN,"nói_khoác,nói_phét"
nói_khoác,phét_lác,SYN,"nói_khoác,phét_lác"
nói_móc,móc_máy,SYN,"nói_móc,móc_máy"
nói_ngang,nói_ngang_cành_bứa,SYN,"nói_ngang,nói_ngang_cành_bứa"
nói_ngọt,nói_ngon_nói_ngọt,SYN,nói_ngon_nói_ngọt
nói_nhỏ,bảo_nhỏ,SYN,bảo_nhỏ
nói_phách,nói_phét,SYN,"nói_phách,nói_phét"
nói_phách,phét_lác,SYN,"nói_phách,phét_lác"
nói_phét,khoác_lác,SYN,nói_phét
nói_phét,phét_lác,SYN,"nói_phét,phét_lác"
nói_quanh,nói_quanh_nói_quẩn,SYN,"nói_quanh,nói_quanh_nói_quẩn"
nói_quanh,quanh_co,SYN,nói_quanh
nói_thầm,thầm_thì,SYN,nói_thầm
nói_thầm,thì_thầm,SYN,nói_thầm
nói_toạc,nói_toạc_móng_heo,SYN,"nói_toạc,nói_toạc_móng_heo"
nói_toạc,nói_toẹt,SYN,"nói_toạc,nói_toẹt"
nói_toẹt,nói_toạc_móng_heo,SYN,"nói_toẹt,nói_toạc_móng_heo"
nói_trộm_vía,trộm_vía,SYN,nói_trộm_vía
nói_trống_không,nói_trống,SYN,nói_trống
nói_tướng,nói_thánh_nói_tướng,SYN,"nói_tướng,nói_thánh_nói_tướng"
nói_tướng,nói_thánh_tướng,SYN,"nói_tướng,nói_thánh_tướng"
nom_dòm,trông_chừng,SYN,nom_dòm
nom_dòm,xem_chừng,SYN,nom_dòm
nõn_nà,nõn_nường,SYN,nõn_nường
nón_ba_tầm,nón_quai_thao,SYN,nón_ba_tầm
nong,nống,SYN,nống
nòng_cốt,nòng_cột,SYN,nòng_cột
nóng_nảy,nóng_nẩy,SYN,nóng_nẩy
nóng_nẩy,nóng_tính,SYN,nóng_nẩy
nô_đùa,nô_giỡn,SYN,nô_giỡn
nô_nức,nao_nức,SYN,nao_nức
nốc,núc,SYN,núc
nồi_áp_suất,nồi_hầm,SYN,nồi_hầm
nồi_hơi,nồi_supde,SYN,nồi_supde
nồi_hơi,supde,SYN,supde
nồi_supde,supde,SYN,"nồi_supde,supde"
nổi_danh,nức_danh,SYN,nức_danh
nước_javel,nước_javen,SYN,"nước_javel,nước_javen"
nước_lọc,nước_chín,SYN,nước_chín
nước_lợ,nước_chè_hai,SYN,nước_chè_hai
nổi_khùng,nổi_sùng,SYN,nổi_sùng
nổi_tam_bành,nổi_trận_lôi_đình,SYN,"nổi_tam_bành,nổi_trận_lôi_đình"
nổi_tiếng,nức_danh,SYN,nức_danh
nông_choèn,nông_choẹt,SYN,"nông_choèn,nông_choẹt"
nồng_nỗng,tồng_ngồng,SYN,"nồng_nỗng,tồng_ngồng"
nơm_nớp,ngơm_ngớp,SYN,ngơm_ngớp
nơm_nớp,thom_thóp,SYN,thom_thóp
nờm_nợp,nườm_nượp,SYN,nờm_nợp
nờm_nợp,rộn_rịch,SYN,"nờm_nợp,rộn_rịch"
nờm_nợp,tấp_nập,SYN,nờm_nợp
nục,rục,SYN,nục
núm,nuốm,SYN,nuốm
nung_đúc,un_đúc,SYN,"nung_đúc,un_đúc"
nung_nấu,nấu_nung,SYN,nấu_nung
nuông,cưng_chiều,SYN,nuông
nuông,nuông_chiều,SYN,nuông
nuốt_chửng,nuốt_trộng,SYN,nuốt_trộng
nuốt_sống,nuốt_tươi,SYN,nuốt_tươi
nức,sực_nức,SYN,sực_nức
nức_tiếng,nức_danh,SYN,nức_danh
nước,nác,SYN,nác
nước_non,nước_mẹ,SYN,nước_mẹ
nước_phép,nước_thánh,SYN,nước_phép
nước_tiểu,nước_đái,SYN,nước_đái
nước_tiểu,nước_giải,SYN,nước_giải
nước_xuýt,nước_xáo,SYN,"nước_xuýt,nước_xáo"
nườm_nượp,rộn_rịch,SYN,rộn_rịch
nương_nhờ,nương_cậy,SYN,nương_cậy
nương_tựa,nương_cậy,SYN,nương_cậy
nương_tựa,tựa_nương,SYN,tựa_nương
NXB,Nxb,SYN,"NXB,Nxb"
oai_phong,uy_phong,SYN,uy_phong
oan_khổ,oan_khốc,SYN,"oan_khổ,oan_khốc"
oan_ức,oan_khiên,SYN,oan_khiên
oán,hiềm_oán,SYN,hiềm_oán
oán_hận,oán_hờn,SYN,oán_hờn
oán_hờn,căm_hờn,SYN,oán_hờn
oang_oang,oang_oác,SYN,oang_oác
oằn,oặt,SYN,oặt
oằn_oại,quằn_quại,SYN,oằn_oại
oắt_con,nhóc_con,SYN,oắt_con
oắt_con,oắt,SYN,"oắt_con,oắt"
oe_oe,oa_oa,SYN,"oe_oe,oa_oa"
ohm,om,SYN,ohm
om,rùm,SYN,rùm
om_sòm,um_sùm,SYN,um_sùm
ong_bắp_cày,ong_bầu,SYN,"ong_bắp_cày,ong_bầu"
ong_bò_vẽ,ong_vẽ,SYN,"ong_bò_vẽ,ong_vẽ"
ong_bò_vẽ,ong_vò_vẽ,SYN,ong_bò_vẽ
ong_nghệ,ong_vàng,SYN,ong_nghệ
ong_vẽ,ong_vò_vẽ,SYN,ong_vẽ
õng_ẹo,thưỡn_thẹo,SYN,thưỡn_thẹo
õng_ẹo,ưỡn_ẹo,SYN,ưỡn_ẹo
ô,dù,SYN,ô
ô,ô_dù,SYN,ô
ô_hay,ơ_hay,SYN,"ô_hay,ơ_hay"
ô_kìa,ơ_kìa,SYN,"ô_kìa,ơ_kìa"
ô_tô_buýt,xe_buýt,SYN,ô_tô_buýt
ô_tô_du_lịch,ô_tô_hòm,SYN,ô_tô_hòm
ô_trọc,ô_uế,SYN,ô_trọc
ổ,tổ,SYN,ổ
ổ,băng,SYN,ổ
ổ,nhóm,SYN,ổ
ổ_bi,vòng_bi,SYN,"ổ_bi,vòng_bi"
ố,hoen_ố,SYN,ố
ốc_lồi,ốc_nhồi,SYN,"ốc_lồi,ốc_nhồi"
ộc,ọc,SYN,ộc
ôi_dào,ối_dào,SYN,ối_dào
ôi_dào,úi_dà,SYN,úi_dà
ôi_dào,úi_dào,SYN,úi_dào
ôm_ấp,ấp_ôm,SYN,ấp_ôm
ôm_ấp,ủ_ấp,SYN,ủ_ấp
ôn_con,ôn_vật,SYN,"ôn_con,ôn_vật"
ông_công,thổ_thần,SYN,thổ_thần
ông_địa,thổ_thần,SYN,thổ_thần
ống_bô,ống_xả,SYN,ống_bô
ống_chân,ống_quyển,SYN,ống_quyển
ống_dòm,ống_nhòm,SYN,ống_dòm
ống_nghiệm,ống_thử,SYN,ống_thử
ống_nhổ,ống_phóng,SYN,ống_nhổ
ộp_oạp,ồm_ộp,SYN,"ộp_oạp,ồm_ộp"
ơ,ô,SYN,"ơ,ô"
ở_cữ,nằm_bếp,SYN,nằm_bếp
ở_cữ,nằm_ổ,SYN,nằm_ổ
ở_đợ,ở_mướn,SYN,ở_mướn
ở_truồng,ở_lổ,SYN,"ở_truồng,ở_lổ"
ỡm_ờ,ẫm_ờ,SYN,ẫm_ờ
ớt_chỉ_thiên,ớt_hiểm,SYN,ớt_chỉ_thiên
pha_chế,phối_chế,SYN,phối_chế
phá_bĩnh,phá_ngang,SYN,phá_ngang
phá_bĩnh,phá_thối,SYN,phá_thối
phá_đám,phá_ngang,SYN,phá_ngang
phá_đám,phá_thối,SYN,phá_thối
phá_hoang,khai_hoang,SYN,phá_hoang
phá_hoang,vỡ_hoang,SYN,"phá_hoang,vỡ_hoang"
phá_ngang,phá_thối,SYN,"phá_ngang,phá_thối"
phá_quấy,quấy_nhiễu,SYN,phá_quấy
phá_quấy,quấy_phá,SYN,phá_quấy
phá_quấy,quậy_phá,SYN,phá_quấy
phai_lạt,phai_nhạt,SYN,phai_lạt
phải_cái_tội,phải_tội,SYN,phải_cái_tội
phân_ly,biệt_li,SYN,biệt_li
phân_ly,phân_li,SYN,phân_li
phân_phất,phất_phơ,SYN,phân_phất
phân_phất,phơ_phất,SYN,"phân_phất,phơ_phất"
phục_phịch,ục_ịch,SYN,phục_phịch
phục_tùng,phục_tòng,SYN,phục_tòng
phún_thạch,phún_nham,SYN,"phún_thạch,phún_nham"
phung_phí,phao_phí,SYN,phao_phí
phung_phí,phung_phá,SYN,phung_phá
phung_phí,vung_phí,SYN,vung_phí
phúng,phúng_điếu,SYN,"phúng,phúng_điếu"
phúng,phúng_viếng,SYN,phúng
phúng_phính,phính,SYN,"phúng_phính,phính"
phúng_viếng,điếu_phúng,SYN,điếu_phúng
phúng_viếng,phúng_điếu,SYN,phúng_điếu
phụng_hoàng,phượng_hoàng,SYN,phụng_hoàng
phụng_phịu,phịu,SYN,phịu
phụt,phọt,SYN,phọt
phàm_tục,trần_tục,SYN,phàm_tục
phạm_qui,phạm_quy,SYN,phạm_qui
phản_bội,bội_phản,SYN,bội_phản
phản_đề,nghịch_đề,SYN,"phản_đề,nghịch_đề"
phản_phúc,phản_trắc,SYN,"phản_phúc,phản_trắc"
phang,phạng,SYN,phạng
phao,phao_đồn,SYN,phao_đồn
pháo_cối,pháo_đùng,SYN,pháo_đùng
pháp_qui,pháp_quy,SYN,pháp_qui
phạt_vạ,ngả_vạ,SYN,"phạt_vạ,ngả_vạ"
phảy,phẩy,SYN,phảy
phăm_phăm,xăm_xăm,SYN,xăm_xăm
phắn,phới,SYN,"phắn,phới"
phắn,tếch,SYN,phắn
phắn,xéo,SYN,phắn
phăng,phứt,SYN,phứt
phăng,trớt,SYN,trớt
phẳng_lặng,bằng_lặng,SYN,bằng_lặng
phắt,phứt,SYN,phứt
phắt,trớt,SYN,trớt
phân_bì,so_bì,SYN,phân_bì
phân_bì,suy_bì,SYN,"phân_bì,suy_bì"
phân_bì,tị_nạnh,SYN,phân_bì
phân_bua,phân_vua,SYN,phân_vua
phân_hoá_học,phân_vô_cơ,SYN,phân_vô_cơ
phân_kì,phân_kỳ,SYN,phân_kì
phân_li,chia_li,SYN,"phân_li,chia_li"
phân_vân,trù_trừ,SYN,trù_trừ
phần_phật,lật_phật,SYN,lật_phật
phẫn_khích,phẫn_kích,SYN,"phẫn_khích,phẫn_kích"
phấn_son,phấn_sáp,SYN,phấn_sáp
phấp_phới,phất_phới,SYN,phất_phới
phất_phơ,phơ_phất,SYN,phơ_phất
phèng_la,thanh_la,SYN,phèng_la
phét,dóc,SYN,dóc
phệ,phị,SYN,phị
phết,phiết,SYN,phiết
phết,phệt,SYN,phệt
phều_phào,lào_phào,SYN,"phều_phào,lào_phào"
phều_phào,thều_thào,SYN,phều_phào
phi_phàm,siêu_phàm,SYN,phi_phàm
phì,phị,SYN,phị
phì_phà,phì_phèo,SYN,phì_phà
phỉ_báng,bỉ_báng,SYN,bỉ_báng
phí_phạm,vung_phí,SYN,vung_phí
phí_tổn,tổn_phí,SYN,tổn_phí
phị,xị,SYN,phị
phịch,thịch,SYN,thịch
phiếm_thần_luận,thuyết_phiếm_thần,SYN,"phiếm_thần_luận,thuyết_phiếm_thần"
phiên_bản,bản_dạng,SYN,bản_dạng
phiền_hà,quấy_quả,SYN,quấy_quả
phiền_nhiễu,quấy_quả,SYN,quấy_quả
phiêu_bạt,xiêu_bạt,SYN,xiêu_bạt
phiêu_bạt,xiêu_dạt,SYN,xiêu_dạt
phiêu_diêu,phiêu_dao,SYN,phiêu_dao
phỉnh,phỉnh_nịnh,SYN,phỉnh_nịnh
phỉnh,phỉnh_phờ,SYN,phỉnh_phờ
phỉnh_nịnh,phỉnh_phờ,SYN,"phỉnh_nịnh,phỉnh_phờ"
phỉnh_nịnh,xu_mị,SYN,"phỉnh_nịnh,xu_mị"
phỉnh_nịnh,xu_nịnh,SYN,phỉnh_nịnh
phịu,xị,SYN,phịu
phó_nháy,phó_nhòm,SYN,phó_nhòm
phó_từ,phụ_từ,SYN,phó_từ
phóc,phót,SYN,"phóc,phót"
phóc,phốc,SYN,"phóc,phốc"
phòi,thòi,SYN,phòi
phong,phung,SYN,phung
phong_bì,bao_thơ,SYN,bao_thơ
phong_quang,thanh_quang,SYN,thanh_quang
phong_toả,phong_bế,SYN,phong_bế
phòng_thân,hộ_thân,SYN,hộ_thân
phỏng,phỏng_chừng,SYN,phỏng_chừng
phỏng_chừng,áng_chừng,SYN,phỏng_chừng
phỏng_chừng,ước_chừng,SYN,phỏng_chừng
phọt,vọt,SYN,phọt
phô_bày,phô_bầy,SYN,phô_bầy
phổ_hệ,phả_hệ,SYN,phổ_hệ
phố_phường,phường_phố,SYN,phường_phố
phốc,phót,SYN,"phốc,phót"
phôi_pha,pha_phôi,SYN,pha_phôi
phổng_mũi,phỉnh_mũi,SYN,"phổng_mũi,phỉnh_mũi"
phơi_phới,phất_phới,SYN,phất_phới
phơi_phới,phơ_phới,SYN,phơ_phới
phới,tếch,SYN,phới
phởn,phởn_phơ,SYN,phởn
phởn,phớn_phở,SYN,"phởn,phớn_phở"
phởn_phơ,phớn_phở,SYN,phớn_phở
phớt_lờ,phớt_tỉnh,SYN,phớt_tỉnh
phu,cu_li,SYN,cu_li
phù_hộ,phù_trì,SYN,phù_trì
phú_quí,phú_quý,SYN,phú_quí
phụ_giảng,trợ_giảng,SYN,phụ_giảng
phúc_thẩm,phúc_án,SYN,phúc_án
phương_ngữ,phương_ngôn,SYN,phương_ngôn
phượng_tây,phượng_vĩ,SYN,phượng_tây
phứt,quách,SYN,phứt
phứt,trớt,SYN,"phứt,trớt"
platine,bạch_kim,SYN,platine
qua_đời,mệnh_chung,SYN,mệnh_chung
qua_loa,qua_quít,SYN,qua_quít
qua_quít,qua_quýt,SYN,qua_quít
qua_quít,sơ_sài,SYN,qua_quít
quả_báo,nghiệp_báo,SYN,nghiệp_báo
quả_phụ,sương_phụ,SYN,sương_phụ
quả_quyết,cả_quyết,SYN,cả_quyết
quá_cố,quá_vãng,SYN,quá_vãng
quạc,ngoác,SYN,quạc
quạc,ngoạc,SYN,"quạc,ngoạc"
quách,trớt,SYN,trớt
quái,quái_quỉ,SYN,quái_quỉ
quái,quỉ_quái,SYN,quỉ_quái
quái_ác,quỉ_quái,SYN,quỉ_quái
quái_ác,tai_ác,SYN,tai_ác
quái_quỉ,quái_quỷ,SYN,quái_quỉ
quái_quỉ,quỉ_quái,SYN,"quái_quỉ,quỉ_quái"
quái_quỉ,quỷ_quái,SYN,quái_quỉ
quan,quan_tiền,SYN,quan_tiền
quan_tiền,quan_tiền,SYN,"quan_tiền,quan_tiền"
quan_trọng,quan_yếu,SYN,quan_yếu
quang,quang_quẻ,SYN,quang_quẻ
quang_dầu,dầu_quang,SYN,"quang_dầu,dầu_quang"
quang_đãng,quang_quẻ,SYN,quang_quẻ
quang_quác,quàng_quạc,SYN,"quang_quác,quàng_quạc"
quàng,quáng_quàng,SYN,quáng_quàng
quanh,quành,SYN,quành
quanh_co,quanh_quéo,SYN,quanh_quéo
quốc_kì,quốc_kỳ,SYN,quốc_kì
ráo,ráo_trọi,SYN,ráo_trọi
rạo_rực,rộn_rực,SYN,rộn_rực
rau_dền,rau_giền,SYN,rau_giền
rau_ráu,gau_gáu,SYN,"rau_ráu,gau_gáu"
rau_ráu,ngau_ngáu,SYN,"rau_ráu,ngau_ngáu"
rộc,rộc_rạc,SYN,rộc_rạc
rồi_đây,một_mai,SYN,một_mai
sặc_máu,sặc_gạch,SYN,"sặc_máu,sặc_gạch"
sặc_máu,sặc_tiết,SYN,"sặc_máu,sặc_tiết"
săm_sắn,xăm_xắn,SYN,"săm_sắn,xăm_xắn"
săm_soi,săm_se,SYN,săm_se
sắm_nắm,xắm_nắm,SYN,"sắm_nắm,xắm_nắm"
sinh_tử,tử_sinh,SYN,tử_sinh
sính_lễ,sính_nghi,SYN,sính_nghi
quạnh,quạnh_hiu,SYN,"quạnh,quạnh_hiu"
quạnh,quạnh_quẽ,SYN,quạnh
quạnh,quạnh_vắng,SYN,"quạnh,quạnh_vắng"
quạnh_quẽ,quạnh_vắng,SYN,quạnh_vắng
quạnh_vắng,quạnh_hiu,SYN,"quạnh_vắng,quạnh_hiu"
quát,quát_lác,SYN,quát_lác
quát_lác,quát_tháo,SYN,quát_lác
quạt_hòm,quạt_lúa,SYN,"quạt_hòm,quạt_lúa"
quày_quả,quầy_quả,SYN,"quày_quả,quầy_quả"
quăn,quăn_queo,SYN,quăn_queo
quắt,quắt_queo,SYN,quắt_queo
quắt,queo_quắt,SYN,queo_quắt
quắt_queo,queo_quắt,SYN,"quắt_queo,queo_quắt"
quân_kì,quân_kỳ,SYN,quân_kì
quân_lính,lính_tráng,SYN,lính_tráng
quân_nhu,binh_nhu,SYN,binh_nhu
quân_phục,binh_phục,SYN,binh_phục
quần_cư,quần_tụ,SYN,quần_cư
quần_đông_xuân,quần_nịt,SYN,"quần_đông_xuân,quần_nịt"
quần_đùi,quần_cụt,SYN,quần_cụt
quần_đùi,quần_xà_lỏn,SYN,quần_xà_lỏn
quần_quật,vần_vật,SYN,vần_vật
quấn_quít,vấn_vít,SYN,vấn_vít
quấn_quít,xoắn_xuýt,SYN,xoắn_xuýt
quấn_quýt,xoắn_xuýt,SYN,xoắn_xuýt
quấn_quýt,vấn_vít,SYN,vấn_vít
quẩng_mỡ,dửng_mỡ,SYN,"quẩng_mỡ,dửng_mỡ"
quẩng_mỡ,đú_mỡ,SYN,"quẩng_mỡ,đú_mỡ"
quẩng_mỡ,rửng_mỡ,SYN,"quẩng_mỡ,rửng_mỡ"
quấy_quả,quấy_rầy,SYN,quấy_quả
quấy_rối,khuấy_rối,SYN,khuấy_rối
queo,cong_queo,SYN,queo
quẹo,ngoẹo,SYN,ngoẹo
quét_quáy,quét_tước,SYN,"quét_quáy,quét_tước"
quê_kệch,quê_mùa,SYN,quê_kệch
quên_béng,quên_lửng,SYN,quên_lửng
quên_béng,quên_khuấy,SYN,quên_khuấy
quên_khuấy,quên_lửng,SYN,"quên_khuấy,quên_lửng"
quềnh_quàng,quều_quào,SYN,"quềnh_quàng,quều_quào"
quết,phiết,SYN,phiết
qui_bản,quy_bản,SYN,"qui_bản,quy_bản"
qui_cách,quy_cách,SYN,qui_cách
qui_chụp,quy_chụp,SYN,qui_chụp
qui_củ,quy_củ,SYN,qui_củ
qui_đồng_mẫu_số,quy_đồng_mẫu_số,SYN,"qui_đồng_mẫu_số,quy_đồng_mẫu_số"
qui_hoạch_đô_thị,quy_hoạch_đô_thị,SYN,qui_hoạch_đô_thị
qui_hoạch_vùng,quy_hoạch_vùng,SYN,qui_hoạch_vùng
qui_kết,qui_kết_Or_quy_kết,SYN,"qui_kết,qui_kết_Or_quy_kết"
qui_lát,quy_lát,SYN,"qui_lát,quy_lát"
qui_nạp,quy_nạp,SYN,"qui_nạp,quy_nạp"
qui_phạm,quy_phạm,SYN,qui_phạm
qui_phạm_pháp_luật,quy_phạm_pháp_luật,SYN,qui_phạm_pháp_luật
qui_phục,quy_phục,SYN,qui_phục
qui_tắc_tam_suất,quy_tắc_tam_suất,SYN,"qui_tắc_tam_suất,quy_tắc_tam_suất"
qui_tập,quy_tập,SYN,qui_tập
qui_thuận,qui_thuận_Or_quy_thuận,SYN,"qui_thuận,qui_thuận_Or_quy_thuận"
qui_ước,quy_ước,SYN,qui_ước
qui_y,quy_y,SYN,qui_y
quỉ_kế,quỷ_kế,SYN,"quỉ_kế,quỷ_kế"
quỉ_quái,quái_quỷ,SYN,quỉ_quái
quỉ_quái,tai_ác,SYN,"quỉ_quái,tai_ác"
quỉ_quái,tai_quái,SYN,quỉ_quái
quỉ_quyệt,quỷ_quyệt,SYN,quỉ_quyệt
quỉ_quyệt,xảo_quyệt,SYN,quỉ_quyệt
quỉ_quyệt,xảo_trá,SYN,quỉ_quyệt
quỉ_sứ,quỷ_sứ,SYN,quỉ_sứ
quỉ_thần,quỷ_thần,SYN,"quỉ_thần,quỷ_thần"
quĩ_đen,quỹ_đen,SYN,quĩ_đen
quĩ_tích,quỹ_tích,SYN,"quĩ_tích,quỹ_tích"
quĩ_tiết_kiệm,quỹ_tiết_kiệm,SYN,quĩ_tiết_kiệm
quĩ_tín_dụng,quỹ_tín_dụng,SYN,quĩ_tín_dụng
quí_danh,quý_danh,SYN,"quí_danh,quý_danh"
quí_hoá,quý_hoá,SYN,"quí_hoá,quý_hoá"
quí_hồ,quý_hồ,SYN,quí_hồ
quí_nhân,quý_nhân,SYN,quí_nhân
quí_phái,quý_phái,SYN,quí_phái
quí_trọng,quý_trọng,SYN,quí_trọng
quí_tử,quý_tử,SYN,quí_tử
quí_tướng,quý_tướng,SYN,"quí_tướng,quý_tướng"
quị,quỵ,SYN,quị
quị_luỵ,quỵ_luỵ,SYN,"quị_luỵ,quỵ_luỵ"
quịt,quỵt,SYN,quịt
quở,quở_quang,SYN,quở_quang
quở_trách,quở_mắng,SYN,quở_mắng
quy_kết,qui_kết_Or_quy_kết,SYN,qui_kết_Or_quy_kết
quy_thuận,qui_thuận_Or_quy_thuận,SYN,"quy_thuận,qui_thuận_Or_quy_thuận"
quỷ_quái,tai_ác,SYN,tai_ác
quý_nhân,quí_nhâ,SYN,quí_nhâ
quyền_Anh,box,SYN,quyền_Anh
quyền_hành,quyền_bính,SYN,quyền_bính
quyền_lợi,lợi_quyền,SYN,lợi_quyền
quyết_định_luận,hữu_định_luận,SYN,"quyết_định_luận,hữu_định_luận"
quýnh,quýnh_quáng,SYN,quýnh_quáng
ra_bộ,ra_cái_điều,SYN,ra_cái_điều
ra_bộ,ra_cái_vẻ,SYN,ra_cái_vẻ
ra_cái_vẻ,ra_cái_điều,SYN,"ra_cái_vẻ,ra_cái_điều"
ra_cái_vẻ,ra_chiều,SYN,ra_cái_vẻ
ra_cái_vẻ,ra_điều,SYN,ra_cái_vẻ
ra_cái_vẻ,ra_vẻ,SYN,ra_cái_vẻ
ra_chiều,ra_cái_điều,SYN,ra_cái_điều
ra_công,ra_sức,SYN,ra_công
ra_điều,ra_cái_điều,SYN,ra_cái_điều
ra_trò,ra_tuồng,SYN,ra_tuồng
ra_vẻ,ra_cái_điều,SYN,ra_cái_điều
rả_rích,rinh_rích,SYN,rinh_rích
rã_rời,rời_rã,SYN,rời_rã
rã_rượi,rũ_rợi,SYN,"rã_rượi,rũ_rợi"
rã_rượi,rũ_rượi,SYN,rã_rượi
rác,rác_rến,SYN,rác_rến
rác_rưởi,rác_rến,SYN,rác_rến
rạc,rộc_rạc,SYN,rộc_rạc
rách_bươm,rách_mướp,SYN,"rách_bươm,rách_mướp"
rách_bươm,rách_tươm,SYN,"rách_bươm,rách_tươm"
rách_mướp,rách_tươm,SYN,"rách_mướp,rách_tươm"
rạch_ròi,rẽ_ròi,SYN,rẽ_ròi
ram_ráp,nham_nháp,SYN,"ram_ráp,nham_nháp"
ran,rân,SYN,rân
rạn_nứt,nứt_rạn,SYN,nứt_rạn
ràng_ràng,rành_rành,SYN,ràng_ràng
ràng_ràng,sờ_sờ,SYN,ràng_ràng
rạng,rựng,SYN,rựng
rạng_rỡ,rỡ_ràng,SYN,rỡ_ràng
ranh,nhãi_nhép,SYN,nhãi_nhép
ranh,nhãi_ranh,SYN,nhãi_ranh
ranh,ma_lanh,SYN,ma_lanh
ranh,tinh_ma,SYN,tinh_ma
ranh_mãnh,ma_lanh,SYN,ma_lanh
ranh_mãnh,tinh_ma,SYN,tinh_ma
rào_rạo,lạo_xạo,SYN,rào_rạo
rảy,rẩy,SYN,"rảy,rẩy"
răn_dạy,răn_bảo,SYN,răn_bảo
rằn_ri,rằn_rện,SYN,rằn_rện
rắn_cấc,rắn_câng,SYN,"rắn_cấc,rắn_câng"
rắn_mặt,rắn_đầu_rắn_mặt,SYN,rắn_đầu_rắn_mặt
rắn_mặt,rắn_mày_rắn_mặt,SYN,rắn_mày_rắn_mặt
răng_hàm,răng_cấm,SYN,răng_cấm
râm_bụt,bông_bụt,SYN,"râm_bụt,bông_bụt"
rầm,rùm,SYN,rùm
rậm,rậm_rì,SYN,rậm_rì
rậm_rạp,rậm_rì,SYN,rậm_rì
rập_rình,rập_ràng,SYN,rập_ràng
rẽ,trẽ,SYN,trẽ
rèn_luyện,đoàn_luyện,SYN,đoàn_luyện
rén,nhón_nhén,SYN,nhón_nhén
rệ,vệ,SYN,rệ
rếch_rác,bẩn_thỉu,SYN,rếch_rác
rên_rẩm,rên_rỉ,SYN,rên_rẩm
rì_rầm,rầm_rì,SYN,rầm_rì
rỉ,ri_rỉ,SYN,ri_rỉ
riêng_tư,riêng_tây,SYN,riêng_tây
riệt,rịt,SYN,"riệt,rịt"
riu_riu,liu_điu,SYN,liu_điu
rọ_rạy,ngọ_nguậy,SYN,rọ_rạy
rón_rén,nhón_nhén,SYN,nhón_nhén
rối_bù,rối_mù,SYN,rối_mù
rối_bù,rối_tinh,SYN,rối_tinh
rối_mù,rối_tinh,SYN,"rối_mù,rối_tinh"
rộn_rịch,tấp_nập,SYN,rộn_rịch
rộng_cẳng,rộng_chân_rộng_cẳng,SYN,"rộng_cẳng,rộng_chân_rộng_cẳng"
rờ_mó,sờ_mó,SYN,rờ_mó
rờ_rẫm,sờ_sẫm,SYN,"rờ_rẫm,sờ_sẫm"
rời_rợi,rười_rượi,SYN,"rời_rợi,rười_rượi"
rờm,rườm,SYN,"rờm,rườm"
rớt,sớt,SYN,sớt
ru_rú,ro_ró,SYN,ro_ró
rù_rờ,rù_rì,SYN,"rù_rờ,rù_rì"
rũ_rợi,rũ_rượi,SYN,rũ_rợi
rụi,rụm,SYN,rụm
rủn,nhủn,SYN,"rủn,nhủn"
rủng_rẻng,rủng_rỉnh,SYN,rủng_rẻng
ruồi_lằng,ruồi_nhặng,SYN,ruồi_lằng
ruồi_lằng,ruồi_xanh,SYN,"ruồi_lằng,ruồi_xanh"
ruồi_xanh,ruồi_nhặng,SYN,ruồi_xanh
ruộng_đất,ruộng_rẫy,SYN,ruộng_rẫy
ruộng_nương,ruộng_rẫy,SYN,ruộng_rẫy
ruột_tượng,bao_tượng,SYN,"ruột_tượng,bao_tượng"
ruột_tượng,ruột_nghé,SYN,"ruột_tượng,ruột_nghé"
rút_lui,thối_lui,SYN,thối_lui
rưỡi,rưởi,SYN,rưởi
sa_sầm,sầm,SYN,sa_sầm
sạch_bong,sạch_bóng,SYN,sạch_bong
sai,sây,SYN,sây
sài_kinh,sài_giật,SYN,"sài_kinh,sài_giật"
sải,xải,SYN,xải
sái,trặc,SYN,trặc
sàm_sỡ,sờm_sỡ,SYN,sờm_sỡ
sám_hối,cải_hối,SYN,cải_hối
san_sẻ,san_sớt,SYN,san_sớt
sán,xán,SYN,xán
sán_xơ_mít,sán_dây,SYN,sán_xơ_mít
sang_giàu,sang_giàu,SYN,"sang_giàu,sang_giàu"
sáng_dạ,sáng_ý,SYN,sáng_ý
sáng_loáng,sáng_nhoáng,SYN,sáng_nhoáng
sánh_duyên,sánh_đôi,SYN,sánh_duyên
sao_Bắc_Đẩu,Đại_Hùng_Tinh,SYN,"sao_Bắc_Đẩu,Đại_Hùng_Tinh"
sao_băng,sao_sa,SYN,sao_sa
sao_Diêm_Vương,Diêm_Vương_Tinh,SYN,"sao_Diêm_Vương,Diêm_Vương_Tinh"
sao_Hải_Vương,Hải_Vương_Tinh,SYN,"sao_Hải_Vương,Hải_Vương_Tinh"
sao_Hoả,Hoả_Tinh,SYN,"sao_Hoả,Hoả_Tinh"
sao_Kim,Kim_Tinh,SYN,"sao_Kim,Kim_Tinh"
sao_Mộc,Mộc_Tinh,SYN,"sao_Mộc,Mộc_Tinh"
sao_Thiên_Vương,Thiên_Vương_Tinh,SYN,"sao_Thiên_Vương,Thiên_Vương_Tinh"
sao_Thổ,Thổ_Tinh,SYN,"sao_Thổ,Thổ_Tinh"
sao_Thuỷ,Thuỷ_Tinh,SYN,"sao_Thuỷ,Thuỷ_Tinh"
sáo_sậu,cà_cưỡng,SYN,"sáo_sậu,cà_cưỡng"
sạt,sướt,SYN,sướt
sạt,tướt,SYN,tướt
sạt,tượt,SYN,tượt
sạt,xớt,SYN,xớt
sau_cùng,sau_rốt,SYN,sau_rốt
sắc_lẹm,sắc_lẻm,SYN,sắc_lẻm
sâm_sẩm,xâm_xẩm,SYN,"sâm_sẩm,xâm_xẩm"
sấm_kí,sấm_ký,SYN,"sấm_kí,sấm_ký"
sân_bay,trường_bay,SYN,trường_bay
sân_thượng,gác_thượng,SYN,gác_thượng
sần_sật,sừn_sựt,SYN,sừn_sựt
sấp_mặt,phản_phúc,SYN,"sấp_mặt,phản_phúc"
sấp_mặt,phản_trắc,SYN,"sấp_mặt,phản_trắc"
sập_sùi,sùi_sụt,SYN,"sập_sùi,sùi_sụt"
sập_sùi,sụt_sùi,SYN,sập_sùi
sầu_hận,sầu_oán,SYN,"sầu_hận,sầu_oán"
sầu_thảm,thảm_sầu,SYN,thảm_sầu
sây_sát,trầy_trụa,SYN,trầy_trụa
sầy,trầy,SYN,sầy
sầy,xước,SYN,sầy
sênh_tiền,sinh_tiền,SYN,"sênh_tiền,sinh_tiền"
sều,sùi,SYN,sều
sều,xầu,SYN,"sều,xầu"
sếu,cà_sếu,SYN,cà_sếu
siểm_nịnh,xu_nịnh,SYN,siểm_nịnh
siêu_hình_học,hình_nhi_thượng,SYN,"siêu_hình_học,hình_nhi_thượng"
siêu_nhiên,siêu_tự_nhiên,SYN,siêu_tự_nhiên
siêu_thoát,siêu_thăng,SYN,siêu_thăng
siêu_việt,trác_tuyệt,SYN,trác_tuyệt
siêu_việt,trác_việt,SYN,trác_việt
sin,sine,SYN,sine
sinh_lí_học,sinh_lý_học,SYN,sinh_lí_học
sinh_thời,sinh_tiền,SYN,sinh_tiền
so_bì,suy_bì,SYN,suy_bì
soi_mói,xoi_bói,SYN,xoi_bói
soi_mói,xói_móc,SYN,xói_móc
song_hỉ,song_hỷ,SYN,song_hỉ
sóng_sượt,sõng_soài,SYN,sóng_sượt
sóng_sượt,sóng_soài,SYN,sóng_sượt
sóng_sượt,sóng_soải,SYN,"sóng_sượt,sóng_soải"
soong,xoong,SYN,soong
số_hữu_tỉ,số_hữu_tỷ,SYN,"số_hữu_tỉ,số_hữu_tỷ"
số_vô_tỉ,số_vô_tỷ,SYN,"số_vô_tỉ,số_vô_tỷ"
số_vô_tỉ,vô_tỉ,SYN,"số_vô_tỉ,vô_tỉ"
số_vô_tỉ,vô_tỷ,SYN,"số_vô_tỉ,vô_tỷ"
số_vô_tỷ,vô_tỉ,SYN,"số_vô_tỷ,vô_tỉ"
số_vô_tỷ,vô_tỷ,SYN,"số_vô_tỷ,vô_tỷ"
sôi_gan,sôi_máu,SYN,sôi_gan
sôi_gan,sôi_tiết,SYN,"sôi_gan,sôi_tiết"
sông_đào,sông_máng,SYN,sông_máng
sống,R:_mãi,SYN,R:_mãi
sống_mái,trống_mái,SYN,trống_mái
sơ_đồ,lược_đồ,SYN,lược_đồ
sơ_kì,sơ_kỳ,SYN,"sơ_kì,sơ_kỳ"
sớm_khuya,khuya_sớm,SYN,"sớm_khuya,khuya_sớm"
sớm_khuya,sớm_tối,SYN,sớm_khuya
sớm_tối,khuya_sớm,SYN,khuya_sớm
sớm_tối,sớm_trưa,SYN,sớm_trưa
sờn,sờn_lòng,SYN,sờn_lòng
sờn,thoái_chí,SYN,thoái_chí
sờn,thối_chí,SYN,thối_chí
sờn_lòng,thoái_chí,SYN,"sờn_lòng,thoái_chí"
sờn_lòng,thối_chí,SYN,"sờn_lòng,thối_chí"
sởn,rởn,SYN,rởn
sục_sạo,sạo_sục,SYN,sạo_sục
sùi,xầu,SYN,xầu
sùm_sụp,tùm_hụp,SYN,"sùm_sụp,tùm_hụp"
súng_cao_su,giàng_thun,SYN,giàng_thun
súng_cao_su,ná_thun,SYN,ná_thun
súng_liên_thanh,súng_máy,SYN,súng_liên_thanh
sụp,thụp,SYN,thụp
sụt,trụt,SYN,trụt
sụt_sùi,sùi_sụt,SYN,sùi_sụt
suy_bì,bì,SYN,suy_bì
suy_lí,suy_lý,SYN,"suy_lí,suy_lý"
suy_lí_gián_tiếp,suy_lý_gián_tiếp,SYN,"suy_lí_gián_tiếp,suy_lý_gián_tiếp"
suy_lí_trực_tiếp,suy_lý_trực_tiếp,SYN,"suy_lí_trực_tiếp,suy_lý_trực_tiếp"
suy_ngẫm,suy_gẫm,SYN,suy_gẫm
suy_tị,suy_tỵ,SYN,"suy_tị,suy_tỵ"
suỵt,xuýt,SYN,"suỵt,xuýt"
sứ_mạng,sư_mệnh,SYN,sư_mệnh
sự_vụ,sự_vụ_chủ_nghĩa,SYN,sự_vụ_chủ_nghĩa
sửa_sang,sang_sửa,SYN,sang_sửa
sửa_soạn,soạn_sửa,SYN,soạn_sửa
sực,sực_nức,SYN,sực_nức
sưng_vù,sưng_vều,SYN,sưng_vều
sưng_vù,sưng_vếu,SYN,sưng_vếu
sững,sựng,SYN,sựng
sương,sương_móc,SYN,sương_móc
sương_khói,khói_sương,SYN,khói_sương
sướt,sượt,SYN,sướt
sướt,tướt,SYN,"sướt,tướt"
sướt,tượt,SYN,"sướt,tượt"
sướt,xớt,SYN,"sướt,xớt"
sượt,tướt,SYN,tướt
sượt,tượt,SYN,tượt
sượt,xớt,SYN,xớt
sượt,sóng_sượt,SYN,sóng_sượt
sượt,thượt,SYN,thượt
sứt_sát,sứt_sẹo,SYN,"sứt_sát,sứt_sẹo"
tà_dâm,dâm_tà,SYN,"tà_dâm,dâm_tà"
tà_đạo,tà_giáo,SYN,"tà_đạo,tà_giáo"
tà_đạo,tả_đạo,SYN,"tà_đạo,tả_đạo"
tà_ma,ma_tà,SYN,ma_tà
tả_thực,tả_chân,SYN,tả_chân
tác,gộ,SYN,gộ
tai_ác,quỷ_cái,SYN,"tai_ác,quỷ_cái"
tai_ác,tai_quái,SYN,tai_ác
tai-ga,taiga,SYN,"tai-ga,taiga"
tai_hoạ,tai_ách,SYN,tai_ách
tai_hoạ,tai_vạ,SYN,tai_vạ
tai_nghe,tai_phôn,SYN,tai_phôn
tai_vạ,tai_ương,SYN,tai_vạ
tài_khoản,trương_mục,SYN,trương_mục
tái_mét,tái_ngắt,SYN,tái_ngắt
tại_ngoại,tại_ngoại_hậu_cứu,SYN,tại_ngoại_hậu_cứu
tám_hoánh,tám_đời,SYN,"tám_hoánh,tám_đời"
tạm_thời,trợ_thời,SYN,trợ_thời
tan_hoang,toang_hoang,SYN,toang_hoang
tàn,lụn,SYN,lụn
tàn_hương,tàn_nhang,SYN,tàn_hương
tàn_quân,tàn_binh,SYN,tàn_binh
tản_mác,tản_mạn,SYN,tản_mác
tản_mác,tản_mát,SYN,tản_mác
tán_dóc,tán_phễu,SYN,tán_phễu
tang,tangent,SYN,tangent
tang_chủ,hiếu_chủ,SYN,"tang_chủ,hiếu_chủ"
tanh_bành,tanh_banh,SYN,"tanh_bành,tanh_banh"
tao_khang,tào_khang,SYN,"tao_khang,tào_khang"
tào_phở,đậu_hũ,SYN,tào_phở
tào_phở,tào_phớ,SYN,tào_phở
tào_phở,tàu_hũ,SYN,tào_phở
tảo_mộ,tảo_phần,SYN,tảo_phần
táo_tác,xáo_xác,SYN,"táo_tác,xáo_xác"
tạo_hoá,con_tạo,SYN,con_tạo
tạo_hoá,hoá_công,SYN,hoá_công
tạo_hoá,hoá_nhi,SYN,hoá_nhi
táp,tớp,SYN,tớp
táp,tợp,SYN,tợp
táp,háp,SYN,háp
táp_nham,tạp_nham,SYN,táp_nham
táp_nham,tạp_nhạp,SYN,"táp_nham,tạp_nhạp"
táp_nham,tạp_phí_lù,SYN,"táp_nham,tạp_phí_lù"
tạp_kĩ,tạp_kỹ,SYN,tạp_kĩ
tạp_nhạp,tạp_nham,SYN,tạp_nhạp
tạp_nhạp,tạp_phí_lù,SYN,"tạp_nhạp,tạp_phí_lù"
tạp_phí_lù,tạp_nham,SYN,tạp_phí_lù
tạp_vụ,tạp_dịch,SYN,tạp_dịch
tàu_bay,tầu_bay,SYN,tầu_bay
tàu_chậm,tàu_chợ,SYN,"tàu_chậm,tàu_chợ"
tàu_đổ_bộ,tàu_há_mồm,SYN,tàu_há_mồm
tàu_hoả,hoả_xa,SYN,hoả_xa
tay_chân,bộ_hạ,SYN,bộ_hạ
tay_chân,thủ_túc,SYN,thủ_túc
tay_nải,tay_đẫy,SYN,"tay_nải,tay_đẫy"
tay_phải,tay_mặt,SYN,tay_mặt
tày,tầy,SYN,tầy
tày_đình,tầy_đình,SYN,tầy_đình
tày_đình,tầy_trời,SYN,tầy_trời
tày_trời,tầy_đình,SYN,tầy_đình
tày_trời,tầy_trời,SYN,tầy_trời
tắc_kè,cắc_kè,SYN,cắc_kè
tắc_lưỡi,tặc_lưỡi,SYN,tắc_lưỡi
tăm_dạng,tăm_hơi,SYN,tăm_dạng
tăm_dạng,tăm_tích,SYN,"tăm_dạng,tăm_tích"
tăm_dạng,tung_tích,SYN,tăm_dạng
tăm_hơi,tăm_tích,SYN,tăm_tích
tăm_tích,tung_tích,SYN,tăm_tích
tằn_tiện,hà_tằn_hà_tiện,SYN,hà_tằn_hà_tiện
tằn_tiện,tần_tiện,SYN,tần_tiện
tằn_tiện,tiện_tặn,SYN,tiện_tặn
tằn_tiện,tùng_tiệm,SYN,tùng_tiệm
tắp,tấp,SYN,tắp
tắt_mắt,táy_máy,SYN,tắt_mắt
tắt_ngấm,tắt_ngóm,SYN,tắt_ngóm
tắt_thở,tắt_hơi,SYN,tắt_hơi
tắt_thở,tắt_nghỉ,SYN,tắt_nghỉ
tâm_địa,bụng_dạ,SYN,tâm_địa
tâm_lí_chiến,tâm_lý_chiến,SYN,tâm_lí_chiến
tâm_ngẩm,tẩm_ngẩm,SYN,"tâm_ngẩm,tẩm_ngẩm"
tâm_sinh_lí,tâm_sinh_lý,SYN,tâm_sinh_lí
tâm_trạng,tâm_cảnh,SYN,tâm_cảnh
tâm_trí,tâm_não,SYN,tâm_não
tầm_gởi,tầm_gửi,SYN,tầm_gởi
tầm_phào,tầm_phơ,SYN,tầm_phơ
tầm_phào,tầm_phơ_tầm_phào,SYN,tầm_phơ_tầm_phào
tẩm_quất,tầm_quất,SYN,tầm_quất
tấm_tắc,nắc_nỏm,SYN,nắc_nỏm
tần_mần,tẳn_mẳn,SYN,"tần_mần,tẳn_mẳn"
tần_mần,tẩn_mẩn,SYN,"tần_mần,tẩn_mẩn"
tẩn_mẩn,tẳn_mẳn,SYN,"tẩn_mẩn,tẳn_mẳn"
tẩn_mẩn,tỉ_mẩn,SYN,tẩn_mẩn
tận_cùng,cùng_tận,SYN,cùng_tận
tâng_hẩng,tưng_hửng,SYN,"tâng_hẩng,tưng_hửng"
tâng_tâng,tưng_tưng,SYN,tâng_tâng
tập_hậu,hậu_tập,SYN,"tập_hậu,hậu_tập"
tập_họp,họp_tập,SYN,họp_tập
tập_tễnh,tấp_tểnh,SYN,tấp_tểnh
tập_tọng,tập_tõng,SYN,"tập_tọng,tập_tõng"
tập_tọng,võ_vẽ,SYN,"tập_tọng,võ_vẽ"
tập_tọng,vọc_vạch,SYN,"tập_tọng,vọc_vạch"
tất_tả,tong_tả,SYN,tong_tả
tất_yếu,thế_tất,SYN,thế_tất
tâu,ton_hót,SYN,ton_hót
tầy_đình,tầy_trời,SYN,"tầy_đình,tầy_trời"
te_tái,xăng_xái,SYN,te_tái
te_tét,te_tua,SYN,te_tét
thậm_thụt,thậm_thọt,SYN,thậm_thọt
thậm_thụt,thì_thụt,SYN,thì_thụt
thân_chinh,thân_hành,SYN,thân_hành
thế_cuộc,cuộc_thế,SYN,cuộc_thế
thế_cuộc,thế_cục,SYN,thế_cục
thế_gian,dương_gian,SYN,dương_gian
thế_gian,dương_thế,SYN,dương_thế
thơ_thẩn,thẩn_thơ,SYN,thẩn_thơ
thơ_thẩn,xa_xẩn,SYN,xa_xẩn
thơ_thới,thanh_thản,SYN,thơ_thới
thơ_thới,thanh_thoát,SYN,thơ_thới
thơ_thới,thảnh_thơi,SYN,thơ_thới
thơ_thới,thư_thái,SYN,thơ_thới
thờ_thẫn,thẫn_thờ,SYN,thờ_thẫn
thớ,thá,SYN,thá
tiền_định_luận,thuyết_tiền_định,SYN,"tiền_định_luận,thuyết_tiền_định"
tiền_đồ,tiền_trình,SYN,tiền_trình
tém,dém,SYN,dém
tẽn,tẽn_tò,SYN,tẽn
teo_tóp,quắt_queo,SYN,quắt_queo
tẹo,tí_teo,SYN,tí_teo
tẹo,tí_tị,SYN,tí_tị
tép_riu,nhãi_nhép,SYN,"tép_riu,nhãi_nhép"
tép_riu,nhép,SYN,tép_riu
tẹp_nhẹp,tèm_nhèm,SYN,"tẹp_nhẹp,tèm_nhèm"
tetanos,uốn_ván,SYN,tetanos
tê,ê,SYN,ê
tên_cúng_cơm,tên_hèm,SYN,tên_hèm
tên_lửa_đạn_đạo,tên_lửa_đường_đạn,SYN,tên_lửa_đường_đạn
tên_tục,tục_danh,SYN,"tên_tục,tục_danh"
tên_tự,tên_chữ,SYN,tên_tự
tềnh_toàng,tuềnh_toàng,SYN,tềnh_toàng
Tết_âm_lịch,Tết_Nguyên_Đán,SYN,"Tết_âm_lịch,Tết_Nguyên_Đán"
Tết_âm_lịch,Tết_ta,SYN,"Tết_âm_lịch,Tết_ta"
Tết_dương_lịch,Tết_tây,SYN,"Tết_dương_lịch,Tết_tây"
Tết_Nguyên_Đán,Tết_ta,SYN,"Tết_Nguyên_Đán,Tết_ta"
tha_ma,nghĩa_trang,SYN,tha_ma
tha_thẩn,xa_xẩn,SYN,xa_xẩn
thả_cửa,thả_giàn,SYN,thả_giàn
thái_dương,màng_tang,SYN,màng_tang
tham_ô,hà_lạm,SYN,hà_lạm
than_béo,than_mỡ,SYN,than_béo
than_ôi,thương_ôi,SYN,thương_ôi
thảng_hoặc,thi_thoảng,SYN,thảng_hoặc
thảng_thốt,sảng_sốt,SYN,sảng_sốt
thanh_bạch,thanh_sạch,SYN,thanh_sạch
thanh_lọc,thanh_trừ,SYN,thanh_trừ
thanh_tĩnh,thanh_u,SYN,"thanh_tĩnh,thanh_u"
thanh_tĩnh,thanh_vắng,SYN,thanh_tĩnh
thanh_tĩnh,u_tịch,SYN,thanh_tĩnh
thanh_vắng,thanh_u,SYN,thanh_u
thành_danh,nên_danh,SYN,nên_danh
thành_thử,nên_chi,SYN,nên_chi
thánh_giá,thập_ác,SYN,thập_ác
thao_láo,trao_tráo,SYN,"thao_láo,trao_tráo"
thảo_hèn,thảo_nào,SYN,thảo_hèn
tháo_dạ,tháo_tỏng,SYN,"tháo_dạ,tháo_tỏng"
tháo_lui,thối_lui,SYN,thối_lui
thảy,thẩy,SYN,thẩy
thằn_lằn,rắn_mối,SYN,rắn_mối
thẳng,thẳng_tuột,SYN,thẳng_tuột
thẳng,thẳng_thớm,SYN,thẳng_thớm
thẳng_đuỗn,thẳng_đuột,SYN,"thẳng_đuỗn,thẳng_đuột"
thẳng_đuột,thẳng_tuột,SYN,"thẳng_đuột,thẳng_tuột"
thẳng_góc,vuông_góc,SYN,thẳng_góc
thẳng_thắn,thẳng_thớm,SYN,thẳng_thớm
thẳng_tính,trực_tính,SYN,trực_tính
thẳng_tuột,thẳng_đuỗn,SYN,"thẳng_tuột,thẳng_đuỗn"
thâm,thâm_hiểm,SYN,thâm_hiểm
thâm,thâm_nho,SYN,thâm_nho
thâm_hiểm,hiểm_độc,SYN,thâm_hiểm
thâm_hiểm,hiểm_sâu,SYN,"thâm_hiểm,hiểm_sâu"
thâm_hiểm,thâm_độc,SYN,thâm_hiểm
thâm_nhiễm,tiêm_nhiễm,SYN,thâm_nhiễm
thâm_nhiễm,xâm_nhiễm,SYN,"thâm_nhiễm,xâm_nhiễm"
thâm_thuý,thâm_nho,SYN,thâm_nho
thẩm_mĩ_viện,thẩm_mỹ_viện,SYN,thẩm_mĩ_viện
thần_diệu,thần_tình,SYN,thần_tình
thần_hiệu,kì_diệu,SYN,thần_hiệu
thần_hiệu,thần_diệu,SYN,thần_hiệu
thần_hiệu,thần_kì,SYN,thần_hiệu
thần_kì,thần_tình,SYN,thần_tình
thần_kỳ,thần_tình,SYN,thần_tình
thần_thế,thế_thần,SYN,"thần_thế,thế_thần"
thần_tình,tuyệt_diệu,SYN,thần_tình
thất_hứa,thất_ước,SYN,thất_ước
thất_kinh,thất_đảm,SYN,thất_đảm
thất_lễ,vô_lễ,SYN,thất_lễ
thật_thà,thiệt_thà,SYN,thiệt_thà
thật_thà,thực_thà,SYN,thực_thà
thâu_tóm,thu_tóm,SYN,thu_tóm
thấu_suốt,thấu_triệt,SYN,thấu_triệt
thấu_triệt,thấu_đáo,SYN,thấu_triệt
thầy_bói,thầy_tướng,SYN,thầy_tướng
thầy_địa_lí,thầy_địa_lý,SYN,thầy_địa_lí
thầy_kí,thầy_ký,SYN,"thầy_kí,thầy_ký"
thấy,chộ,SYN,chộ
thấy_kinh,thấy_tháng,SYN,"thấy_kinh,thấy_tháng"
thẻ_ghi_nợ,debit_card,SYN,debit_card
thẹn,thẹn_thò,SYN,thẹn_thò
theta,thê-ta,SYN,"theta,thê-ta"
thê_thảm,thảm_thê,SYN,thảm_thê
thề,thề_nguyền,SYN,thề_nguyền
thể_dục_thẩm_mĩ,thể_dục_thẩm_mỹ,SYN,thể_dục_thẩm_mĩ
thể_loại,loại_thể,SYN,loại_thể
thể_sợi,ti_thể,SYN,"thể_sợi,ti_thể"
thể_tình,thể_tất,SYN,"thể_tình,thể_tất"
thế_lực,thần_thế,SYN,thần_thế
thế_sự,sự_thế,SYN,sự_thế
thết,khoản_đãi,SYN,"thết,khoản_đãi"
thết,thết_đãi,SYN,thết
thi_phú,thơ_phú,SYN,"thi_phú,thơ_phú"
thi_thoảng,thưa_thoảng,SYN,thưa_thoảng
thì_thầm,thầm_thào,SYN,thầm_thào
thì_thầm,thầm_thĩ,SYN,thầm_thĩ
thì_thòm,thòm_thòm,SYN,"thì_thòm,thòm_thòm"
thì_thụt,thì_thọt,SYN,"thì_thụt,thì_thọt"
thí_dụ,tỉ_dụ,SYN,tỉ_dụ
thị_lực,nhãn_lực,SYN,nhãn_lực
thị_uy,thị_oai,SYN,thị_oai
thia_lia,thia_thia,SYN,"thia_lia,thia_thia"
thìa,cùi_dìa,SYN,cùi_dìa
thiên_bẩm,thiên_tư,SYN,thiên_tư
thiên_bẩm,thiên_tính,SYN,thiên_tính
Thiên_Chúa_giáo,Thiên_Chúa_giáo,SYN,"Thiên_Chúa_giáo,Thiên_Chúa_giáo"
thiên_đình,thiên_tào,SYN,thiên_tào
thiên_lí,thiên_lý,SYN,thiên_lí
thiên_thanh,thanh_thiên,SYN,thanh_thiên
thiên_tính,thiên_tư,SYN,"thiên_tính,thiên_tư"
thiên_vị,tây_vị,SYN,tây_vị
thiên_vị,thiên_tư,SYN,thiên_tư
thiển_nghĩ,thiết_nghĩ,SYN,thiển_nghĩ
thiển_nghĩ,thiết_tưởng,SYN,thiển_nghĩ
thiển_ý,thiển_kiến,SYN,"thiển_ý,thiển_kiến"
thiệt_hơn,hơn_thiệt,SYN,hơn_thiệt
thiệt_thà,thực_thà,SYN,"thiệt_thà,thực_thà"
thỉnh_thoảng,thảng_hoặc,SYN,thảng_hoặc
thò,tòi,SYN,tòi
thọ_giới,thụ_giới,SYN,"thọ_giới,thụ_giới"
thoả,thoả_thuê,SYN,thoả_thuê
thoả_thích,thoả_thuê,SYN,thoả_thuê
thoai_thoải,xoai_xoải,SYN,xoai_xoải
thoái_chí,thối_chí,SYN,"thoái_chí,thối_chí"
thoái_hôn,thối_hôn,SYN,"thoái_hôn,thối_hôn"
thoái_lui,thối_lui,SYN,thối_lui
thoát_li,thoát_ly,SYN,thoát_li
thoát_tục,thoát_trần,SYN,thoát_trần
thóc_mách,tọc_mạch,SYN,thóc_mách
thọc,xọc,SYN,xọc
thọc_léc,thọc_lét,SYN,"thọc_léc,thọc_lét"
thoi_thóp,hoi_hóp,SYN,hoi_hóp
thòi,tòi,SYN,tòi
thói_đời,nghề_đời,SYN,nghề_đời
thong_thả,thủng_thỉnh,SYN,thủng_thỉnh
thô_lỗ,lỗ_mãng,SYN,lỗ_mãng
thổ_công,thổ_thần,SYN,thổ_thần
thổ_địa,thổ_thần,SYN,thổ_thần
thốc,thộc,SYN,thộc
thối_hoắc,thối_hoăng,SYN,"thối_hoắc,thối_hoăng"
thông,thông_tỏ,SYN,thông_tỏ
thông_dâm,thông_gian,SYN,"thông_dâm,thông_gian"
thông_dâm,tư_thông,SYN,thông_dâm
thông_đồng,thông_lưng,SYN,thông_lưng
thông_hiểu,thông_tỏ,SYN,thông_tỏ
thông_minh,sáng_ý,SYN,sáng_ý
thông_thuộc,thông_tỏ,SYN,thông_tỏ
thông_tục,thô_tục,SYN,thông_tục
thống_khổ,đau_khổ,SYN,thống_khổ
thống_khổ,khổ_cực,SYN,thống_khổ
thống_nhất,thống_nhứt,SYN,thống_nhứt
thộp,chộp,SYN,thộp
thốt_nhiên,bất_chợt,SYN,thốt_nhiên
thốt_nhiên,bỗng_nhiên,SYN,thốt_nhiên
thốt_nhiên,đột_nhiên,SYN,thốt_nhiên
thời_cuộc,thời_cục,SYN,thời_cục
thơm_lừng,thơm_lựng,SYN,thơm_lựng
thơn_thớt,xơn_xớt,SYN,"thơn_thớt,xơn_xớt"
thu_quân,thu_binh,SYN,"thu_quân,thu_binh"
thù_địch,cừu_địch,SYN,cừu_địch
thù_oán,oán_cừu,SYN,oán_cừu
thù_oán,oán_thù,SYN,oán_thù
thủ_lãnh,thủ_lĩnh,SYN,thủ_lãnh
thủ_phận,yên_phận,SYN,thủ_phận
thủ_quĩ,thủ_quỹ,SYN,thủ_quĩ
thú_thật,thú_thiệt,SYN,thú_thiệt
thú_thiệt,thú_thực,SYN,thú_thiệt
thuần_hậu,thuần_phác,SYN,"thuần_hậu,thuần_phác"
thuần_phong_mĩ_tục,thuần_phong_mỹ_tục,SYN,thuần_phong_mĩ_tục
thục,xọc,SYN,xọc
thuế_giá_trị_gia_tăng,VAT,SYN,VAT
thuế_quan,quan_thuế,SYN,quan_thuế
thung_thăng,tung_tăng,SYN,thung_thăng
thủng_thẳng,thủng_thỉnh,SYN,thủng_thỉnh
thuốc_nam,thuốc_ta,SYN,thuốc_ta
thuộc_hạ,thủ_túc,SYN,thủ_túc
thuỷ_cung,thuỷ_phủ,SYN,thuỷ_phủ
thuỷ_đậu,bỏng_rạ,SYN,bỏng_rạ
thuỷ_mạc,thuỷ_mặc,SYN,"thuỷ_mạc,thuỷ_mặc"
thuỷ_quân,thuỷ_binh,SYN,thuỷ_binh
thuyết,thuyết_lí,SYN,thuyết_lí
thuyết,thuyết_lý,SYN,thuyết_lý
thuyết_biến_hình,thuyết_biến_hoá,SYN,"thuyết_biến_hình,thuyết_biến_hoá"
thuyết_duy_danh,duy_danh_luận,SYN,"thuyết_duy_danh,duy_danh_luận"
thuyết_duy_ngã,duy_ngã_luận,SYN,"thuyết_duy_ngã,duy_ngã_luận"
thuyết_duy_ý_chí,ý_chí_luận,SYN,"thuyết_duy_ý_chí,ý_chí_luận"
thuyết_giảng,giảng_thuyết,SYN,giảng_thuyết
thuyết_giáo,thuyết_lí,SYN,thuyết_lí
thuyết_giáo,thuyết_lý,SYN,thuyết_lý
thuyết_lí,thuyết_lý,SYN,"thuyết_lí,thuyết_lý"
thuyết_lí,triết_lí,SYN,thuyết_lí
thuyết_lý,triết_lí,SYN,thuyết_lý
thuyết_tiến_hoá,tiến_hoá_luận,SYN,"thuyết_tiến_hoá,tiến_hoá_luận"
thuyết_vô_thần,vô_thần_luận,SYN,"thuyết_vô_thần,vô_thần_luận"
thư_kí_riêng,thư_ký_riêng,SYN,thư_kí_riêng
thư_lưu_kí,thư_lưu_ký,SYN,"thư_lưu_kí,thư_lưu_ký"
thư_nhàn,thanh_nhàn,SYN,thư_nhàn
thư_thoại,voice_mail,SYN,voice_mail
thứ_bậc,thứ_bực,SYN,thứ_bực
thứ_bực,thứ_hạng,SYN,thứ_bực
thực_tình,tình_thực,SYN,tình_thực
thực_từ,từ_thực,SYN,từ_thực
thước_cặp,thước_kẹp,SYN,"thước_cặp,thước_kẹp"
thước_mộc,thước_ta,SYN,"thước_mộc,thước_ta"
thước_nách,thước_thợ,SYN,"thước_nách,thước_thợ"
thước_tỉ_lệ,thước_tỷ_lệ,SYN,"thước_tỉ_lệ,thước_tỷ_lệ"
thương_gia,doanh_gia,SYN,doanh_gia
thương_nhân,doanh_gia,SYN,doanh_gia
thường_kì,thường_kỳ,SYN,thường_kì
thượng_cổ,cổ_xưa,SYN,thượng_cổ
thượng_khẩn,tối_khẩn,SYN,"thượng_khẩn,tối_khẩn"
ti_tỉ,vô_khối,SYN,ti_tỉ
ti_tỉ,vô_số,SYN,ti_tỉ
ti_tỉ,vô_vàn,SYN,ti_tỉ
tì_bà,tỳ_bà,SYN,tì_bà
tỉ_dụ,tỷ_dụ,SYN,"tỉ_dụ,tỷ_dụ"
tỉ_giá_thả_nổi,tỷ_giá_thả_nổi,SYN,tỉ_giá_thả_nổi
tỉ_lệ_bản_đồ,tỷ_lệ_bản_đồ,SYN,"tỉ_lệ_bản_đồ,tỷ_lệ_bản_đồ"
tỉ_lệ_thức,tỷ_lệ_thức,SYN,"tỉ_lệ_thức,tỷ_lệ_thức"
tỉ_ti,ti_tỉ,SYN,"tỉ_ti,ti_tỉ"
tí,téo,SYN,téo
tí,tí_teo,SYN,tí_teo
tí,tí_tị,SYN,tí_tị
tí_tẹo,tí_teo,SYN,tí_teo
tí_tẹo,tí_tị,SYN,tí_tị
tí_ti,tí_teo,SYN,tí_teo
tí_ti,tí_tị,SYN,tí_tị
tị,suy_bì,SYN,suy_bì
tị_nạnh,tỵ_nạnh,SYN,tỵ_nạnh
tia_roentgen,tia_X,SYN,"tia_roentgen,tia_X"
tích_sự,trò_trống,SYN,tích_sự
tịch_mịch,thanh_u,SYN,"tịch_mịch,thanh_u"
tịch_mịch,tĩnh_mịch,SYN,tịch_mịch
tịch_mịch,u_tịch,SYN,tịch_mịch
tịch_thu,tịch_thâu,SYN,tịch_thâu
tiên_cảnh,tiên_giới,SYN,tiên_giới
tiên_nga,ngọc_nữ,SYN,tiên_nga
tiên_nga,tiên_nữ,SYN,tiên_nga
tiên_sư,tiên_nhân,SYN,"tiên_sư,tiên_nhân"
tiên_sư,tiên_sư_cha,SYN,"tiên_sư,tiên_sư_cha"
tiên_sư,tổ_sư,SYN,tiên_sư
tiên_tiến,tiền_tiến,SYN,tiền_tiến
tiện_thể,luôn_tiện,SYN,luôn_tiện
tiếng_tăm,tăm_tiếng,SYN,tăm_tiếng
tiếp_thu,tiếp_thụ,SYN,tiếp_thụ
tiết_diện,thiết_diện,SYN,thiết_diện
tiệt_khuẩn,sát_khuẩn,SYN,tiệt_khuẩn
tiệt_trừ,diệt_trừ,SYN,tiệt_trừ
tiệt_trừ,trừ_diệt,SYN,"tiệt_trừ,trừ_diệt"
tiêu_ma,tiêu_tùng,SYN,"tiêu_ma,tiêu_tùng"
tiêu_tan,tiêu_tán,SYN,tiêu_tán
tiểu_qui_mô,tiểu_quy_mô,SYN,"tiểu_qui_mô,tiểu_quy_mô"
tiểu_sử,tiểu_truyện,SYN,tiểu_truyện
tiểu_thừa,tiểu_thặng,SYN,"tiểu_thừa,tiểu_thặng"
tim_tím,tím_tím,SYN,"tim_tím,tím_tím"
tím_gan,tím_ruột,SYN,"tím_gan,tím_ruột"
tím_lịm,tím_rịm,SYN,"tím_lịm,tím_rịm"
tin_hin,hin,SYN,tin_hin
tín_đồ,giáo_đồ,SYN,giáo_đồ
tinh_hoàn,dịch_hoàn,SYN,dịch_hoàn
tinh_ma,ranh_ma,SYN,tinh_ma
tinh_ma,tinh_quái,SYN,tinh_ma
tinh_mơ,tinh_sương,SYN,tinh_sương
tinh_sương,tờ_mờ,SYN,tinh_sương
tình_dục,dục_tình,SYN,dục_tình
tình_duyên,tơ_duyên,SYN,tơ_duyên
tình_huống,cảnh_huống,SYN,cảnh_huống
tỉnh_bơ,tỉnh_khô,SYN,tỉnh_khô
tỉnh_bơ,tỉnh_rụi,SYN,tỉnh_rụi
tỉnh_khô,tỉnh_queo,SYN,tỉnh_khô
tỉnh_khô,tỉnh_rụi,SYN,"tỉnh_khô,tỉnh_rụi"
tỉnh_lị,tỉnh_lỵ,SYN,tỉnh_lị
tĩnh_mịch,thanh_tĩnh,SYN,thanh_tĩnh
tĩnh_mịch,thanh_u,SYN,thanh_u
tính_dục,dục_tính,SYN,dục_tính
tịnh,tịnh_vô,SYN,tịnh_vô
tịnh_độ,tĩnh_thổ,SYN,"tịnh_độ,tĩnh_thổ"
tịnh_độ,tịnh_thổ,SYN,"tịnh_độ,tịnh_thổ"
tít,tít_thò_lò,SYN,tít_thò_lò
tít_tắp,tít_mù_tắp,SYN,tít_mù_tắp
tít_tắp,vòi_vọi,SYN,vòi_vọi
tịt_mít,mít_tịt,SYN,"tịt_mít,mít_tịt"
to_gan,to_gan_lớn_mật,SYN,to_gan_lớn_mật
to_sụ,to_đùng,SYN,to_sụ
to_sụ,to_tướng,SYN,to_sụ
to_tổ_bố,tổ_bố,SYN,"to_tổ_bố,tổ_bố"
tỏ,thông_tõ,SYN,thông_tõ
toà_soạn,toà_báo,SYN,toà_báo
toác,hoác,SYN,hoác
toác,toác_hoác,SYN,toác_hoác
toác,toang_hoác,SYN,toang_hoác
toài,trườn,SYN,toài
toa-lét,toilet,SYN,toa-lét
toán_đố,tính_đố,SYN,"toán_đố,tính_đố"
toang,hoác,SYN,hoác
toang,toang_hoác,SYN,toang_hoác
toang_hoác,hoác,SYN,"toang_hoác,hoác"
toang_hoác,toác_hoác,SYN,"toang_hoác,toác_hoác"
tóc_sâu,tóc_ngứa,SYN,"tóc_sâu,tóc_ngứa"
toè,toẻ,SYN,"toè,toẻ"
toen_hoẻn,choen_hoẻn,SYN,"toen_hoẻn,choen_hoẻn"
tòm_tõm,tùm_tũm,SYN,"tòm_tõm,tùm_tũm"
tõm,tòm,SYN,tòm
tõm,tùm,SYN,tùm
tõm,tũm,SYN,tũm
tong_tả,hối_hả,SYN,tong_tả
tong_tả,tăng_tả,SYN,"tong_tả,tăng_tả"
tong_tả,tất_tưởi,SYN,tong_tả
tong_tả,ton_tả,SYN,"tong_tả,ton_tả"
tong_tong,long_tong,SYN,"tong_tong,long_tong"
tòng_tọc,tã,SYN,tòng_tọc
tòng_tọc,tàng,SYN,tòng_tọc
tòng_tọc,tồng_tộc,SYN,"tòng_tọc,tồng_tộc"
tọng,nhồi,SYN,tọng
tọng,nhét,SYN,tọng
tọng,tống,SYN,tọng
tọng,xực,SYN,"tọng,xực"
tóp,tọp,SYN,tọp
tóp,xọp,SYN,xọp
tóp_tép,nhóp_nhép,SYN,"tóp_tép,nhóp_nhép"
tọp,xọp,SYN,"tọp,xọp"
tố_giác,cáo_giác,SYN,cáo_giác
tốc_kí,tốc_ký,SYN,"tốc_kí,tốc_ký"
tộc_trưởng,trưởng_tộc,SYN,trưởng_tộc
tôi_luyện,tôi_rèn,SYN,tôi_rèn
tối,tối_dạ,SYN,tối_dạ
tối_dạ,đần,SYN,tối_dạ
tối_mịt,tối_mò,SYN,tối_mò
tối_mịt,tối_mù,SYN,tối_mù
tối_mò,tối_mù,SYN,"tối_mò,tối_mù"
tối_mò,tối_om,SYN,tối_mò
tối_mù,tối_om,SYN,tối_mù
tối_ngày,sớm_khuya,SYN,sớm_khuya
tối_tăm,tối_dạ,SYN,tối_dạ
tội_nợ,của_nợ,SYN,tội_nợ
tôm_hùm,tôm_rồng,SYN,tôm_rồng
tôn_nghiêm,oai_nghiêm,SYN,oai_nghiêm
tồn_quĩ,tồn_quỹ,SYN,tồn_quĩ
tổn_phí,tốn_phí,SYN,tổn_phí
tông_tốc,tồng_tộc,SYN,"tông_tốc,tồng_tộc"
tổng_công_ti,tổng_công_ty,SYN,tổng_công_ti
tột_bậc,tột_bực,SYN,tột_bực
tột_bực,tột_cùng,SYN,tột_bực
tột_bực,tột_đỉnh,SYN,tột_bực
tột_bực,tột_độ,SYN,tột_bực
tờ_mờ,tơ_mơ,SYN,tơ_mơ
tờ_rơi,tờ_rời,SYN,tờ_rời
tới_lui,tiến_thoái,SYN,tiến_thoái
tởm,ghê,SYN,tởm
tởm,gớm,SYN,tởm
tởm,kinh,SYN,tởm
tợp,tớp,SYN,"tợp,tớp"
tợp,hụm,SYN,"tợp,hụm"
tợp,hớp,SYN,tợp
tra_hỏi,lục_vấn,SYN,lục_vấn
tra_khảo,khảo_tra,SYN,khảo_tra
trác_tuyệt,trác_việt,SYN,"trác_tuyệt,trác_việt"
trái_cựa,trái_khoáy,SYN,trái_cựa
trái_phiếu,trái_khoán,SYN,trái_khoán
trái_tính,trái_nết,SYN,"trái_tính,trái_nết"
trái_tính,trái_tính_trái_nết,SYN,"trái_tính,trái_tính_trái_nết"
trám,trít,SYN,trít
tràn,tràn_cung_mây,SYN,tràn_cung_mây
trang_điểm,điểm_trang,SYN,điểm_trang
trang_viên,điền_trang,SYN,trang_viên
tràng_kỉ,tràng_kỷ,SYN,"tràng_kỉ,tràng_kỷ"
tràng_kỉ,trường_kỉ,SYN,"tràng_kỉ,trường_kỉ"
tràng_kỷ,trường_kỉ,SYN,"tràng_kỷ,trường_kỉ"
tranh_hùng,tranh_cường,SYN,tranh_cường
tranh_thuỷ_mạc,tranh_thuỷ_mặc,SYN,"tranh_thuỷ_mạc,tranh_thuỷ_mặc"
trành,triềng,SYN,"trành,triềng"
triết_gia,triết_nhân,SYN,triết_nhân
trinh_bạch,trinh_trắng,SYN,trinh_bạch
trinh_sát,trinh_sát_viên,SYN,trinh_sát_viên
trinh_tiết,tiết_trinh,SYN,tiết_trinh
trực_khuẩn,trực_trùng,SYN,trực_trùng
trào_lộng,trào_phúng,SYN,trào_lộng
tráo_trưng,tráo_trâng,SYN,"tráo_trưng,tráo_trâng"
trát,trít,SYN,trít
trạt,trạt_vôi,SYN,"trạt,trạt_vôi"
trắc_bá,trắc_bách_diệp,SYN,"trắc_bá,trắc_bách_diệp"
trặc,trẹo,SYN,trặc
trằn,è_cổ,SYN,trằn
trằn,trần,SYN,trằn
trăng_gió,gió_trăng,SYN,"trăng_gió,gió_trăng"
trăng_gió,hoa_nguyệt,SYN,"trăng_gió,hoa_nguyệt"
trăng_gió,nguyệt_hoa,SYN,"trăng_gió,nguyệt_hoa"
trăng_gió,trăng_hoa,SYN,trăng_gió
trăng_hoa,hoa_nguyệt,SYN,hoa_nguyệt
trăng_hoa,nguyệt_hoa,SYN,nguyệt_hoa
trắng_bong,trắng_bốp,SYN,"trắng_bong,trắng_bốp"
trắng_bong,trắng_tinh,SYN,trắng_bong
trắng_bốp,trắng_tinh,SYN,trắng_bốp
trắng_muốt,trắng_nuột,SYN,trắng_nuột
trắng_nhởn,trắng_ởn,SYN,"trắng_nhởn,trắng_ởn"
trầm_mặc,trầm_tư_mặc_tưởng,SYN,trầm_tư_mặc_tưởng
trầm_ngâm,trầm_tư_mặc_tưởng,SYN,trầm_tư_mặc_tưởng
trầm_tư,trầm_tư_mặc_tưởng,SYN,trầm_tư_mặc_tưởng
trần,dương_gian,SYN,dương_gian
trần,dương_thế,SYN,dương_thế
trần_thuật,tường_thuật,SYN,trần_thuật
trây,cù_nhằng,SYN,cù_nhằng
trây,cù_nhây,SYN,cù_nhây
tre_đằng_ngà,tre_là_ngà,SYN,"tre_đằng_ngà,tre_là_ngà"
trẻ_con,trẻ_mỏ,SYN,trẻ_mỏ
trẻ_con,trẻ_nít,SYN,trẻ_nít
trẻ_ranh,nhóc_con,SYN,trẻ_ranh
trẻ_ranh,oắt_con,SYN,"trẻ_ranh,oắt_con"
trẻ_ranh,ranh_con,SYN,"trẻ_ranh,ranh_con"
treo_mõm,treo_niêu,SYN,"treo_mõm,treo_niêu"
tréo_khoeo,tréo_mảy,SYN,"tréo_khoeo,tréo_mảy"
tréo_khoeo,tréo_ngoảy,SYN,"tréo_khoeo,tréo_ngoảy"
trét,trít,SYN,trít
trét,xảm,SYN,xảm
trễ_nải,trễ_tràng,SYN,trễ_tràng
trên_cơ,trên_tài,SYN,trên_tài
trêu_chọc,trêu_chòng,SYN,trêu_chòng
trêu_ghẹo,cợt,SYN,cợt
trệu_trạo,trếu_tráo,SYN,"trệu_trạo,trếu_tráo"
tri-ốt,triode,SYN,"tri-ốt,triode"
trì_kéo,trì_níu,SYN,"trì_kéo,trì_níu"
trí_lực,trí_năng,SYN,trí_năng
trí_trá,gian_trá,SYN,trí_trá
triển_khai,khai_triển,SYN,khai_triển
trít,bít,SYN,trít
trít,vít,SYN,trít
trít,xảm,SYN,"trít,xảm"
trò_trống,trò_vè,SYN,trò_vè
trọc_hếu,trọc_lốc,SYN,"trọc_hếu,trọc_lốc"
trọc_hếu,trọc_tếch,SYN,"trọc_hếu,trọc_tếch"
trọc_hếu,trọc_tếu,SYN,"trọc_hếu,trọc_tếu"
trọc_lốc,trọc_tếch,SYN,"trọc_lốc,trọc_tếch"
trọc_lốc,trọc_tếu,SYN,"trọc_lốc,trọc_tếu"
trọc_tếu,trọc_tếch,SYN,"trọc_tếu,trọc_tếch"
tròi,tòi,SYN,"tròi,tòi"
tròi,thòi,SYN,tròi
trompet,trumpet,SYN,trompet
tròn_trặn,tròn_trịa,SYN,tròn_trặn
tròn_trặn,tròn_trĩnh,SYN,tròn_trặn
tròn_vo,tròn_xoe,SYN,tròn_vo
tròn_xoay,tròn_vo,SYN,"tròn_xoay,tròn_vo"
tròn_xoay,tròn_xoe,SYN,tròn_xoay
trọn_vẹn,vẹn_tròn,SYN,vẹn_tròn
tròng_trành,trùng_triềng,SYN,trùng_triềng
trộ,choẹ,SYN,"trộ,choẹ"
trối,trăng_trối,SYN,trối
trối,trối_trăng,SYN,"trối,trối_trăng"
trối_trăng,dối_dăng,SYN,"trối_trăng,dối_dăng"
trối_trăng,trăng_trối,SYN,trối_trăng
trội,trổi,SYN,trổi
trộm_phép,trộm_vía,SYN,trộm_phép
trông_nom,coi_ngó,SYN,coi_ngó
trống_cái,trống_đại,SYN,"trống_cái,trống_đại"
trống_hoác,trống_hốc,SYN,trống_hốc
trống_khẩu,trống_lệnh,SYN,"trống_khẩu,trống_lệnh"
trống_không,trống_lổng,SYN,trống_lổng
trống_không,trống_tuếch,SYN,trống_tuếch
trống_rỗng,trống_lổng,SYN,trống_lổng
trống_rỗng,trống_tuếch,SYN,trống_tuếch
trống_trơn,trống_tuếch,SYN,trống_tuếch
trơ,trơ_khấc,SYN,trơ_khấc
trơ_mắt,trơ_mắt_ếch,SYN,"trơ_mắt,trơ_mắt_ếch"
trơ_thổ_địa,trơ_trọi,SYN,trơ_thổ_địa
trời,trời_đất_ơi,SYN,trời_đất_ơi
trời_bể,trời_biển,SYN,trời_bể
trời_đất_ơi,trời_đất,SYN,trời_đất_ơi
trời_đất_ơi,trời_ơi,SYN,trời_đất_ơi
trời_ơi,trời_ơi_đất_hỡi,SYN,trời_ơi_đất_hỡi
trù_phú,trù_mật,SYN,trù_mật
trụi_thui_lủi,trụi_thùi_lụi,SYN,"trụi_thui_lủi,trụi_thùi_lụi"
trung_bình,nhàng_nhàng,SYN,nhàng_nhàng
trung_kiên,kiên_trinh,SYN,kiên_trinh
trúng_mánh,trúng_quả,SYN,trúng_mánh
trúng_mánh,vào_cầu,SYN,trúng_mánh
trụt,tuột,SYN,trụt
trụt,tụt,SYN,trụt
truy_bức,truy_ép,SYN,"truy_bức,truy_ép"
truy_lãnh,truy_lĩnh,SYN,truy_lãnh
truy_nã,tróc_nã,SYN,tróc_nã
truy_tìm,truy_tầm,SYN,truy_tầm
truyện_kí,truyện_ký,SYN,truyện_kí
trứ_tác,trước_tác,SYN,trứ_tác
trường_đoản_cú,từ,SYN,trường_đoản_cú
trường_kì,trường_kỳ,SYN,trường_kì
trường_kỷ,trường_kỷ_Or_trường_kỉ,SYN,"trường_kỷ,trường_kỷ_Or_trường_kỉ"
trường_sở,trường_ốc,SYN,trường_ốc
tù,tầy,SYN,tầy
tù_đày,tù_đầy,SYN,tù_đầy
tù_đầy,tù_tội,SYN,tù_đầy
tù_giam,tù_ngồi,SYN,tù_ngồi
tù_túng,tù_hãm,SYN,tù_hãm
tủ_li,tủ_ly,SYN,"tủ_li,tủ_ly"
tú_ụ,tú_hụ,SYN,"tú_ụ,tú_hụ"
tú_ụ,ú_ụ,SYN,"tú_ụ,ú_ụ"
tụ_họp,tụ_hợp,SYN,tụ_hợp
tua_tủa,lủa_tủa,SYN,lủa_tủa
túa,toá,SYN,toá
tục,tục_tằn,SYN,tục_tằn
tục_ngữ,phương_ngôn,SYN,phương_ngôn
tục_tằn,thô_tục,SYN,tục_tằn
tục_tằn,tục_tĩu,SYN,tục_tằn
tục_truyền,tương_truyền,SYN,tục_truyền
tuềnh_toàng,xềnh_xoàng,SYN,xềnh_xoàng
tuềnh_toàng,xuềnh_xoàng,SYN,xuềnh_xoàng
tủi_hờn,hờn_tủi,SYN,hờn_tủi
tùm,tòm,SYN,"tùm,tòm"
tùm,tũm,SYN,"tùm,tũm"
tùm,ùm,SYN,tùm
tùm_hụp,tùm_hum,SYN,"tùm_hụp,tùm_hum"
tủn_mủn,lủn_mủn,SYN,lủn_mủn
tung_toé,vung_vít,SYN,vung_vít
tùng_tiệm,tiết_kiệm,SYN,tùng_tiệm
tuổi_trẻ,tuổi_xanh,SYN,tuổi_xanh
tuồn,thuồn,SYN,thuồn
tuốt,tuốt_luốt,SYN,tuốt_luốt
tuốt,tuốt_tuột,SYN,tuốt_tuột
tuỳ_tòng,tuỳ_tung,SYN,"tuỳ_tòng,tuỳ_tung"
tuỳ_tùng,tuỳ_tòng,SYN,tuỳ_tòng
tuyến_giáp,tuyến_giáp_trạng,SYN,tuyến_giáp_trạng
tuyệt,vô_ngần,SYN,vô_ngần
tuyệt_đại_bộ_phận,tuyệt_đại_đa_số,SYN,tuyệt_đại_bộ_phận
tuyệt_kĩ,tuyệt_kỹ,SYN,tuyệt_kĩ
tuyệt_mĩ,tuyệt_mỹ,SYN,tuyệt_mĩ
tuyệt_nọc,tiệt_nọc,SYN,"tuyệt_nọc,tiệt_nọc"
tuyệt_vời,vô_ngần,SYN,vô_ngần
từ_biệt,cáo_biệt,SYN,cáo_biệt
từ_điển,tự_vị,SYN,tự_vị
từ_điển_giải_thích,từ_điển_tường_giải,SYN,"từ_điển_giải_thích,từ_điển_tường_giải"
từ_kiêng_kị,từ_kiêng_kỵ,SYN,"từ_kiêng_kị,từ_kiêng_kỵ"
từ_láy,từ_lấp_láy,SYN,"từ_láy,từ_lấp_láy"
tứ_chiếng,tứ_xứ,SYN,tứ_chiếng
tứ_quí,tứ_quý,SYN,tứ_quí
tự_phụ,tự_thị,SYN,tự_thị
tự_tin,tự_tín,SYN,tự_tín
tự_tử,tự_tận,SYN,tự_tận
tựa,tợ,SYN,tợ
tựa_hồ,tợ_hồ,SYN,"tựa_hồ,tợ_hồ"
tức_là,tức_thị,SYN,tức_thị
tức_thì,ngay_thức_thì,SYN,ngay_thức_thì
tươi_nhuận,tươi_nhuần,SYN,"tươi_nhuận,tươi_nhuần"
tươm,bướp,SYN,bướp
tươm,tướp,SYN,tướp
tươm_tất,tiêm_tất,SYN,tiêm_tất
tương_hỗ,hỗ_tương,SYN,hỗ_tương
tương_kị,tương_kỵ,SYN,"tương_kị,tương_kỵ"
tướng_lĩnh,tướng_soái,SYN,tướng_soái
tướp,bướp,SYN,"tướp,bướp"
tướt,tượt,SYN,"tướt,tượt"
tướt,xớt,SYN,"tướt,xớt"
tượt,xớt,SYN,"tượt,xớt"
u_ẩn,u_uẩn,SYN,u_ẩn
u_tịch,thanh_u,SYN,thanh_u
ủ_bệnh,nung_bệnh,SYN,nung_bệnh
ùa,ồ,SYN,ồ
um,rùm,SYN,rùm
ùm,tòm,SYN,tòm
ung_nhọt,ung_độc,SYN,ung_độc
út,út_ít,SYN,út_ít
uy_linh,oai_linh,SYN,"uy_linh,oai_linh"
uy_nghi,oai_nghi,SYN,oai_nghi
uy_nghiêm,oai_nghiêm,SYN,oai_nghiêm
uy_quyền,oai_quyền,SYN,oai_quyền
uỷ_mị,uỷ_mỵ,SYN,uỷ_mỵ
uyên_thâm,thâm_uyên,SYN,thâm_uyên
ứ,ứ_đọng,SYN,ứ
ứng_cứu,cứu_ứng,SYN,cứu_ứng
ưỡn,phưỡn,SYN,phưỡn
ưỡn_ẹo,thưỡn_thẹo,SYN,"ưỡn_ẹo,thưỡn_thẹo"
ướt_đẫm,ướt_đầm,SYN,ướt_đầm
ướt_mèm,ướt_nhèm,SYN,"ướt_mèm,ướt_nhèm"
ướt_rượt,ướt_sũng,SYN,ướt_rượt
ướt_rượt,ướt_sượt,SYN,"ướt_rượt,ướt_sượt"
ướt_sũng,ướt_đầm,SYN,ướt_đầm
vạ,tai_vạ,SYN,tai_vạ
vương_vấn,vương_vít,SYN,vương_vít
vướng_víu,vướng_vít,SYN,vướng_vít
vượt_bậc,vượt_bực,SYN,vượt_bực
vượt_bực,vượt_cấp,SYN,vượt_bực
vạ_miệng,vạ_mồm_vạ_miệng,SYN,vạ_mồm_vạ_miệng
vals,van,SYN,vals
vạm_vỡ,vậm_vạp,SYN,vậm_vạp
van_lạy,lạy_van,SYN,"van_lạy,lạy_van"
van_lạy,van_vái,SYN,"van_lạy,van_vái"
van_lơn,van_nài,SYN,van_lơn
van_lơn,van_vỉ,SYN,"van_lơn,van_vỉ"
van_lơn,van_xin,SYN,van_lơn
van_nài,van_vỉ,SYN,van_vỉ
van_vỉ,van_xin,SYN,van_vỉ
vãn_cảnh,vãng_cảnh,SYN,vãng_cảnh
vang_dậy,vang_dội,SYN,vang_dậy
vang_dậy,vang_động,SYN,"vang_dậy,vang_động"
vang_dội,vang_động,SYN,vang_động
vang_dội,vang_lừng,SYN,vang_lừng
vàng_hươm,vàng_hườm,SYN,"vàng_hươm,vàng_hườm"
vàng_ối,vàng_xuộm,SYN,"vàng_ối,vàng_xuộm"
váng,váng_vất,SYN,váng_vất
vành_đai,vòng_đai,SYN,vòng_đai
vảnh,vểnh,SYN,vảnh
vay_mượn,vay_bợ,SYN,vay_bợ
vày,vì,SYN,vày
vày_cầu,vì_cầu,SYN,vày_cầu
váy_xoè,đầm_xoè,SYN,đầm_xoè
văn_hoa,văn_vẻ,SYN,văn_vẻ
văn_học_truyền_khẩu,văn_học_truyền_miệng,SYN,"văn_học_truyền_khẩu,văn_học_truyền_miệng"
văn_tự,văn_khế,SYN,văn_khế
văn_võ,văn_vũ,SYN,văn_vũ
văng_mạng,vong_mạng,SYN,"văng_mạng,vong_mạng"
vắng_tanh,vắng_teo,SYN,vắng_teo
vậm_vạp,đô,SYN,vậm_vạp
vần_vũ,vần_vụ,SYN,vần_vụ
vẩn_vơ,vơ_vẩn,SYN,vơ_vẩn
vấn_vít,xoắn_xuýt,SYN,"vấn_vít,xoắn_xuýt"
vận_chuyển,chuyển_vận,SYN,chuyển_vận
vận_hạn,hạn_vận,SYN,hạn_vận
vận_mạng,vận_mệnh,SYN,vận_mạng
vận_mạng,vận_số,SYN,"vận_mạng,vận_số"
vận_mệnh,vận_số,SYN,vận_số
vất_vưởng,vất_vơ,SYN,vất_vơ
vất_vưởng,vơ_vất,SYN,vơ_vất
vật_lí_cổ_điển,vật_lý_cổ_điển,SYN,"vật_lí_cổ_điển,vật_lý_cổ_điển"
vật_lí_hạt_nhân,vật_lý_hạt_nhân,SYN,vật_lí_hạt_nhân
vật_lí_hiện_đại,vật_lý_hiện_đại,SYN,"vật_lí_hiện_đại,vật_lý_hiện_đại"
vật_lí_học,vật_lý_học,SYN,vật_lí_học
vật_lí_sinh_vật,vật_lý_sinh_vật,SYN,"vật_lí_sinh_vật,vật_lý_sinh_vật"
vật_lí_trị_liệu,vật_lý_trị_liệu,SYN,vật_lí_trị_liệu
vật_phẩm,phẩm_vật,SYN,phẩm_vật
vẩu,vổ,SYN,vổ
vẩy,rẩy,SYN,rẩy
vẽ,vẽ_chuyện,SYN,vẽ_chuyện
vẽ_chuyện,bày_vẽ,SYN,vẽ_chuyện
vẽ_chuyện,vẽ_sự,SYN,"vẽ_chuyện,vẽ_sự"
vẽ_chuyện,vẽ_trò,SYN,"vẽ_chuyện,vẽ_trò"
vẽ_chuyện,vẽ_vời,SYN,vẽ_chuyện
vẽ_vời,vẽ_trò,SYN,vẽ_trò
vẹn_toàn,vẹn_tuyền,SYN,vẹn_tuyền
vẹo,vẹo_vọ,SYN,vẹo_vọ
vẹo,xẹo,SYN,xẹo
vẹo_vọ,xiêu_vẹo,SYN,vẹo_vọ
vệ_quốc_quân,vệ_quốc_đoàn,SYN,"vệ_quốc_quân,vệ_quốc_đoàn"
vênh,vếch,SYN,vếch
vênh,vênh_vác,SYN,vênh_vác
vênh_vác,hợm_hĩnh,SYN,vênh_vác
vênh_vác,vênh_váo,SYN,vênh_vác
vêu,vêu_vao,SYN,"vêu,vêu_vao"
vì,vì_chưng,SYN,vì_chưng
vì_nể,nể_vì,SYN,nể_vì
ví_dầu,ví_dù,SYN,"ví_dầu,ví_dù"
vị_kỉ,vị_kỷ,SYN,vị_kỉ
viễn_cảnh,viễn_tượng,SYN,viễn_tượng
viện_quí_tộc,viện_quý_tộc,SYN,"viện_quí_tộc,viện_quý_tộc"
vịt_cỏ,vịt_đàn,SYN,"vịt_cỏ,vịt_đàn"
võ_đoán,vũ_đoán,SYN,vũ_đoán
võ_khí,vũ_khí,SYN,võ_khí
võ_lực,vũ_lực,SYN,võ_lực
võ_phu,vũ_phu,SYN,võ_phu
võ_vẽ,vọc_vạch,SYN,"võ_vẽ,vọc_vạch"
vóc_dạc,vóc_vạc,SYN,"vóc_dạc,vóc_vạc"
voi_biển,hải_tượng,SYN,"voi_biển,hải_tượng"
vòi_hoa_sen,gương_sen,SYN,gương_sen
vòi_vọi,vời_vợi,SYN,vòi_vọi
vòn_vọt,vùn_vụt,SYN,vòn_vọt
vong_ân,vô_ơn,SYN,vong_ân
vong_ân,bội_ơn,SYN,"vong_ân,bội_ơn"
vòng_đệm,rông_đen,SYN,"vòng_đệm,rông_đen"
vọng_gác,vọng_tiêu,SYN,"vọng_gác,vọng_tiêu"
vô_cùng,vô_ngần,SYN,vô_ngần
vô_hậu,đoản_hậu,SYN,"vô_hậu,đoản_hậu"
vô_kể,vô_thiên_lủng,SYN,vô_thiên_lủng
vô_kì_hạn,vô_kỳ_hạn,SYN,"vô_kì_hạn,vô_kỳ_hạn"
vô_kỉ_luật,vô_kỷ_luật,SYN,vô_kỉ_luật
vô_lễ,vô_phép,SYN,vô_phép
vô_loài,vô_loại,SYN,"vô_loài,vô_loại"
vô_luận,bất_kỳ,SYN,vô_luận
vô_ơn,bội_ơn,SYN,bội_ơn
vô_phúc,vô_phước,SYN,vô_phước
vô_số,vô_thiên_lủng,SYN,vô_thiên_lủng
vô_tâm,vô_tâm_vô_tính,SYN,vô_tâm_vô_tính
vô_thiên_lủng,vô_vàn,SYN,vô_thiên_lủng
vô_thời_hạn,vô_kì_hạn,SYN,vô_kì_hạn
vô_tỉ,vô_tỷ,SYN,"vô_tỉ,vô_tỷ"
vô_tư,vô_tư_lự,SYN,vô_tư_lự
vô_ý,vô_ý_vô_tứ,SYN,vô_ý_vô_tứ
vồ_vập,vồn_vập,SYN,vồn_vập
vôi_chín,vôi_tôi,SYN,"vôi_chín,vôi_tôi"
vơ_váo,vơ_vét,SYN,vơ_váo
vờ,vờ_vĩnh,SYN,vờ_vĩnh
vờ,vờ_vịt,SYN,vờ_vịt
vờ_vĩnh,vờ_vẫn,SYN,"vờ_vĩnh,vờ_vẫn"
vờ_vĩnh,vờ_vịt,SYN,"vờ_vĩnh,vờ_vịt"
vỡ,vỡ_vạc,SYN,vỡ_vạc
vỡ_giọng,vỡ_tiếng,SYN,"vỡ_giọng,vỡ_tiếng"
vỡ_hoang,khai_hoang,SYN,vỡ_hoang
vỡ_lẽ,vỡ_vạc,SYN,vỡ_vạc
với_lại,mấy_lại,SYN,mấy_lại
vu_oan,vu_vạ,SYN,vu_vạ
vu_vạ,vu_oan_giá_hoạ,SYN,"vu_vạ,vu_oan_giá_hoạ"
vũ_khí_sinh_học,vũ_khí_vi_trùng,SYN,vũ_khí_vi_trùng
vùi_dập,dập_vùi,SYN,dập_vùi
vun_quén,vun_vén,SYN,vun_quén
vung_vãi,vung_vít,SYN,vung_vít
vung_vảy,vung_vẩy,SYN,vung_vảy
vững_dạ,vững_bụng,SYN,"vững_dạ,vững_bụng"
vững_dạ,vững_lòng,SYN,vững_dạ
vững_dạ,vững_tâm,SYN,vững_dạ
vững_tâm,vững_bụng,SYN,vững_bụng
xa_tắp,xa_tít,SYN,xa_tắp
xa_xôi,xa_ngái,SYN,xa_ngái
xà_beng,choòng,SYN,choòng
xà_cột,xắc_cốt,SYN,"xà_cột,xắc_cốt"
xác_minh,minh_xác,SYN,minh_xác
xác_vờ,xác_như_vờ,SYN,"xác_vờ,xác_như_vờ"
xách_mé,xếch_mé,SYN,"xách_mé,xếch_mé"
xám_ngắt,xám_ngoét,SYN,xám_ngắt
xanh_lướt,xanh_mét,SYN,"xanh_lướt,xanh_mét"
xanh_lướt,xanh_rớt,SYN,"xanh_lướt,xanh_rớt"
xanh_lướt,xanh_xao,SYN,xanh_lướt
xanh_mét,xanh_rớt,SYN,"xanh_mét,xanh_rớt"
xanh_mét,xanh_xao,SYN,xanh_mét
xanh_rớt,xanh_xao,SYN,xanh_rớt
xanh_um,xanh_om,SYN,xanh_om
xao_xác,tao_tác,SYN,"xao_xác,tao_tác"
xào_xạc,xạc_xào,SYN,xạc_xào
xăm_xăm,xăm_xắm,SYN,"xăm_xăm,xăm_xắm"
xăm_xắp,xâm_xấp,SYN,xăm_xắp
xăn,xắn,SYN,xăn
xấc,xấc_xược,SYN,xấc
xấc,xược,SYN,"xấc,xược"
xấc_láo,cà_xốc,SYN,"xấc_láo,cà_xốc"
xe,xe_pháo,SYN,xe_pháo
xe_cộ,xe_pháo,SYN,xe_pháo
xe_gíp,xe_jeep,SYN,xe_gíp
xe_khách,ô_tô_ca,SYN,ô_tô_ca
xe_lăn_đường,xe_lu,SYN,xe_lăn_đường
xe-non,xenon,SYN,xe-non
xe_quệt,cộ,SYN,xe_quệt
xem_chừng,ý_chừng,SYN,ý_chừng
xem_mặt,coi_mắt,SYN,coi_mắt
xẻo,thẻo,SYN,thẻo
xẹp_lép,xép_xẹp,SYN,xép_xẹp
xê_dịch,di_dịch,SYN,di_dịch
xệch,xệch_xạc,SYN,"xệch,xệch_xạc"
xệch_xạc,xuệch_xoạc,SYN,"xệch_xạc,xuệch_xoạc"
xềnh_xoàng,xuềnh_xòng,SYN,"xềnh_xoàng,xuềnh_xòng"
xếp_dọn,thu_dọn,SYN,xếp_dọn
xi,khằng,SYN,khằng
xì,xuỳ,SYN,xuỳ
xí_xoá,xuý_xoá,SYN,"xí_xoá,xuý_xoá"
xị,xịu,SYN,xịu
xỉa,xía,SYN,xía
xích_đu,ghế_chao,SYN,ghế_chao
xích_mích,chếch_mếch,SYN,chếch_mếch
xiên_xẹo,thiên_thẹo,SYN,"xiên_xẹo,thiên_thẹo"
xiềng_xích,xích_xiềng,SYN,xích_xiềng
xiết_bao,biết_bao,SYN,xiết_bao
xinh,xinh_xẻo,SYN,xinh_xẻo
xinh_xắn,xinh_xẻo,SYN,xinh_xẻo
xỏ_xiên,xiên_xỏ,SYN,xiên_xỏ
xoan,sầu_đâu,SYN,sầu_đâu
xoan,sầu_đông,SYN,sầu_đông
xoay_trở,xoay_xoả,SYN,xoay_xoả
xoay_vần,chuyển_vần,SYN,chuyển_vần
xoay_vần,vần_xoay,SYN,vần_xoay
xoay_xoả,xoay_xở,SYN,xoay_xoả
xoắn,xoắn_xuýt,SYN,xoắn_xuýt
xoắn_khuẩn,xoắn_trùng,SYN,xoắn_trùng
xóc_xách,xọc_xạch,SYN,"xóc_xách,xọc_xạch"
xoẹt,xoét,SYN,xoét
xoi_mói,xói_móc,SYN,xói_móc
xong_đời,rồi_đời,SYN,"xong_đời,rồi_đời"
xô,đẩn,SYN,đẩn
xộc,xồng_xộc,SYN,xồng_xộc
xộc_xệch,lộc_xộc,SYN,lộc_xộc
xôi_xéo,xôi_lúa,SYN,"xôi_xéo,xôi_lúa"
xôn_xao,xôn_xang,SYN,xôn_xang
xốn_xang,xôn_xang,SYN,xôn_xang
xông_xáo,xốc_xáo,SYN,xốc_xáo
xơ_xác,xờ_xạc,SYN,xờ_xạc
xới_xáo,xáo_xới,SYN,"xới_xáo,xáo_xới"
xuất_khẩu,xuất_biên,SYN,xuất_biên
xúc_xiểm,xui_xiểm,SYN,"xúc_xiểm,xui_xiểm"
xuềnh_xoàng,xềnh_xoàng,SYN,"xuềnh_xoàng,xềnh_xoàng"
xui_xẻo,xúi_quẩy,SYN,xúi_quẩy
xúi_bẩy,xui_bẩy,SYN,"xúi_bẩy,xui_bẩy"
xúi_bẩy,xui_giục,SYN,"xúi_bẩy,xui_giục"
xúi_bẩy,xúi_giục,SYN,xúi_bẩy
xúi_giục,xui_bẩy,SYN,xui_bẩy
xúi_giục,xui_giục,SYN,xui_giục
xúi_quẩy,xui,SYN,xúi_quẩy
xủng_xoảng,xủng_xẻng,SYN,"xủng_xoảng,xủng_xẻng"
xừ,xự,SYN,"xừ,xự"
xử_lí_từ_xa,xử_lý_từ_xa,SYN,"xử_lí_từ_xa,xử_lý_từ_xa"
xử_lí_văn_bản,xử_lý_văn_bản,SYN,xử_lí_văn_bản
xử_tử,xử_quyết,SYN,xử_quyết
xược,xấc_xược,SYN,xược
xương_đòn,xương_quai_xanh,SYN,xương_quai_xanh
xương_xẩu,xương_xóc,SYN,xương_xóc
y,nghỉ,SYN,y
y,y_hệt,SYN,y
y,y_nguyên,SYN,y
y_hệt,y_sì,SYN,y_sì
y_lí,y_lý,SYN,"y_lí,y_lý"
yểm_hộ,yểm_trợ,SYN,yểm_hộ
yếm_khí,kỵ_thí,SYN,kỵ_thí
yên_ắng,êm_ắng,SYN,êm_ắng
yên_giấc,an_giấc,SYN,an_giấc
yến_anh,yến_oanh,SYN,"yến_anh,yến_oanh"
yểng,nhồng,SYN,"yểng,nhồng"
ám_muội,minh_bạch,ANT,ám_muội
ăn_khách,ế,ANT,ế
bạc_đãi,trọng_đãi,ANT,trọng_đãi
bạc_mầu,màu_mỡ,ANT,bạc_mầu
bãi_nhiệm,bổ_dụng,ANT,bổ_dụng
báo_ân,báo_oán,ANT,báo_oán
bần_tiện,hào_phóng,ANT,bần_tiện
báo_đáp,báo_oán,ANT,báo_oán
báo_oán,báo_ơn,ANT,"báo_oán,báo_ơn"
báo_ơn,báo_thù,ANT,báo_ơn
báo_ơn,trả_thù,ANT,báo_ơn
bận_bịu,thư_nhàn,ANT,thư_nhàn
bận_rộn,thư_nhàn,ANT,thư_nhàn
bất_nghĩa,có_nghĩa,ANT,bất_nghĩa
biếng_nhác,chăm_chỉ,ANT,biếng_nhác
biếng_nhác,siêng_năng,ANT,biếng_nhác
biết_ơn,bội_ơn,ANT,bội_ơn
biệt_li,đoàn_tụ,ANT,biệt_li
biệt_li,sum_họp,ANT,biệt_li
biệt_ly,đoàn_tụ,ANT,biệt_ly
biệt_ly,sum_họp,ANT,biệt_ly
bổ_dụng,miễn_nhiệm,ANT,bổ_dụng
bổ_nhậm,bãi_nhiệm,ANT,bổ_nhậm
bổ_nhậm,miễn_nhiệm,ANT,bổ_nhậm
bội_nghĩa,biết_ơn,ANT,bội_nghĩa
bội_nghĩa,hàm_ân,ANT,"bội_nghĩa,hàm_ân"
bội_nghĩa,hàm_ơn,ANT,"bội_nghĩa,hàm_ơn"
bộp_chộp,chín_chắn,ANT,bộp_chộp
bụ,gầy,ANT,bụ
bụ,ngẳng,ANT,"bụ,ngẳng"
cao_kều,lùn_tè,ANT,lùn_tè
cao_kều,lùn_tịt,ANT,lùn_tịt
cẩn_thận,ẩu_tả,ANT,ẩu_tả
chắc,kẹ,ANT,kẹ
chắc,óp,ANT,óp
chắc_dạ,lo_lắng,ANT,chắc_dạ
chăm_chỉ,chây_lười,ANT,chây_lười
chây_lười,siêng_năng,ANT,chây_lười
cõi_dương,cõi_âm,ANT,cõi_dương
cõi_tục,cõi_âm,ANT,cõi_tục
chia_li,đoàn_tụ,ANT,chia_li
chia_li,sum_họp,ANT,chia_li
chia_phôi,đoàn_tụ,ANT,chia_phôi
chia_phôi,sum_họp,ANT,chia_phôi
chung_tình,bội_tình,ANT,bội_tình
dài_thườn_thượt,ngắn_ngủn,ANT,dài_thườn_thượt
dài_thượt,ngắn_ngủn,ANT,dài_thượt
dày_cồm_cộp,mỏng_dính,ANT,dày_cồm_cộp
dày_cồm_cộp,mỏng_rớt,ANT,"dày_cồm_cộp,mỏng_rớt"
dày_cồm_cộp,mỏng_tang,ANT,dày_cồm_cộp
dày_cồm_cộp,mỏng_tanh,ANT,"dày_cồm_cộp,mỏng_tanh"
dày_cộp,mỏng_rớt,ANT,mỏng_rớt
dày_cộp,mỏng_tanh,ANT,mỏng_tanh
dầy_cồm_cộp,mỏng_dính,ANT,dầy_cồm_cộp
dầy_cồm_cộp,mỏng_rớt,ANT,"dầy_cồm_cộp,mỏng_rớt"
dầy_cồm_cộp,mỏng_tang,ANT,dầy_cồm_cộp
dầy_cồm_cộp,mỏng_tanh,ANT,"dầy_cồm_cộp,mỏng_tanh"
dầy_cộp,mỏng_dính,ANT,dầy_cộp
dầy_cộp,mỏng_rớt,ANT,"dầy_cộp,mỏng_rớt"
dầy_cộp,mỏng_tang,ANT,dầy_cộp
dầy_cộp,mỏng_tanh,ANT,"dầy_cộp,mỏng_tanh"
dễ_tính,khó_tính_khó_nết,ANT,khó_tính_khó_nết
dơ_dáy,sạch,ANT,dơ_dáy
dơ_dáy,sạch_sẽ,ANT,dơ_dáy
dút_dát,bạo_dạn,ANT,dút_dát
dương_gian,âm_phủ,ANT,dương_gian
dương_gian,cõi_âm,ANT,dương_gian
đắt,ế,ANT,ế
đoàn_tụ,li_tán,ANT,li_tán
đông_đúc,quạnh_vắng,ANT,quạnh_vắng
già_câng,non_choẹt,ANT,già_câng
giải_vây,phong_bế,ANT,phong_bế
gian_giảo,thật_thà,ANT,gian_giảo
giáng_hạ,thăng_thiên,ANT,giáng_hạ
giảo_hoạt,thật_thà,ANT,giảo_hoạt
giảo_quyệt,thật_thà,ANT,giảo_quyệt
giầu_sang,nghèo_hèn,ANT,giầu_sang
hà_tiện,hoang_toàng,ANT,hoang_toàng
hạ_đẳng,thượng_đẳng,ANT,hạ_đẳng
hải_quan,sửa_lỗi_chính_tả_ở_ĐN,ANT,sửa_lỗi_chính_tả_ở_ĐN
hôi_rình,thơm_tho,ANT,hôi_rình
hoang_toàng,tằn_tiện,ANT,hoang_toàng
hướng_tâm,li_tâm,ANT,li_tâm
hữu_sinh,vô_sinh,ANT,hữu_sinh
ỉu,giòn,ANT,ỉu
kẹ,mẩy,ANT,kẹ
khấp_khểnh,bằng_phẳng,ANT,khấp_khểnh
khinh_nhờn,kính_nể,ANT,khinh_nhờn
khinh_nhờn,kính_trọng,ANT,khinh_nhờn
lạt_lẽo,mặn_mà,ANT,lạt_lẽo
lạt_lẽo,mặn_mòi,ANT,lạt_lẽo
láu_táu,chín_chắn,ANT,láu_táu
lần_chần,dứt_khoát,ANT,lần_chần
lần_khần,dứt_khoát,ANT,lần_khần
li_biệt,đoàn_tụ,ANT,li_biệt
li_biệt,sum_họp,ANT,li_biệt
lương_thiện,vô_lương,ANT,vô_lương
man_trá,thật_thà,ANT,man_trá
mát_tính,nóng_tính,ANT,mát_tính
mập,ngẳng,ANT,ngẳng
mẩy,óp,ANT,óp
muộn_màng,sớm_sủa,ANT,sớm_sủa
náu,hiện,ANT,náu
nặng_kí,nhẹ_kí,ANT,nhẹ_kí
nặng_ký,nhẹ_kí,ANT,nhẹ_kí
nặng_trịch,nhẹ_bỗng,ANT,nhẹ_bỗng
ngay_ngắn,xiên_xẹo,ANT,xiên_xẹo
ngu_đần,thông_minh,ANT,ngu_đần
nhạt_phèo,mặn_mà,ANT,nhạt_phèo
nhạt_phèo,mặn_mòi,ANT,nhạt_phèo
non_choẹt,già_cấc,ANT,già_cấc
nóng_nảy,mát_tính,ANT,mát_tính
nóng_nẩy,mát_tính,ANT,"nóng_nẩy,mát_tính"
nờm_nợp,vắng_ngắt,ANT,nờm_nợp
phân_li,đoàn_tụ,ANT,phân_li
phân_li,sum_họp,ANT,phân_li
phi_lí,hữu_lí,ANT,hữu_lí
phi_lý,hữu_lí,ANT,hữu_lí
phúc_đức,ác_đức,ANT,ác_đức
quỉ_quyệt,thật_thà,ANT,quỉ_quyệt
rộn_rịch,vắng_ngắt,ANT,rộn_rịch
rút_rát,bạo_dạn,ANT,rút_rát
sang_giàu,nghèo_hèn,ANT,sang_giàu
tối_dạ,sáng_dạ,ANT,tối_dạ
sờn_lòng,kiên_định,ANT,sờn_lòng
thơ_thới,lo_âu,ANT,thơ_thới
thơ_thới,ưu_tư,ANT,thơ_thới
thiệt_thà,gian_giảo,ANT,"thiệt_thà,gian_giảo"
thoái_chí,kiên_định,ANT,thoái_chí
thối_chí,kiên_định,ANT,thối_chí
thông_minh,tối_dạ,ANT,tối_dạ
thủ_cựu,tân_tiến,ANT,thủ_cựu
thực_thà,gian_giảo,ANT,"thực_thà,gian_giảo"
thường_kì,bất_thường,ANT,thường_kì
tốt_bụng,xấu_bụng,ANT,xấu_bụng
tợn,hiền,ANT,tợn
tợn,thiện,ANT,tợn
trù_trừ,dứt_khoát,ANT,trù_trừ
vắng_teo,nhộn_nhịp,ANT,vắng_teo
vắng_teo,tấp_nập,ANT,vắng_teo
vị_kỉ,vị_tha,ANT,vị_kỉ
vong_ân,hàm_ân,ANT,"vong_ân,hàm_ân"
vong_ân,hàm_ơn,ANT,"vong_ân,hàm_ơn"
vô_lí,hữu_lí,ANT,hữu_lí
vô_lý,hữu_lí,ANT,hữu_lí
xúi_quẩy,may_mắn,ANT,xúi_quẩy
cha,u,ANT,u
khởi_thuỷ,cuối_cùng,ANT,khởi_thuỷ
thầy,u,ANT,u
xuân_phân,thu_phân,ANT,"xuân_phân,thu_phân"
thiên_quốc,địa_ngục,ANT,thiên_quốc
phụ_thân,má,ANT,phụ_thân
quá_khứ,vị_lai,ANT,vị_lai
ông_già,u,ANT,u
thiên_quốc,hoả_ngục,ANT,"thiên_quốc,hoả_ngục"
ba,u,ANT,u
thiên_đàng,hoả_ngục,ANT,hoả_ngục
thiên_đường,hoả_ngục,ANT,hoả_ngục
nền,figure,ANT,figure
danh_giá,ô_danh,ANT,ô_danh
danh_dự,ô_danh,ANT,ô_danh
phụ_thân,me,ANT,phụ_thân
phụ_thân,mợ,ANT,phụ_thân
tay_hữu,tay_trái,ANT,tay_hữu
thiện_tâm,ác_tâm,ANT,ác_tâm
phụ_thân,u,ANT,"phụ_thân,u"
phụ_thân,bầm,ANT,phụ_thân
tía,u,ANT,u
khởi_thuỷ,chấm_hết,ANT,khởi_thuỷ
bố,u,ANT,u
phụ_thân,mẹ,ANT,phụ_thân
giữa,khởi_thuỷ,ANT,khởi_thuỷ
dĩ_vãng,vị_lai,ANT,vị_lai
khởi_thuỷ,kết_thúc,ANT,khởi_thuỷ
phung_phí,sẻn,ANT,sẻn
